rank,sequence_encoded,sequence_decoded,length,g_value,significant,direction
1,0-1,1 2,2,0.0001,True,control>lesion
2,3-8-7-8-9,4 3* 2* 3* 4*,5,0.0001,True,control>lesion
3,8-1-8-1,3* 2 3* 2,4,0.0001,True,lesion>control
4,8-3-8-7-8-9,3* 4 3* 2* 3* 4*,6,0.0001,True,control>lesion
5,0-1-8,1 2 3*,3,0.0001,True,control>lesion
6,8-1-8-1-8,3* 2 3* 2 3*,5,0.0001,True,lesion>control
7,7-3,2* 4,2,0.0001,True,lesion>control
8,8-7-3,3* 2* 4,3,0.0001,True,lesion>control
9,7-3-8,2* 4 3*,3,0.0001,True,lesion>control
10,8-7-3-8,3* 2* 4 3*,4,0.0001,True,lesion>control
11,1-8-1-8-1,2 3* 2 3* 2,5,0.0001,True,lesion>control
12,0-1-8-9-8,1 2 3* 4* 3*,5,0.0001,True,control>lesion
13,8-1-8-1-8-1,3* 2 3* 2 3* 2,6,0.0001,True,lesion>control
14,1-8-1-8-1-8,2 3* 2 3* 2 3*,6,0.0001,True,lesion>control
15,3-8-7-3-8,4 3* 2* 4 3*,5,0.0001,True,lesion>control
16,7-0-1-8-9-8,2* 1 2 3* 4* 3*,6,0.0001,True,control>lesion
17,7-8-9-4,2* 3* 4* 5,4,0.0001,True,control>lesion
18,8-7-8-9-4,3* 2* 3* 4* 5,5,0.0001,True,control>lesion
19,9-4-3,4* 5 4,3,0.0001,True,control>lesion
20,8-9-4-3,3* 4* 5 4,4,0.0001,True,control>lesion
21,4-3-8-7-8,5 4 3* 2* 3*,5,0.0001,True,control>lesion
22,9-4-3-8,4* 5 4 3*,4,0.0001,True,control>lesion
23,8-9-4-3-8,3* 4* 5 4 3*,5,0.0001,True,control>lesion
24,8-1-0-1,3* 2 1 2,4,0.0001,True,control>lesion
25,9-4-3-8-7,4* 5 4 3* 2*,5,0.0001,True,control>lesion
26,8-9-4-3-8-7,3* 4* 5 4 3* 2*,6,0.0001,True,control>lesion
27,7-3-8-7-8,2* 4 3* 2* 3*,5,0.0001,True,lesion>control
28,8-7-3-8-7-8,3* 2* 4 3* 2* 3*,6,0.0001,True,lesion>control
29,4-3-8-7-8-9,5 4 3* 2* 3* 4*,6,0.0001,True,control>lesion
30,0-1-8-9-8-3,1 2 3* 4* 3* 4,6,0.0001,True,control>lesion
31,9-8-7-3-8,4* 3* 2* 4 3*,5,0.0001,True,lesion>control
32,7-8-9-4-3,2* 3* 4* 5 4,5,0.0001,True,control>lesion
33,8-7-8-9-4-3,3* 2* 3* 4* 5 4,6,0.0001,True,control>lesion
34,9-4-3-8-7-8,4* 5 4 3* 2* 3*,6,0.0001,True,control>lesion
35,7-8-9-4-3-8,2* 3* 4* 5 4 3*,6,0.0001,True,control>lesion
36,7-3-8-3,2* 4 3* 4,4,0.0001,True,lesion>control
37,8-7-3-8-3,3* 2* 4 3* 4,5,0.0001,True,lesion>control
38,3-8-7-8-9-4,4 3* 2* 3* 4* 5,6,0.0001,True,control>lesion
39,8-3-8-7-3,3* 4 3* 2* 4,5,0.0001,True,lesion>control
40,7-3-8-3-8,2* 4 3* 4 3*,5,0.0001,True,lesion>control
41,8-7-3-8-3-8,3* 2* 4 3* 4 3*,6,0.0001,True,lesion>control
42,7-8-1-0-1,2* 3* 2 1 2,5,0.0001,True,control>lesion
43,8-7-8-1-0-1,3* 2* 3* 2 1 2,6,0.0001,True,control>lesion
44,8-3-8-7-3-8,3* 4 3* 2* 4 3*,6,0.0001,True,lesion>control
45,8-4-8,3* 5 3*,3,0.0001,True,lesion>control
46,7-8-1-0-1-8,2* 3* 2 1 2 3*,6,0.0001,True,control>lesion
47,8-7-4,3* 2* 5,3,0.0001,True,lesion>control
48,9-5-4,4* 6 5,3,0.0001,True,control>lesion
49,8-9-5-4,3* 4* 6 5,4,0.0001,True,control>lesion
50,1-8-9-8-3-4,2 3* 4* 3* 4 5,6,0.0001,True,control>lesion
51,3-8-7-4,4 3* 2* 5,4,0.0001,True,lesion>control
52,9-8-3-8-7-8,4* 3* 4 3* 2* 3*,6,0.0002,True,control>lesion
53,3-8-7-3,4 3* 2* 4,4,0.0002,True,lesion>control
54,7-3-8-7,2* 4 3* 2*,4,0.0002,True,lesion>control
55,8-7-3-8-7,3* 2* 4 3* 2*,5,0.0002,True,lesion>control
56,8-9-8-7-3-8,3* 4* 3* 2* 4 3*,6,0.0002,True,lesion>control
57,7-4,2* 5,2,0.0002,True,lesion>control
58,4-3-8-0-1,5 4 3* 1 2,5,0.0002,True,control>lesion
59,4-3,5 4,2,0.0005,True,control>lesion
60,0-1-8-9,1 2 3* 4*,4,0.0005,True,control>lesion
61,3-8-3-8-7-3,4 3* 4 3* 2* 4,6,0.0005,True,lesion>control
62,3-8-4,4 3* 5,3,0.0005,True,lesion>control
63,8-4-8-1,3* 5 3* 2,4,0.0005,True,lesion>control
64,3-8-7-8-9-8,4 3* 2* 3* 4* 3*,6,0.0006,True,control>lesion
65,9-8-3-4,4* 3* 4 5,4,0.0008,True,control>lesion
66,8-9-8-3-4,3* 4* 3* 4 5,5,0.0008,True,control>lesion
67,5-4-3-8-7-8,6 5 4 3* 2* 3*,6,0.0008,True,control>lesion
68,9-5-4-3,4* 6 5 4,4,0.001,True,control>lesion
69,8-9-5-4-3,3* 4* 6 5 4,5,0.001,True,control>lesion
70,8-7-0-1-8,3* 2* 1 2 3*,5,0.0011,True,control>lesion
71,1-3-8-7-3-8,2 4 3* 2* 4 3*,6,0.0011,True,lesion>control
72,7-0-1-8,2* 1 2 3*,4,0.0014,True,control>lesion
73,1-3-8-7,2 4 3* 2*,4,0.0014,True,lesion>control
74,8-1-3-8-7,3* 2 4 3* 2*,5,0.0014,True,lesion>control
75,9-8-7-3,4* 3* 2* 4,4,0.0014,True,lesion>control
76,1-3-8-7-8,2 4 3* 2* 3*,5,0.0014,True,lesion>control
77,1-3-8,2 4 3*,3,0.0015,True,lesion>control
78,3-8-7-3-8-7,4 3* 2* 4 3* 2*,6,0.0015,True,lesion>control
79,8-3-8-7-8,3* 4 3* 2* 3*,5,0.0016,True,control>lesion
80,8-9-8-7-3,3* 4* 3* 2* 4,5,0.0018,True,lesion>control
81,9-8-7-3-8-7,4* 3* 2* 4 3* 2*,6,0.0018,True,lesion>control
82,5-4-3-8-0-1,6 5 4 3* 1 2,6,0.0018,True,control>lesion
83,1-8-1-8,2 3* 2 3*,4,0.0019,True,lesion>control
84,8-7-0-1,3* 2* 1 2,4,0.0019,True,control>lesion
85,3-8-7-3-8-3,4 3* 2* 4 3* 4,6,0.0019,True,lesion>control
86,7-8-1-8-1-0,2* 3* 2 3* 2 1,6,0.0019,True,control>lesion
87,8-7-8,3* 2* 3*,3,0.002,True,control>lesion
88,9,4*,1,0.0022,True,control>lesion
89,7-8,2* 3*,2,0.0022,True,control>lesion
90,7-0-1,2* 1 2,3,0.0022,True,control>lesion
91,8-1-3-8-7-8,3* 2 4 3* 2* 3*,6,0.0022,True,lesion>control
92,2-1-0,3 2 1,3,0.0022,True,lesion>control
93,9-4,4* 5,2,0.0025,True,control>lesion
94,8-9-4,3* 4* 5,3,0.0025,True,control>lesion
95,1-3-8-7-3,2 4 3* 2* 4,5,0.0025,True,lesion>control
96,3-0-3,4 1 4,3,0.0025,True,lesion>control
97,8-9,3* 4*,2,0.0026,True,control>lesion
98,8-1-3-8,3* 2 4 3*,4,0.0026,True,lesion>control
99,0-4,1 5,2,0.0026,True,lesion>control
100,7-5-8-1,2* 6 3* 2,4,0.0026,True,lesion>control
101,8-1-8-1-8-4,3* 2 3* 2 3* 5,6,0.0026,True,lesion>control
102,8-0-1-8-9-4,3* 1 2 3* 4* 5,6,0.0027,True,control>lesion
103,7-8-4-8,2* 3* 5 3*,4,0.0027,True,lesion>control
104,0-8-1-8-1,1 3* 2 3* 2,5,0.003,True,lesion>control
105,4-3-8-7,5 4 3* 2*,4,0.0034,True,control>lesion
106,9-8-3-4-3-8,4* 3* 4 5 4 3*,6,0.0034,True,control>lesion
107,0-8-3-2,1 3* 4 3,4,0.0034,True,lesion>control
108,1-8-1-3-8-7,2 3* 2 4 3* 2*,6,0.0035,True,lesion>control
109,8-7-5-8-1,3* 2* 6 3* 2,5,0.0037,True,lesion>control
110,8-1,3* 2,2,0.004,True,lesion>control
111,1-0-1,2 1 2,3,0.004,True,control>lesion
112,3-8-7-8,4 3* 2* 3*,4,0.0048,True,control>lesion
113,4-3-8-0-1-8,5 4 3* 1 2 3*,6,0.005399,True,control>lesion
114,4-5-4-3-8-0,5 6 5 4 3* 1,6,0.005399,True,control>lesion
115,5-4-5-3-8,6 5 6 4 3*,5,0.006599,True,control>lesion
116,1-8-1,2 3* 2,3,0.006899,True,lesion>control
117,4-3-8,5 4 3*,3,0.006999,True,control>lesion
118,7-4-8,2* 5 3*,3,0.007299,True,lesion>control
119,5-3-0-1,6 4 1 2,4,0.007299,True,control>lesion
120,0-8-1-8,1 3* 2 3*,4,0.007499,True,lesion>control
121,5-8-1,6 3* 2,3,0.007999,True,lesion>control
122,7-3-8-7-3,2* 4 3* 2* 4,5,0.008399,True,lesion>control
123,9-8-3-8-7,4* 3* 4 3* 2*,5,0.008699,True,control>lesion
124,8-9-8-3-8-7,3* 4* 3* 4 3* 2*,6,0.008699,True,control>lesion
125,8-7-0-1-8-9,3* 2* 1 2 3* 4*,6,0.008699,True,control>lesion
126,7-3-8-3-8-7,2* 4 3* 4 3* 2*,6,0.008699,True,lesion>control
127,8-7-8-9-8-3,3* 2* 3* 4* 3* 4,6,0.009199,True,control>lesion
128,7-0-1-8-9,2* 1 2 3* 4*,5,0.009699,True,control>lesion
129,8-7-4-8,3* 2* 5 3*,4,0.009699,True,lesion>control
130,8-7-3-8-7-3,3* 2* 4 3* 2* 4,6,0.009999,True,lesion>control
131,8-1-3-5,3* 2 4 6,4,0.009999,True,control>lesion
132,0-3,1 4,2,0.010599,True,lesion>control
133,7-8-4-8-1,2* 3* 5 3* 2,5,0.011399,True,lesion>control
134,7-8-9,2* 3* 4*,3,0.012099,True,control>lesion
135,8-1-0-1-8,3* 2 1 2 3*,5,0.012099,True,control>lesion
136,7-3-8-7-3-8,2* 4 3* 2* 4 3*,6,0.012899,True,lesion>control
137,7-8-9-4-5-4,2* 3* 4* 5 6 5,6,0.013099,True,control>lesion
138,0-3-8-3,1 4 3* 4,4,0.013399,True,lesion>control
139,7-8-9-8-3,2* 3* 4* 3* 4,5,0.013499,True,control>lesion
140,8-7-8-9,3* 2* 3* 4*,4,0.014099,True,control>lesion
141,1-0-1-5-4,2 1 2 6 5,5,0.014099,True,control>lesion
142,1-3-5,2 4 6,3,0.014399,True,control>lesion
143,8-7-8-4-8,3* 2* 3* 5 3*,5,0.014399,True,lesion>control
144,8-3-2-3,3* 4 3 4,4,0.015498,True,lesion>control
145,3-8-7-5-8,4 3* 2* 6 3*,5,0.016598,True,lesion>control
146,9-8,4* 3*,2,0.017098,True,control>lesion
147,1-0-1-8,2 1 2 3*,4,0.017098,True,control>lesion
148,8-7-8-1-0,3* 2* 3* 2 1,5,0.017098,True,control>lesion
149,8-1-0-1-8-9,3* 2 1 2 3* 4*,6,0.017098,True,control>lesion
150,8-7-5-8,3* 2* 6 3*,4,0.017598,True,lesion>control
151,8-1-3-8-7-3,3* 2 4 3* 2* 4,6,0.017998,True,lesion>control
152,1-0-1-3-5,2 1 2 4 6,5,0.018698,True,control>lesion
153,1-0-3-8-1,2 1 4 3* 2,5,0.023198,True,lesion>control
154,1-8-1-8-4-8,2 3* 2 3* 5 3*,6,0.023198,True,lesion>control
155,7-8-9-4-5,2* 3* 4* 5 6,5,0.024598,True,control>lesion
156,5-4-8-3-8-7,6 5 3* 4 3* 2*,6,0.025297,True,control>lesion
157,0-3-0,1 4 1,3,0.026297,True,lesion>control
158,7-8-9-5-4,2* 3* 4* 6 5,5,0.026697,True,control>lesion
159,8-7-8-9-5-4,3* 2* 3* 4* 6 5,6,0.026697,True,control>lesion
160,5-8-1-0,6 3* 2 1,4,0.027197,True,lesion>control
161,5-4-3,6 5 4,3,0.027397,True,control>lesion
162,7-5-8,2* 6 3*,3,0.028597,True,lesion>control
163,4-3-1-8,5 4 2 3*,4,0.034297,True,control>lesion
164,0-1-5-4-8,1 2 6 5 3*,5,0.038696,True,control>lesion
165,4-5-4-8-0-1,5 6 5 3* 1 2,6,0.038696,True,control>lesion
166,9-8-3-4-3,4* 3* 4 5 4,5,0.040096,True,control>lesion
167,8-9-8-3-4-3,3* 4* 3* 4 5 4,6,0.040096,True,control>lesion
168,7-4-3,2* 5 4,3,0.041696,True,lesion>control
169,5-8-4-8,6 3* 5 3*,4,0.041696,True,lesion>control
170,8-7-4-3,3* 2* 5 4,4,0.041696,True,lesion>control
171,8-9-8,3* 4* 3*,3,0.043396,True,control>lesion
172,2-3,3 4,2,0.043496,True,lesion>control
173,8-1-8-1-3-8,3* 2 3* 2 4 3*,6,0.043596,True,lesion>control
174,8-1-3,3* 2 4,3,0.043796,True,lesion>control
175,3-8-1-0-3,4 3* 2 1 4,5,0.044296,True,lesion>control
176,8-4-8-7-0,3* 5 3* 2* 1,5,0.044296,True,lesion>control
177,0-3-8-1,1 4 3* 2,4,0.044596,True,lesion>control
178,8-4,3* 5,2,0.051595,True,lesion>control
179,7-3-8-7-8-9,2* 4 3* 2* 3* 4*,6,0.052295,True,lesion>control
180,4-3-8-7-0-1,5 4 3* 2* 1 2,6,0.052395,True,control>lesion
181,3-5-4-3,4 6 5 4,4,0.052595,True,control>lesion
182,0-3-8-7-3-8,1 4 3* 2* 4 3*,6,0.054895,True,lesion>control
183,7-8-9-8-3-8,2* 3* 4* 3* 4 3*,6,0.055294,True,control>lesion
184,3-8-3-1-8-9,4 3* 4 2 3* 4*,6,0.059794,True,lesion>control
185,8-0-4,3* 1 5,3,0.060894,True,lesion>control
186,5-8-1-8-1-8,6 3* 2 3* 2 3*,6,0.060894,True,lesion>control
187,1-8-9-4-3,2 3* 4* 5 4,5,0.061594,True,control>lesion
188,0-1-8-5,1 2 3* 6,4,0.061994,True,control>lesion
189,0-8-9-5,1 3* 4* 6,4,0.061994,True,control>lesion
190,0-4-8,1 5 3*,3,0.062294,True,lesion>control
191,8-7-8-9-4-5,3* 2* 3* 4* 5 6,6,0.063094,True,control>lesion
192,2-1-0-5,3 2 1 6,4,0.065693,True,lesion>control
193,7-8-4-8-1-8,2* 3* 5 3* 2 3*,6,0.065993,True,lesion>control
194,8-7-8-4-8-1,3* 2* 3* 5 3* 2,6,0.065993,True,lesion>control
195,4-8-3-8-7-8,5 3* 4 3* 2* 3*,6,0.066293,True,control>lesion
196,3-8-1,4 3* 2,3,0.066393,True,lesion>control
197,5-3-8-3-8,6 4 3* 4 3*,5,0.066393,True,control>lesion
198,3-8-7-5-8-1,4 3* 2* 6 3* 2,6,0.067393,True,lesion>control
199,7-8-9-8,2* 3* 4* 3*,4,0.069293,True,control>lesion
200,0-4-8-1,1 5 3* 2,4,0.069293,True,lesion>control
201,9-5-4-3-8,4* 6 5 4 3*,5,0.069893,True,control>lesion
202,8-9-5-4-3-8,3* 4* 6 5 4 3*,6,0.069893,True,control>lesion
203,8-1-0-4,3* 2 1 5,4,0.069893,True,lesion>control
204,8-7-8-9-8,3* 2* 3* 4* 3*,5,0.071293,True,control>lesion
205,0-1-8-9-8-7,1 2 3* 4* 3* 2*,6,0.071293,True,control>lesion
206,1-0-3-5,2 1 4 6,4,0.071293,True,control>lesion
207,1-8-9-8-7-3,2 3* 4* 3* 2* 4,6,0.071393,True,lesion>control
208,1-3,2 4,2,0.071493,True,lesion>control
209,8-1-0-1-3-5,3* 2 1 2 4 6,6,0.072093,True,control>lesion
210,1-0-3-8-1-0,2 1 4 3* 2 1,6,0.073893,True,lesion>control
211,3,4,1,0.079492,True,lesion>control
212,3-5-4-3-8,4 6 5 4 3*,5,0.080992,True,control>lesion
213,1-8-1-0-1,2 3* 2 1 2,5,0.081092,True,control>lesion
214,5-0-5-0,6 1 6 1,4,0.081092,True,lesion>control
215,8-1-8-1-3,3* 2 3* 2 4,5,0.081192,True,lesion>control
216,7-8-9-5,2* 3* 4* 6,4,0.082292,True,control>lesion
217,0-1-5-4,1 2 6 5,4,0.083392,True,control>lesion
218,3-1-3,4 2 4,3,0.083892,True,lesion>control
219,7-8-1-0,2* 3* 2 1,4,0.084092,True,control>lesion
220,1-0-1-8-9-8,2 1 2 3* 4* 3*,6,0.089191,True,control>lesion
221,4-2-7,5 3 2*,3,0.09649,True,lesion>control
222,8-3-2-3-2,3* 4 3 4 3,5,0.09649,True,lesion>control
223,1-8-1-3-8,2 3* 2 4 3*,5,0.10239,True,lesion>control
224,0-3-8,1 4 3*,3,0.10259,True,lesion>control
225,1-8-1-8-4,2 3* 2 3* 5,5,0.10269,True,lesion>control
226,0-4-5,1 5 6,3,0.10409,True,lesion>control
227,1-0-8-1-8-1,2 1 3* 2 3* 2,6,0.10439,True,lesion>control
228,4-8-1,5 3* 2,3,0.10489,True,lesion>control
229,8-0-8-9,3* 1 3* 4*,4,0.111789,True,control>lesion
230,9-4-5-4,4* 5 6 5,4,0.114589,True,control>lesion
231,8-9-4-5-4,3* 4* 5 6 5,5,0.114589,True,control>lesion
232,1-8-1-8-1-3,2 3* 2 3* 2 4,6,0.116488,True,lesion>control
233,1-0-1-8-9,2 1 2 3* 4*,5,0.116788,True,control>lesion
234,0-8-3-0-3,1 3* 4 1 4,5,0.129287,True,lesion>control
235,1-5-8-1-3-8,2 6 3* 2 4 3*,6,0.129287,True,lesion>control
236,4-5-0-5-0-5,5 6 1 6 1 6,6,0.129287,True,lesion>control
237,2-0-2-1,3 1 3 2,4,0.142886,True,lesion>control
238,2-1-3-8-1,3 2 4 3* 2,5,0.142886,True,lesion>control
239,3-2-1-3-8-1,4 3 2 4 3* 2,6,0.142886,True,lesion>control
240,4-3-0-1,5 4 1 2,4,0.146385,True,control>lesion
241,8-7-8-9-5,3* 2* 3* 4* 6,5,0.147285,True,control>lesion
242,2,3,1,0.147985,True,lesion>control
243,7-3-8-1,2* 4 3* 2,4,0.155584,True,lesion>control
244,3-5-3-0-1,4 6 4 1 2,5,0.177182,True,control>lesion
245,9-8-3-5-3,4* 3* 4 6 4,5,0.177182,True,control>lesion
246,8-9-8-3-5-3,3* 4* 3* 4 6 4,6,0.177182,True,control>lesion
247,0-1-5-3-8,1 2 6 4 3*,5,0.191281,True,control>lesion
248,3-5-8-0-1,4 6 3* 1 2,5,0.191281,True,control>lesion
249,8-0-8-9-8,3* 1 3* 4* 3*,5,0.191281,True,control>lesion
250,8-1-3-5-4,3* 2 4 6 5,5,0.191281,True,control>lesion
251,9-5-8-7-8-1,4* 6 3* 2* 3* 2,6,0.191281,True,control>lesion
252,1-0-1-8-4,2 1 2 3* 5,5,0.19628,True,control>lesion
253,1-8-1-3-5,2 3* 2 4 6,5,0.19628,True,control>lesion
254,3-8-7-3-4-5,4 3* 2* 4 5 6,6,0.19628,True,control>lesion
255,9-5-4-8-7-8,4* 6 5 3* 2* 3*,6,0.19628,True,control>lesion
256,3-5-4,4 6 5,3,0.215078,True,control>lesion
257,3-2-3,4 3 4,3,0.216278,True,lesion>control
258,1-0-5-8-1-0,2 1 6 3* 2 1,6,0.216478,True,lesion>control
259,7-4-3-8,2* 5 4 3*,4,0.218078,True,lesion>control
260,7-5-8-1-8,2* 6 3* 2 3*,5,0.218078,True,lesion>control
261,8-7-4-3-8,3* 2* 5 4 3*,5,0.218078,True,lesion>control
262,8-7-5-8-1-8,3* 2* 6 3* 2 3*,6,0.218078,True,lesion>control
263,3-8,4 3*,2,0.221478,True,lesion>control
264,7-8-1-8-1,2* 3* 2 3* 2,5,0.221678,True,lesion>control
265,9-4-5,4* 5 6,3,0.221678,True,control>lesion
266,8-9-4-5,3* 4* 5 6,4,0.221678,True,control>lesion
267,3-8-7-0-1-8,4 3* 2* 1 2 3*,6,0.224278,True,control>lesion
268,9-8-7-0-1,4* 3* 2* 1 2,5,0.226277,True,control>lesion
269,1-0-8-1-8,2 1 3* 2 3*,5,0.231777,True,lesion>control
270,3-8-1-0,4 3* 2 1,4,0.233177,True,lesion>control
271,3-1-5-8,4 2 6 3*,4,0.234477,True,lesion>control
272,0-8-1,1 3* 2,3,0.234877,True,lesion>control
273,9-8-7-0-1-8,4* 3* 2* 1 2 3*,6,0.238776,True,control>lesion
274,3-1-5,4 2 6,3,0.239876,True,lesion>control
275,7-3-8-3-8-3,2* 4 3* 4 3* 4,6,0.239876,True,lesion>control
276,8-9-8-3,3* 4* 3* 4,4,0.243676,True,control>lesion
277,0-5-8,1 6 3*,3,0.243676,True,lesion>control
278,8-9-8-7-0-1,3* 4* 3* 2* 1 2,6,0.244576,True,control>lesion
279,1-0-5-8,2 1 6 3*,4,0.245575,True,lesion>control
280,1-3-8-7-8-1,2 4 3* 2* 3* 2,6,0.246375,True,lesion>control
281,5-4-3-8-0,6 5 4 3* 1,5,0.246375,True,control>lesion
282,4-3-8-0,5 4 3* 1,4,0.246675,True,control>lesion
283,3-8-0-1-8-9,4 3* 1 2 3* 4*,6,0.252675,True,control>lesion
284,8-3-5-4,3* 4 6 5,4,0.254175,True,control>lesion
285,3-8-7-3-1,4 3* 2* 4 2,5,0.256074,True,lesion>control
286,8-3-0-3,3* 4 1 4,4,0.259474,True,lesion>control
287,8-1-0-8-1-8,3* 2 1 3* 2 3*,6,0.259674,True,lesion>control
288,4-3-8-7-8-1,5 4 3* 2* 3* 2,6,0.260174,True,control>lesion
289,0-5-0-5,1 6 1 6,4,0.260974,True,lesion>control
290,7-8-1-3-8-7,2* 3* 2 4 3* 2*,6,0.262074,True,lesion>control
291,8-1-0-4-8,3* 2 1 5 3*,5,0.263974,True,lesion>control
292,7-3-8-1-3,2* 4 3* 2 4,5,0.265673,True,lesion>control
293,7-3-8-1-3-8,2* 4 3* 2 4 3*,6,0.265673,True,lesion>control
294,8-1-0-3-8-1,3* 2 1 4 3* 2,6,0.265673,True,lesion>control
295,8-7-3-8-1-3,3* 2* 4 3* 2 4,6,0.265673,True,lesion>control
296,5-4-8-0-1,6 5 3* 1 2,5,0.267673,True,control>lesion
297,8-1-0-8-1,3* 2 1 3* 2,5,0.268973,True,lesion>control
298,3-8-0-1,4 3* 1 2,4,0.275372,True,control>lesion
299,3-0-3-8,4 1 4 3*,4,0.278572,True,lesion>control
300,5-8-3-4-5,6 3* 4 5 6,5,0.278572,True,lesion>control
301,7-3-1-3,2* 4 2 4,4,0.285071,True,lesion>control
302,8-7-3-1-3,3* 2* 4 2 4,5,0.285071,True,lesion>control
303,8-7-3-1,3* 2* 4 2,4,0.285171,True,lesion>control
304,3-2-0,4 3 1,3,0.287071,True,lesion>control
305,5-8-0-5-8,6 3* 1 6 3*,5,0.287071,True,lesion>control
306,5-4,6 5,2,0.29807,True,control>lesion
307,7-0-8-1-0,2* 1 3* 2 1,5,0.29807,True,lesion>control
308,8-7-0-8-1-0,3* 2* 1 3* 2 1,6,0.29807,True,lesion>control
309,0-5-8-1-0,1 6 3* 2 1,5,0.29807,True,lesion>control
310,8-7-3-8-1,3* 2* 4 3* 2,5,0.29807,True,lesion>control
311,3-8-7-3-1-3,4 3* 2* 4 2 4,6,0.29867,True,lesion>control
312,7-3-8-7-5-8,2* 4 3* 2* 6 3*,6,0.30027,True,lesion>control
313,0-8-1-8-9-8,1 3* 2 3* 4* 3*,6,0.30137,True,lesion>control
314,9-8-3,4* 3* 4,3,0.30167,True,control>lesion
315,8-7-8-1-8-1,3* 2* 3* 2 3* 2,6,0.30437,True,lesion>control
316,7-3-8-7-0-3,2* 4 3* 2* 1 4,6,0.30437,True,lesion>control
317,5-2-7,6 3 2*,3,0.30437,True,lesion>control
318,1-3-5-3,2 4 6 4,4,0.30437,True,control>lesion
319,3-8-7-0-1,4 3* 2* 1 2,5,0.30447,True,control>lesion
320,9-8-7-8-9-1,4* 3* 2* 3* 4* 2,6,0.30447,True,lesion>control
321,2-3-2,3 4 3,3,0.305269,True,lesion>control
322,0-3-8-1-0,1 4 3* 2 1,5,0.305269,True,lesion>control
323,7-8-9-3-8-3,2* 3* 4* 4 3* 4,6,0.313869,True,control>lesion
324,2-1,3 2,2,0.326267,True,lesion>control
325,3-8-7-4-8,4 3* 2* 5 3*,5,0.326267,True,lesion>control
326,1-8-9-4-3-8,2 3* 4* 5 4 3*,6,0.327267,True,control>lesion
327,9-5-4-8,4* 6 5 3*,4,0.329767,True,control>lesion
328,8-9-5-4-8,3* 4* 6 5 3*,5,0.329767,True,control>lesion
329,7-8-1-8-1-8,2* 3* 2 3* 2 3*,6,0.333367,True,lesion>control
330,0-8-1-8-1-8,1 3* 2 3* 2 3*,6,0.333667,True,lesion>control
331,5-3-8-7-0-1,6 4 3* 2* 1 2,6,0.333767,True,control>lesion
332,5-4-3-8,6 5 4 3*,4,0.339966,True,control>lesion
333,9-8-3-4-8,4* 3* 4 5 3*,5,0.339966,True,control>lesion
334,8-9-8-3-4-8,3* 4* 3* 4 5 3*,6,0.339966,True,control>lesion
335,7-3-1,2* 4 2,3,0.339966,True,lesion>control
336,0-3-0-3,1 4 1 4,4,0.341066,True,lesion>control
337,7-3-8-7-8-1,2* 4 3* 2* 3* 2,6,0.342166,True,lesion>control
338,5-8-4,6 3* 5,3,0.344166,True,lesion>control
339,8-7-0-8-1,3* 2* 1 3* 2,5,0.345265,True,lesion>control
340,3-8-1-3,4 3* 2 4,4,0.345465,True,lesion>control
341,3-8-1-3-8,4 3* 2 4 3*,5,0.345465,True,lesion>control
342,8-5-4-3-8-7,3* 6 5 4 3* 2*,6,0.354165,True,control>lesion
343,8-1-8,3* 2 3*,3,0.356764,True,lesion>control
344,5-8-5-2,6 3* 6 3,4,0.357564,True,lesion>control
345,0-1-5-3,1 2 6 4,4,0.360964,True,control>lesion
346,1-4-8,2 5 3*,3,0.365463,True,lesion>control
347,2-3-8,3 4 3*,3,0.367863,True,lesion>control
348,3-1-3-8,4 2 4 3*,4,0.372063,True,lesion>control
349,5-4-3-0-1,6 5 4 1 2,5,0.382762,True,control>lesion
350,7-0-8-1,2* 1 3* 2,4,0.382862,True,lesion>control
351,3-2-3-2,4 3 4 3,4,0.383062,True,lesion>control
352,7-3-8-7-4,2* 4 3* 2* 5,5,0.383062,True,lesion>control
353,8-7-3-8-7-4,3* 2* 4 3* 2* 5,6,0.383062,True,lesion>control
354,3-8-7-8-7-8,4 3* 2* 3* 2* 3*,6,0.385161,True,control>lesion
355,8-7-8-9-1,3* 2* 3* 4* 2,5,0.386061,True,lesion>control
356,4-5-4,5 6 5,3,0.415958,True,control>lesion
357,1-3-1-5,2 4 2 6,4,0.415958,True,lesion>control
358,5-2-7-8,6 3 2* 3*,4,0.415958,True,lesion>control
359,8-1-8-4-8,3* 2 3* 5 3*,5,0.415958,True,lesion>control
360,8-5-2-7-8,3* 6 3 2* 3*,5,0.415958,True,lesion>control
361,3-8-3-8-9-8,4 3* 4 3* 4* 3*,6,0.415958,True,lesion>control
362,8-3-8-3-8-9,3* 4 3* 4 3* 4*,6,0.415958,True,lesion>control
363,3-1-8-1-0,4 2 3* 2 1,5,0.432357,True,control>lesion
364,1-0-8-1-0-8,2 1 3* 2 1 3*,6,0.435956,True,lesion>control
365,3-8-3-8-3,4 3* 4 3* 4,5,0.436556,True,lesion>control
366,7-0-8-1-8,2* 1 3* 2 3*,5,0.436856,True,lesion>control
367,8-7-0-8-1-8,3* 2* 1 3* 2 3*,6,0.436856,True,lesion>control
368,3-0-3-0,4 1 4 1,4,0.436856,True,lesion>control
369,4-8-7-0-1-8,5 3* 2* 1 2 3*,6,0.440356,True,control>lesion
370,3-8-3-8-3-8,4 3* 4 3* 4 3*,6,0.440556,True,lesion>control
371,3-8-7-8-1-0,4 3* 2* 3* 2 1,6,0.440556,True,control>lesion
372,5-4-3-4,6 5 4 5,4,0.441056,True,control>lesion
373,4-8-0-1,5 3* 1 2,4,0.442156,True,control>lesion
374,1-0-3-5-4,2 1 4 6 5,5,0.444956,True,control>lesion
375,8-1-0-1-5,3* 2 1 2 6,5,0.444956,True,control>lesion
376,1-8-7-0-1-8,2 3* 2* 1 2 3*,6,0.446355,True,control>lesion
377,7-8-9-8-3-5,2* 3* 4* 3* 4 6,6,0.446355,True,control>lesion
378,9-1-3,4* 2 4,3,0.447255,True,lesion>control
379,7-8-9-1,2* 3* 4* 2,4,0.449955,True,lesion>control
380,3-5-3-0,4 6 4 1,4,0.453255,True,control>lesion
381,2-1-8-4,3 2 3* 5,4,0.532947,False,lesion>control
382,3-0-3-4,4 1 4 5,4,0.532947,False,lesion>control
383,4-1-3-0,5 2 4 1,4,0.532947,False,lesion>control
384,0-8-3-2-1,1 3* 4 3 2,5,0.532947,False,lesion>control
385,1-3-1-5-8,2 4 2 6 3*,5,0.532947,False,lesion>control
386,2-1-0-5-8,3 2 1 6 3*,5,0.532947,False,lesion>control
387,3-0-3-8-3,4 1 4 3* 4,5,0.532947,False,lesion>control
388,5-2-7-8-9,6 3 2* 3* 4*,5,0.532947,False,lesion>control
389,5-8-5-2-1,6 3* 6 3 2,5,0.532947,False,lesion>control
390,8-7-3-8-4,3* 2* 4 3* 5,5,0.532947,False,lesion>control
391,3-1-3-8-3-8,4 2 4 3* 4 3*,6,0.532947,False,lesion>control
392,3-8-7-3-4-8,4 3* 2* 4 5 3*,6,0.532947,False,lesion>control
393,3-8-7-8-4-8,4 3* 2* 3* 5 3*,6,0.532947,False,lesion>control
394,5-0-5-0-5-8,6 1 6 1 6 3*,6,0.532947,False,lesion>control
395,8-3-8-4-8-3,3* 4 3* 5 3* 4,6,0.532947,False,lesion>control
396,8-5-2-7-8-9,3* 6 3 2* 3* 4*,6,0.532947,False,lesion>control
397,9-8-3-8-3-3,4* 3* 4 3* 4 4,6,0.532947,False,lesion>control
398,9-8-7-8-4-8,4* 3* 2* 3* 5 3*,6,0.532947,False,lesion>control
399,4-8-0-3,5 3* 1 4,4,0.535046,False,lesion>control
400,3-1-3-8-7,4 2 4 3* 2*,5,0.535746,False,lesion>control
401,3-2-1-3-8,4 3 2 4 3*,5,0.535746,False,lesion>control
402,5-0-3-0-3,6 1 4 1 4,5,0.535846,False,lesion>control
403,8-1-0-8,3* 2 1 3*,4,0.538246,False,lesion>control
404,3-4-3-8-7,4 5 4 3* 2*,5,0.538246,False,control>lesion
405,7-8-1-8-9-5,2* 3* 2 3* 4* 6,6,0.539846,False,control>lesion
406,1-8-1-3,2 3* 2 4,4,0.540646,False,lesion>control
407,1-3-5-4,2 4 6 5,4,0.540646,False,control>lesion
408,5-8-7-8-9-4,6 3* 2* 3* 4* 5,6,0.540646,False,control>lesion
409,3-8-7-4-3,4 3* 2* 5 4,5,0.547145,False,lesion>control
410,5-8-1-0-4,6 3* 2 1 5,5,0.547145,False,lesion>control
411,3-2-1-0,4 3 2 1,4,0.548645,False,lesion>control
412,7-4-3-8-7,2* 5 4 3* 2*,5,0.548645,False,lesion>control
413,8-7-4-3-8-7,3* 2* 5 4 3* 2*,6,0.548645,False,lesion>control
414,3-8-4-8-7-0,4 3* 5 3* 2* 1,6,0.549145,False,lesion>control
415,3-8-7-3-8-1,4 3* 2* 4 3* 2,6,0.551745,False,lesion>control
416,2-4,3 5,2,0.552145,False,lesion>control
417,7-8-8,2* 3* 3*,3,0.654235,False,control>lesion
418,4-0-1-5,5 1 2 6,4,0.654235,False,control>lesion
419,4-5-8-9,5 6 3* 4*,4,0.654235,False,control>lesion
420,8-7-8-8,3* 2* 3* 3*,4,0.654235,False,control>lesion
421,9-4-3-1,4* 5 4 2,4,0.654235,False,control>lesion
422,1-3-5-3-0,2 4 6 4 1,5,0.654235,False,control>lesion
423,3-0-1-0-1,4 1 2 1 2,5,0.654235,False,control>lesion
424,3-8-0-1-3,4 3* 1 2 4,5,0.654235,False,control>lesion
425,4-2-1-8-9,5 3 2 3* 4*,5,0.654235,False,control>lesion
426,5-3-0-1-3,6 4 1 2 4,5,0.654235,False,control>lesion
427,5-3-1-8-1,6 4 2 3* 2,5,0.654235,False,control>lesion
428,7-8-1-3-5,2* 3* 2 4 6,5,0.654235,False,control>lesion
429,8-1-3-5-3,3* 2 4 6 4,5,0.654235,False,control>lesion
430,8-9-4-3-1,3* 4* 5 4 2,5,0.654235,False,control>lesion
431,9-4-3-4-5,4* 5 4 5 6,5,0.654235,False,control>lesion
432,9-4-3-8-0,4* 5 4 3* 1,5,0.654235,False,control>lesion
433,4-3-8-0-1-3,5 4 3* 1 2 4,6,0.654235,False,control>lesion
434,5-4-5-3-8-7,6 5 6 4 3* 2*,6,0.654235,False,control>lesion
435,8-0-1-3-5-4,3* 1 2 4 6 5,6,0.654235,False,control>lesion
436,8-0-8-9-8-7,3* 1 3* 4* 3* 2*,6,0.654235,False,control>lesion
437,8-1-0-1-8-4,3* 2 1 2 3* 5,6,0.654235,False,control>lesion
438,8-7-8-1-3-5,3* 2* 3* 2 4 6,6,0.654235,False,control>lesion
439,8-9-4-3-4-5,3* 4* 5 4 5 6,6,0.654235,False,control>lesion
440,8-9-4-3-8-0,3* 4* 5 4 3* 1,6,0.654235,False,control>lesion
441,9-4-5-4-3-4,4* 5 6 5 4 5,6,0.654235,False,control>lesion
442,9-8-3-5-3-8,4* 3* 4 6 4 3*,6,0.654235,False,control>lesion
443,3-5-8-0-1-3,4 6 3* 1 2 4,6,0.659234,False,control>lesion
444,1-0-5-8-1,2 1 6 3* 2,5,0.660534,False,lesion>control
445,3-5-4-3-8-7,4 6 5 4 3* 2*,6,0.660534,False,control>lesion
446,1-8-9-4-5-3,2 3* 4* 5 6 4,6,0.661634,False,control>lesion
447,5-4-3-8-7,6 5 4 3* 2*,5,0.665533,False,control>lesion
448,8-4-8-1-8,3* 5 3* 2 3*,5,0.669733,False,lesion>control
449,7-3-8-5,2* 4 3* 6,4,0.673133,False,lesion>control
450,8-7-3-8-5,3* 2* 4 3* 6,5,0.673133,False,lesion>control
451,5-0-5-0-5,6 1 6 1 6,5,0.673233,False,lesion>control
452,5-3-8-3-8-7,6 4 3* 4 3* 2*,6,0.673833,False,control>lesion
453,5-2,6 3,2,0.674433,False,lesion>control
454,8-0-5-8,3* 1 6 3*,4,0.677132,False,lesion>control
455,8-1-4,3* 2 5,3,0.679032,False,lesion>control
456,7-4-8-1,2* 5 3* 2,4,0.680232,False,lesion>control
457,5-2-3,6 3 4,3,0.681832,False,lesion>control
458,8-1-0-4-8-1,3* 2 1 5 3* 2,6,0.682932,False,lesion>control
459,3-0-5-0-5,4 1 6 1 6,5,0.685231,False,lesion>control
460,1-0-4-8,2 1 5 3*,4,0.687031,False,lesion>control
461,8-3-8-7,3* 4 3* 2*,4,0.687131,False,control>lesion
462,0-5-0-5-8,1 6 1 6 3*,5,0.688031,False,lesion>control
463,8-1-5,3* 2 6,3,0.690231,False,lesion>control
464,7-0-3-8-7-3,2* 1 4 3* 2* 4,6,0.690631,False,lesion>control
465,8-3-1-8-9,3* 4 2 3* 4*,5,0.69503,False,lesion>control
466,1-8-7-0-1,2 3* 2* 1 2,5,0.69713,False,control>lesion
467,8-1-8-7-0-1,3* 2 3* 2* 1 2,6,0.69713,False,control>lesion
468,3-2,4 3,2,0.69723,False,lesion>control
469,8-3-8-3-8-3,3* 4 3* 4 3* 4,6,0.69763,False,lesion>control
470,8-5-2-7,3* 6 3 2*,4,0.69783,False,lesion>control
471,2-1-3,3 2 4,3,0.70023,False,lesion>control
472,0-1-8-9-4-3,1 2 3* 4* 5 4,6,0.70183,False,control>lesion
473,3-8-7-8-9-5,4 3* 2* 3* 4* 6,6,0.70183,False,control>lesion
474,1-8-1-8-9-8,2 3* 2 3* 4* 3*,6,0.70273,False,lesion>control
475,7-0-3,2* 1 4,3,0.70273,False,lesion>control
476,9-4-8-7-8-1,4* 5 3* 2* 3* 2,6,0.70383,False,control>lesion
477,0-5-8-1,1 6 3* 2,4,0.70483,False,lesion>control
478,8-1-8-1-8-9,3* 2 3* 2 3* 4*,6,0.705129,False,lesion>control
479,8-0-1-3,3* 1 2 4,4,0.705129,False,control>lesion
480,1-5-8,2 6 3*,3,0.708229,False,lesion>control
481,0-3-8-7-3,1 4 3* 2* 4,5,0.708229,False,lesion>control
482,1,2,1,0.708629,False,lesion>control
483,8-0-1,3* 1 2,3,0.709529,False,control>lesion
484,3-2-1-3,4 3 2 4,4,0.710829,False,lesion>control
485,1-0-4-8-1,2 1 5 3* 2,5,0.710829,False,lesion>control
486,0-3-0-1,1 4 1 2,4,0.712329,False,lesion>control
487,7-3-1-3-8,2* 4 2 4 3*,5,0.712929,False,lesion>control
488,8-7-3-1-3-8,3* 2* 4 2 4 3*,6,0.712929,False,lesion>control
489,0-5-0,1 6 1,3,0.714129,False,lesion>control
490,3-8-1-0-3-8,4 3* 2 1 4 3*,6,0.714129,False,lesion>control
491,3-1-0-3-5,4 2 1 4 6,5,0.714529,False,control>lesion
492,3-8-7-0-3,4 3* 2* 1 4,5,0.715928,False,lesion>control
493,1-8-9-4,2 3* 4* 5,4,0.716628,False,control>lesion
494,1-3-5-4-3-8,2 4 6 5 4 3*,6,0.718828,False,control>lesion
495,7-8-5-8,2* 3* 6 3*,4,0.721628,False,lesion>control
496,8-7-8-5-8,3* 2* 3* 6 3*,5,0.721628,False,lesion>control
497,7-8-1-3-8,2* 3* 2 4 3*,5,0.728427,False,lesion>control
498,8-7-8-1-3-8,3* 2* 3* 2 4 3*,6,0.728427,False,lesion>control
499,3-8-7-8-1-2,4 3* 2* 3* 2 3,6,0.732027,False,control>lesion
500,5-3-8-3,6 4 3* 4,4,0.736326,False,control>lesion
501,4-1-4,5 2 5,3,0.738526,False,lesion>control
502,8-0-4-8,3* 1 5 3*,4,0.738526,False,lesion>control
503,0-3-8-3-1,1 4 3* 4 2,5,0.738526,False,lesion>control
504,8-4-8-1-8-1,3* 5 3* 2 3* 2,6,0.741126,False,lesion>control
505,3-1-3-0,4 2 4 1,4,0.742726,False,lesion>control
506,5-0-5-0-8,6 1 6 1 3*,5,0.742726,False,lesion>control
507,1-3-8-7-5-8,2 4 3* 2* 6 3*,6,0.742726,False,lesion>control
508,3-4-5-8-3-4,4 5 6 3* 4 5,6,0.742726,False,lesion>control
509,0-1-3-4,1 2 4 5,4,0.744026,False,control>lesion
510,1-5-8-5,2 6 3* 6,4,0.744426,False,lesion>control
511,1-8-1-0,2 3* 2 1,4,0.744626,False,control>lesion
512,5-3-1-0,6 4 2 1,4,0.744626,False,control>lesion
513,8-3-2-1-3,3* 4 3 2 4,5,0.748825,False,lesion>control
514,8-3-2-1-3-8,3* 4 3 2 4 3*,6,0.748825,False,lesion>control
515,0-3-0-5-0-5,1 4 1 6 1 6,6,0.750425,False,lesion>control
516,3-8-7-0-8-1,4 3* 2* 1 3* 2,6,0.752525,False,lesion>control
517,5-0-5-0-5-0,6 1 6 1 6 1,6,0.752525,False,lesion>control
518,7-5,2* 6,2,0.753325,False,lesion>control
519,0-1-0-1-5,1 2 1 2 6,5,0.756424,False,control>lesion
520,3-1-0-3-5-8,4 2 1 4 6 3*,6,0.756424,False,control>lesion
521,1-0-1-3-5-8,2 1 2 4 6 3*,6,0.757624,False,control>lesion
522,0-8-9-5-4-3,1 3* 4* 6 5 4,6,0.765323,False,control>lesion
523,8-1-8-9-5-3,3* 2 3* 4* 6 4,6,0.765323,False,control>lesion
524,4-8-3-1,5 3* 4 2,4,0.765623,False,lesion>control
525,5-0-5,6 1 6,3,0.765923,False,lesion>control
526,2-5-2,3 6 3,3,0.765923,False,lesion>control
527,1-8-5-4-3,2 3* 6 5 4,5,0.768123,False,control>lesion
528,8-3-5-4-3,3* 4 6 5 4,5,0.768123,False,control>lesion
529,1-3-8-1,2 4 3* 2,4,0.769423,False,lesion>control
530,0-3-4,1 4 5,3,0.769923,False,lesion>control
531,5-8-0-5,6 3* 1 6,4,0.772123,False,lesion>control
532,0-8-9-5-4,1 3* 4* 6 5,5,0.775522,False,control>lesion
533,8-3-4-3-8-7,3* 4 5 4 3* 2*,6,0.781322,False,control>lesion
534,3-0-1-0,4 1 2 1,4,0.783422,False,control>lesion
535,1-8-1-0-1-3,2 3* 2 1 2 4,6,0.784522,False,control>lesion
536,1-8-7-3-8,2 3* 2* 4 3*,5,0.787921,False,lesion>control
537,8-1-8-7-3,3* 2 3* 2* 4,5,0.787921,False,lesion>control
538,8-1-8-7-3-8,3* 2 3* 2* 4 3*,6,0.787921,False,lesion>control
539,5-2-3-8,6 3 4 3*,4,0.790321,False,lesion>control
540,7-8-9-5-4-3,2* 3* 4* 6 5 4,6,0.792021,False,control>lesion
541,8-0-1-3-5,3* 1 2 4 6,5,0.794521,False,control>lesion
542,8-1-8-4,3* 2 3* 5,4,0.79622,False,lesion>control
543,7-8-1-8-0,2* 3* 2 3* 1,5,0.79712,False,lesion>control
544,7-0-3-8,2* 1 4 3*,4,0.79812,False,lesion>control
545,2-7-0,3 2* 1,3,0.79892,False,lesion>control
546,5-8-5,6 3* 6,3,0.79962,False,lesion>control
547,0-8-3-0,1 3* 4 1,4,0.80022,False,lesion>control
548,8-7-5,3* 2* 6,3,0.80032,False,lesion>control
549,7-8-1-8-1-3,2* 3* 2 3* 2 4,6,0.80132,False,lesion>control
550,4-8-3-8-7,5 3* 4 3* 2*,5,0.80172,False,control>lesion
551,0-1-3-5,1 2 4 6,4,0.80312,False,control>lesion
552,3-8-1-3-8-1,4 3* 2 4 3* 2,6,0.80342,False,lesion>control
553,2-1-3-8,3 2 4 3*,4,0.80382,False,lesion>control
554,3-4-3-8,4 5 4 3*,4,0.80392,False,control>lesion
555,8-7-4-8-1,3* 2* 5 3* 2,5,0.80392,False,lesion>control
556,7-3-8-7-4-8,2* 4 3* 2* 5 3*,6,0.80392,False,lesion>control
557,5-8-1-3-8,6 3* 2 4 3*,5,0.80462,False,lesion>control
558,9-8-7-8,4* 3* 2* 3*,4,0.805019,False,control>lesion
559,3-8-4-3-8,4 3* 5 4 3*,5,0.805119,False,lesion>control
560,4-3-1,5 4 2,3,0.807619,False,control>lesion
561,5-8-1-8,6 3* 2 3*,4,0.808619,False,lesion>control
562,8-7-0-3,3* 2* 1 4,4,0.809519,False,lesion>control
563,4-8-1-8,5 3* 2 3*,4,0.809519,False,lesion>control
564,9-8-3-5,4* 3* 4 6,4,0.811619,False,control>lesion
565,8-9-8-3-5,3* 4* 3* 4 6,5,0.811619,False,control>lesion
566,8-9-8-3-8,3* 4* 3* 4 3*,5,0.812119,False,control>lesion
567,8-7-8-1-8-9,3* 2* 3* 2 3* 4*,6,0.812519,False,control>lesion
568,5-0-5-8,6 1 6 3*,4,0.812519,False,lesion>control
569,8-3-8-7-8-5,3* 4 3* 2* 3* 6,6,0.814019,False,control>lesion
570,0-5-0-5-0,1 6 1 6 1,5,0.815718,False,lesion>control
571,8-1-8-9-3,3* 2 3* 4* 4,5,0.817418,False,control>lesion
572,9-8-5-3,4* 3* 6 4,4,0.818818,False,control>lesion
573,3-1-0-8-1,4 2 1 3* 2,5,0.818818,False,control>lesion
574,8-9-8-5-3,3* 4* 3* 6 4,5,0.818818,False,control>lesion
575,9-4-5-4-5,4* 5 6 5 6,5,0.818818,False,control>lesion
576,8-1-0-1-3-4,3* 2 1 2 4 5,6,0.818818,False,control>lesion
577,8-9-4-5-4-5,3* 4* 5 6 5 6,6,0.818818,False,control>lesion
578,0-3-5-1,1 4 6 2,4,0.820118,False,control>lesion
579,4-8-1-3-8-7,5 3* 2 4 3* 2*,6,0.821518,False,lesion>control
580,3-2-7-0,4 3 2* 1,4,0.824918,False,lesion>control
581,8-5-8-7,3* 6 3* 2*,4,0.824918,False,lesion>control
582,8-7-8-1-8-0,3* 2* 3* 2 3* 1,6,0.824918,False,lesion>control
583,1-3-8-1-3,2 4 3* 2 4,5,0.825117,False,lesion>control
584,1-3-8-1-3-8,2 4 3* 2 4 3*,6,0.825117,False,lesion>control
585,2-7-8-1-8,3 2* 3* 2 3*,5,0.825517,False,lesion>control
586,3-4-5-1-0,4 5 6 2 1,5,0.834317,False,control>lesion
587,1-0-1-3-4-5,2 1 2 4 5 6,6,0.834317,False,control>lesion
588,3-5-8-7-0-1,4 6 3* 2* 1 2,6,0.834317,False,control>lesion
589,3-5,4 6,2,0.846415,False,control>lesion
590,0-8-1-0-8,1 3* 2 1 3*,5,0.846715,False,lesion>control
591,8-4-0,3* 5 1,3,0.849115,False,lesion>control
592,7-8-7-0-8,2* 3* 2* 1 3*,5,0.849115,False,lesion>control
593,8-3-8-5-2,3* 4 3* 6 3,5,0.849115,False,lesion>control
594,8-7-8-7-0-8,3* 2* 3* 2* 1 3*,6,0.849115,False,lesion>control
595,3-8-1-3-8-7,4 3* 2 4 3* 2*,6,0.852115,False,lesion>control
596,7-8-9-1-8-9,2* 3* 4* 2 3* 4*,6,0.852515,False,lesion>control
597,1-5-8-1-3,2 6 3* 2 4,5,0.854615,False,lesion>control
598,7-3-8-4,2* 4 3* 5,4,0.866513,False,lesion>control
599,9-8-7-5,4* 3* 2* 6,4,0.866513,False,lesion>control
600,3-5-0-3-0,4 6 1 4 1,5,0.866513,False,lesion>control
601,3-8-3-2-3,4 3* 4 3 4,5,0.866513,False,lesion>control
602,8-3-8-3-2-3,3* 4 3* 4 3 4,6,0.866513,False,lesion>control
603,8-1-8-1-0-1,3* 2 3* 2 1 2,6,0.869513,False,control>lesion
604,5-8-0-1,6 3* 1 2,4,0.871213,False,control>lesion
605,7-0-3-8-7-0,2* 1 4 3* 2* 1,6,0.871713,False,lesion>control
606,5-8-1-0-5,6 3* 2 1 6,5,0.873113,False,lesion>control
607,1-4,2 5,2,0.873913,False,lesion>control
608,7-0-3-8-7,2* 1 4 3* 2*,5,0.874013,False,lesion>control
609,1-0-3-5-8,2 1 4 6 3*,5,0.874213,False,control>lesion
610,9-8-7-8-4,4* 3* 2* 3* 5,5,0.874613,False,lesion>control
611,8-7-0-3-8,3* 2* 1 4 3*,5,0.875112,False,lesion>control
612,5-2-1,6 3 2,3,0.876012,False,lesion>control
613,8-7-0-3-8-7,3* 2* 1 4 3* 2*,6,0.877612,False,lesion>control
614,8-1-0-1-3,3* 2 1 2 4,5,0.877912,False,control>lesion
615,3-1-0-1,4 2 1 2,4,0.878112,False,control>lesion
616,5-8-5-8,6 3* 6 3*,4,0.878212,False,lesion>control
617,1-3-8-7-5,2 4 3* 2* 6,5,0.878212,False,lesion>control
618,3-8-7-4-3-8,4 3* 2* 5 4 3*,6,0.878212,False,lesion>control
619,5-8-1-0-8,6 3* 2 1 3*,5,0.881112,False,lesion>control
620,4-5-8-3-4-5,5 6 3* 4 5 6,6,0.881112,False,lesion>control
621,5-8-1-0-5-8,6 3* 2 1 6 3*,6,0.881112,False,lesion>control
622,8-5-8,3* 6 3*,3,0.885211,False,lesion>control
623,3-8-3-8-4,4 3* 4 3* 5,5,0.886011,False,lesion>control
624,0-3-0-4,1 4 1 5,4,0.90271,False,lesion>control
625,1-2-3-8,2 3 4 3*,4,0.90271,False,lesion>control
626,2-9-8-5,3 4* 3* 6,4,0.90271,False,lesion>control
627,8-3-1-5,3* 4 2 6,4,0.90271,False,lesion>control
628,8-4-5-1,3* 5 6 2,4,0.90271,False,lesion>control
629,0-3-0-1-3,1 4 1 2 4,5,0.90271,False,lesion>control
630,2-9-8-5-2,3 4* 3* 6 3,5,0.90271,False,lesion>control
631,3-5-0-3-4,4 6 1 4 5,5,0.90271,False,lesion>control
632,5-2-1-0-5,6 3 2 1 6,5,0.90271,False,lesion>control
633,5-2-3-8-3,6 3 4 3* 4,5,0.90271,False,lesion>control
634,8-0-1-5-8,3* 1 2 6 3*,5,0.90271,False,lesion>control
635,8-1-2-3-8,3* 2 3 4 3*,5,0.90271,False,lesion>control
636,8-4-8-4-8,3* 5 3* 5 3*,5,0.90271,False,lesion>control
637,9-8-5-2-3,4* 3* 6 3 4,5,0.90271,False,lesion>control
638,9-8-5-2-7,4* 3* 6 3 2*,5,0.90271,False,lesion>control
639,0-3-5-0-3-0,1 4 6 1 4 1,6,0.90271,False,lesion>control
640,3-4-5-3-8-3,4 5 6 4 3* 4,6,0.90271,False,lesion>control
641,3-5-0-3-4-0,4 6 1 4 5 1,6,0.90271,False,lesion>control
642,3-8-7-3-8-4,4 3* 2* 4 3* 5,6,0.90271,False,lesion>control
643,5-2-3-8-7-8,6 3 4 3* 2* 3*,6,0.90271,False,lesion>control
644,5-2-7-8-9-8,6 3 2* 3* 4* 3*,6,0.90271,False,lesion>control
645,5-8-5-2-1-0,6 3* 6 3 2 1,6,0.90271,False,lesion>control
646,8-3-1-8-9-4,3* 4 2 3* 4* 5,6,0.90271,False,lesion>control
647,9-8-7-5-8-1,4* 3* 2* 6 3* 2,6,0.90271,False,lesion>control
648,9-8-7-8-4-2,4* 3* 2* 3* 5 3,6,0.90271,False,lesion>control
649,0-4-8-3,1 5 3* 4,4,0.929107,False,lesion>control
650,1-8-0-9,2 3* 1 4*,4,0.929107,False,lesion>control
651,0-5-8-4-8,1 6 3* 5 3*,5,0.929107,False,lesion>control
652,1-0-8-3-2,2 1 3* 4 3,5,0.929107,False,lesion>control
653,3-1-0-5-8,4 2 1 6 3*,5,0.929107,False,lesion>control
654,5-0-8-3-0,6 1 3* 4 1,5,0.929107,False,lesion>control
655,5-8-4-8-1,6 3* 5 3* 2,5,0.929107,False,lesion>control
656,7-4-8-1-5,2* 5 3* 2 6,5,0.929107,False,lesion>control
657,8-0-5-8-7,3* 1 6 3* 2*,5,0.929107,False,lesion>control
658,8-4-8-1-0,3* 5 3* 2 1,5,0.929107,False,lesion>control
659,0-4-5-0-5-0,1 5 6 1 6 1,6,0.929107,False,lesion>control
660,0-8-3-0-3-0,1 3* 4 1 4 1,6,0.929107,False,lesion>control
661,0-8-3-2-1-0,1 3* 4 3 2 1,6,0.929107,False,lesion>control
662,0-8-7-8-1-8,1 3* 2* 3* 2 3*,6,0.929107,False,lesion>control
663,1-0-5-8-0-5,2 1 6 3* 1 6,6,0.929107,False,lesion>control
664,1-3-8-1-0-3,2 4 3* 2 1 4,6,0.929107,False,lesion>control
665,1-5-8-9-8-7,2 6 3* 4* 3* 2*,6,0.929107,False,lesion>control
666,1-8-7-3-8-3,2 3* 2* 4 3* 4,6,0.929107,False,lesion>control
667,2-1-0-5-8-1,3 2 1 6 3* 2,6,0.929107,False,lesion>control
668,5-8-1-0-4-8,6 3* 2 1 5 3*,6,0.929107,False,lesion>control
669,5-8-3-4-5-0,6 3* 4 5 6 1,6,0.929107,False,lesion>control
670,7-3-1-3-8-7,2* 4 2 4 3* 2*,6,0.929107,False,lesion>control
671,4-7,5 2*,2,0.932307,False,lesion>control
672,5-3-8-5-2,6 4 3* 6 3,5,0.932307,False,lesion>control
673,5-8-1-5-3,6 3* 2 6 4,5,0.932307,False,lesion>control
674,7-8-1-5-8,2* 3* 2 6 3*,5,0.932307,False,lesion>control
675,5-8-1-5-3-8,6 3* 2 6 4 3*,6,0.932307,False,lesion>control
676,5-0-5-0-4,6 1 6 1 5,5,0.932907,False,lesion>control
677,3-8-0-1-8,4 3* 1 2 3*,5,0.933007,False,control>lesion
678,7-0-8-1-8-9,2* 1 3* 2 3* 4*,6,0.933207,False,lesion>control
679,5-8-7-0-1,6 3* 2* 1 2,5,0.934307,False,control>lesion
680,2-7-8-1,3 2* 3* 2,4,0.935006,False,lesion>control
681,1-8-9-5-3,2 3* 4* 6 4,5,0.935506,False,control>lesion
682,8-4-9,3* 5 4*,3,0.969303,False,control>lesion
683,1-8-3-5,2 3* 4 6,4,0.969303,False,control>lesion
684,5-8-0-7,6 3* 1 2*,4,0.969303,False,control>lesion
685,7-3-4-1,2* 4 5 2,4,0.969303,False,control>lesion
686,8-4-9-8,3* 5 4* 3*,4,0.969303,False,control>lesion
687,0-3-5-1-0,1 4 6 2 1,5,0.969303,False,control>lesion
688,1-0-1-4-5,2 1 2 5 6,5,0.969303,False,control>lesion
689,1-5-3-8-3,2 6 4 3* 4,5,0.969303,False,control>lesion
690,1-5-8-0-1,2 6 3* 1 2,5,0.969303,False,control>lesion
691,1-8-0-8-9,2 3* 1 3* 4*,5,0.969303,False,control>lesion
692,3-5-4-3-0,4 6 5 4 1,5,0.969303,False,control>lesion
693,3-8-3-1-3,4 3* 4 2 4,5,0.969303,False,control>lesion
694,4-1-0-3-4,5 2 1 4 5,5,0.969303,False,control>lesion
695,4-3-0-1-8,5 4 1 2 3*,5,0.969303,False,control>lesion
696,4-3-1-8-9,5 4 2 3* 4*,5,0.969303,False,control>lesion
697,4-5-1-0-8,5 6 2 1 3*,5,0.969303,False,control>lesion
698,4-5-3-0-1,5 6 4 1 2,5,0.969303,False,control>lesion
699,4-5-3-8-0,5 6 4 3* 1,5,0.969303,False,control>lesion
700,5-4-0-1-3,6 5 1 2 4,5,0.969303,False,control>lesion
701,7-0-1-8-4,2* 1 2 3* 5,5,0.969303,False,control>lesion
702,7-3-4-1-0,2* 4 5 2 1,5,0.969303,False,control>lesion
703,7-3-4-5-3,2* 4 5 6 4,5,0.969303,False,control>lesion
704,8-3-0-1-0,3* 4 1 2 1,5,0.969303,False,control>lesion
705,8-3-4-0-5,3* 4 5 1 6,5,0.969303,False,control>lesion
706,8-3-5-4-5,3* 4 6 5 6,5,0.969303,False,control>lesion
707,8-7-3-4-1,3* 2* 4 5 2,5,0.969303,False,control>lesion
708,0-1-3-5-8-3,1 2 4 6 3* 4,6,0.969303,False,control>lesion
709,0-1-5-4-8-1,1 2 6 5 3* 2,6,0.969303,False,control>lesion
710,0-1-5-8-0-1,1 2 6 3* 1 2,6,0.969303,False,control>lesion
711,0-1-8-5-4-3,1 2 3* 6 5 4,6,0.969303,False,control>lesion
712,0-3-5-3-8-3,1 4 6 4 3* 4,6,0.969303,False,control>lesion
713,1-0-1-5-4-8,2 1 2 6 5 3*,6,0.969303,False,control>lesion
714,1-0-1-8-4-5,2 1 2 3* 5 6,6,0.969303,False,control>lesion
715,1-0-3-5-4-3,2 1 4 6 5 4,6,0.969303,False,control>lesion
716,1-5-3-8-3-8,2 6 4 3* 4 3*,6,0.969303,False,control>lesion
717,3-5-3-8-7-3,4 6 4 3* 2* 4,6,0.969303,False,control>lesion
718,4-1-0-3-4-5,5 2 1 4 5 6,6,0.969303,False,control>lesion
719,4-2-1-8-9-8,5 3 2 3* 4* 3*,6,0.969303,False,control>lesion
720,5-8-0-1-3-0,6 3* 1 2 4 1,6,0.969303,False,control>lesion
721,7-8-1-8-9-3,2* 3* 2 3* 4* 4,6,0.969303,False,control>lesion
722,8-0-1-8-4-5,3* 1 2 3* 5 6,6,0.969303,False,control>lesion
723,8-0-1-8-9-1,3* 1 2 3* 4* 2,6,0.969303,False,control>lesion
724,8-1-0-1-5-4,3* 2 1 2 6 5,6,0.969303,False,control>lesion
725,8-3-4-5-1-0,3* 4 5 6 2 1,6,0.969303,False,control>lesion
726,8-7-0-1-8-4,3* 2* 1 2 3* 5,6,0.969303,False,control>lesion
727,8-7-3-4-1-0,3* 2* 4 5 2 1,6,0.969303,False,control>lesion
728,8-7-3-4-5-3,3* 2* 4 5 6 4,6,0.969303,False,control>lesion
729,9-4-3-4-5-4,4* 5 4 5 6 5,6,0.969303,False,control>lesion
730,9-4-5-4-5-4,4* 5 6 5 6 5,6,0.969303,False,control>lesion
731,9-8-3-8,4* 3* 4 3*,4,0.973603,False,control>lesion
732,3-8-7-0-3-8,4 3* 2* 1 4 3*,6,0.973603,False,lesion>control
733,0-8-1-0,1 3* 2 1,4,0.973603,False,lesion>control
734,8-5-4-3,3* 6 5 4,4,0.973603,False,control>lesion
735,8-1-0-8-1-0,3* 2 1 3* 2 1,6,0.973603,False,lesion>control
736,0-1-0-4,1 2 1 5,4,0.973603,False,control>lesion
737,0-5-4-1-0,1 6 5 2 1,5,0.973603,False,control>lesion
738,1-8-1-0-1-5,2 3* 2 1 2 6,6,0.973603,False,control>lesion
739,4-3-1-0-3-5,5 4 2 1 4 6,6,0.973603,False,control>lesion
740,8-1-3-5-4-3,3* 2 4 6 5 4,6,0.973603,False,control>lesion
741,9-8-3-5-4-3,4* 3* 4 6 5 4,6,0.973603,False,control>lesion
742,7-8-9-8-7-8,2* 3* 4* 3* 2* 3*,6,0.973803,False,control>lesion
743,0-1-8-9-4,1 2 3* 4* 5,5,0.973803,False,control>lesion
744,2-7,3 2*,2,0.973803,False,lesion>control
745,3-8-7-5,4 3* 2* 6,4,0.973803,False,lesion>control
746,8-0-1-8-9,3* 1 2 3* 4*,5,0.973903,False,control>lesion
747,1-3-8-3-8,2 4 3* 4 3*,5,0.973903,False,lesion>control
748,8-1-8-0,3* 2 3* 1,4,0.973903,False,lesion>control
749,8-9-8-7-8,3* 4* 3* 2* 3*,5,0.974103,False,control>lesion
750,9-8-7,4* 3* 2*,3,0.974503,False,control>lesion
751,0-3-4-5-0,1 4 5 6 1,5,0.974503,False,lesion>control
752,5-8-1-4,6 3* 2 5,4,0.974903,False,lesion>control
753,9-8-7-0-8-1,4* 3* 2* 1 3* 2,6,0.975002,False,lesion>control
754,8-4-8-7,3* 5 3* 2*,4,0.975002,False,lesion>control
755,1-3-5-4-3,2 4 6 5 4,5,0.975002,False,control>lesion
756,5-8-7-8-1-8,6 3* 2* 3* 2 3*,6,0.975002,False,control>lesion
757,1-3-8-3-8-7,2 4 3* 4 3* 2*,6,0.975102,False,lesion>control
758,1-3-0-3,2 4 1 4,4,0.975202,False,lesion>control
759,3-8-7-0-4,4 3* 2* 1 5,5,0.975302,False,lesion>control
760,4-8-7-3-8,5 3* 2* 4 3*,5,0.975402,False,lesion>control
761,3-8-7-8-1-3,4 3* 2* 3* 2 4,6,0.975802,False,lesion>control
762,9-8-7-8-1-0,4* 3* 2* 3* 2 1,6,0.975802,False,control>lesion
763,4-8-1-3,5 3* 2 4,4,0.976102,False,lesion>control
764,4-8-1-5,5 3* 2 6,4,0.976302,False,lesion>control
765,0-3-8-7,1 4 3* 2*,4,0.976502,False,lesion>control
766,7-8-9-8-7,2* 3* 4* 3* 2*,5,0.976602,False,control>lesion
767,8-1-5-8,3* 2 6 3*,4,0.977402,False,lesion>control
768,5-4-0,6 5 1,3,0.977402,False,control>lesion
769,4-5-4-3,5 6 5 4,4,0.977502,False,control>lesion
770,8-5-2-3-8,3* 6 3 4 3*,5,0.977502,False,lesion>control
771,8-5-4-3-8,3* 6 5 4 3*,5,0.977802,False,control>lesion
772,3-8-3,4 3* 4,3,0.977902,False,lesion>control
773,5-8,6 3*,2,0.977902,False,lesion>control
774,7-0-1-8-1,2* 1 2 3* 2,5,0.977902,False,control>lesion
775,8-1-0-5-8,3* 2 1 6 3*,5,0.977902,False,lesion>control
776,3-8-3-8-3-2,4 3* 4 3* 4 3,6,0.977902,False,lesion>control
777,9-4-8-3-8-7,4* 5 3* 4 3* 2*,6,0.977902,False,control>lesion
778,1-8-5-4,2 3* 6 5,4,0.977902,False,control>lesion
779,8-5-2-3,3* 6 3 4,4,0.977902,False,lesion>control
780,3-0-3-0-3,4 1 4 1 4,5,0.977902,False,lesion>control
781,3-8-7-4-8-1,4 3* 2* 5 3* 2,6,0.977902,False,lesion>control
782,2-7-5,3 2* 6,3,0.977902,False,lesion>control
783,3-4-3,4 5 4,3,0.978002,False,control>lesion
784,8-5-2,3* 6 3,3,0.978002,False,lesion>control
785,8-1-2-3,3* 2 3 4,4,0.978002,False,lesion>control
786,4-5-8-7-8,5 6 3* 2* 3*,5,0.978202,False,control>lesion
787,8-9-8-7-8-4,3* 4* 3* 2* 3* 5,6,0.978602,False,lesion>control
788,8-1-8-9-4,3* 2 3* 4* 5,5,0.978702,False,control>lesion
789,0-8-9-4-8,1 3* 4* 5 3*,5,0.978902,False,lesion>control
790,3-8-4-3-8-7,4 3* 5 4 3* 2*,6,0.978902,False,lesion>control
791,0-8-1-8-9,1 3* 2 3* 4*,5,0.979002,False,lesion>control
792,8-3-8-7-0-3,3* 4 3* 2* 1 4,6,0.979402,False,lesion>control
793,1-3-4-5-3,2 4 5 6 4,5,0.979502,False,control>lesion
794,4-5-4-3-4,5 6 5 4 5,5,0.979502,False,control>lesion
795,7-0-8-9-5,2* 1 3* 4* 6,5,0.979502,False,control>lesion
796,8-7-8-9-8-7,3* 2* 3* 4* 3* 2*,6,0.979602,False,control>lesion
797,3-8-3-2,4 3* 4 3,4,0.979602,False,lesion>control
798,1-3-8-7-8-9,2 4 3* 2* 3* 4*,6,0.979602,False,lesion>control
799,0-3-8-7-0-8,1 4 3* 2* 1 3*,6,0.979602,False,lesion>control
800,5-8-7-8-1,6 3* 2* 3* 2,5,0.979602,False,control>lesion
801,3-5-3-1-0,4 6 4 2 1,5,0.979602,False,control>lesion
802,5-3-1-0-8,6 4 2 1 3*,5,0.979602,False,control>lesion
803,4-2,5 3,2,0.979702,False,lesion>control
804,9-5-4-3-8-7,4* 6 5 4 3* 2*,6,0.979702,False,control>lesion
805,8-3-2,3* 4 3,3,0.979802,False,lesion>control
806,0-4-5-8,1 5 6 3*,4,0.979802,False,lesion>control
807,7-4-8-9,2* 5 3* 4*,4,0.979802,False,lesion>control
808,7-4-8-9-8,2* 5 3* 4* 3*,5,0.979802,False,lesion>control
809,8-7-4-8-9,3* 2* 5 3* 4*,5,0.979802,False,lesion>control
810,7-0-8-1-0-3,2* 1 3* 2 1 4,6,0.979802,False,lesion>control
811,8-7-4-8-9-8,3* 2* 5 3* 4* 3*,6,0.979802,False,lesion>control
812,5-8-1-3-8-7,6 3* 2 4 3* 2*,6,0.980002,False,lesion>control
813,3-8-5-2,4 3* 6 3,4,0.980302,False,lesion>control
814,8-5-3-8-3,3* 6 4 3* 4,5,0.980602,False,control>lesion
815,1-8-1-0-8-9,2 3* 2 1 3* 4*,6,0.980602,False,control>lesion
816,8-7-8-9-1-8,3* 2* 3* 4* 2 3*,6,0.980702,False,lesion>control
817,1-8-5-4-3-8,2 3* 6 5 4 3*,6,0.980702,False,control>lesion
818,8-1-4-8,3* 2 5 3*,4,0.980902,False,lesion>control
819,3-0-3-5,4 1 4 6,4,0.980902,False,lesion>control
820,8-9-1-3,3* 4* 2 4,4,0.980902,False,lesion>control
821,7-8-1-8-9,2* 3* 2 3* 4*,5,0.981802,False,control>lesion
822,1-0-8-1,2 1 3* 2,4,0.981902,False,lesion>control
823,0-3-8-7-0-3,1 4 3* 2* 1 4,6,0.981902,False,lesion>control
824,8-1-5-8-9,3* 2 6 3* 4*,5,0.982002,False,lesion>control
825,3-8-5-2-3-8,4 3* 6 3 4 3*,6,0.982102,False,lesion>control
826,5-3-1,6 4 2,3,0.982602,False,control>lesion
827,1-4-8-1,2 5 3* 2,4,0.982602,False,lesion>control
828,1-0-8-1-5,2 1 3* 2 6,5,0.982802,False,lesion>control
829,3-8-3-8-9,4 3* 4 3* 4*,5,0.982802,False,lesion>control
830,8-3-2-7-0,3* 4 3 2* 1,5,0.982802,False,lesion>control
831,3-4-5-8-3,4 5 6 3* 4,5,0.983502,False,lesion>control
832,1-0-3-8-7-3,2 1 4 3* 2* 4,6,0.983502,False,lesion>control
833,4-8-1-0-3-8,5 3* 2 1 4 3*,6,0.983502,False,lesion>control
834,3-8-4-3,4 3* 5 4,4,0.983602,False,lesion>control
835,8-7-0-1-8-1,3* 2* 1 2 3* 2,6,0.983802,False,control>lesion
836,4-8-1-3-8,5 3* 2 4 3*,5,0.983802,False,lesion>control
837,8-9-8-7,3* 4* 3* 2*,4,0.984402,False,control>lesion
838,0-4-2,1 5 3,3,0.984402,False,lesion>control
839,3-1-4-8,4 2 5 3*,4,0.984402,False,lesion>control
840,8-0-8-1,3* 1 3* 2,4,0.984402,False,lesion>control
841,0-5-8-5-2,1 6 3* 6 3,5,0.984402,False,lesion>control
842,1-3-8-7-4,2 4 3* 2* 5,5,0.984402,False,lesion>control
843,1-5-1-5-8,2 6 2 6 3*,5,0.984402,False,lesion>control
844,3-8-1-2-3,4 3* 2 3 4,5,0.984402,False,lesion>control
845,4-5-8-0-8,5 6 3* 1 3*,5,0.984402,False,lesion>control
846,5-0-5-8-5,6 1 6 3* 6,5,0.984402,False,lesion>control
847,5-2-3-8-7,6 3 4 3* 2*,5,0.984402,False,lesion>control
848,7-4-8-1-8,2* 5 3* 2 3*,5,0.984402,False,lesion>control
849,7-5-8-1-4,2* 6 3* 2 5,5,0.984402,False,lesion>control
850,8-1-5-8-5,3* 2 6 3* 6,5,0.984402,False,lesion>control
851,8-3-8-7-4,3* 4 3* 2* 5,5,0.984402,False,lesion>control
852,8-5-0-5-0,3* 6 1 6 1,5,0.984402,False,lesion>control
853,0-3-4-5-0-3,1 4 5 6 1 4,6,0.984402,False,lesion>control
854,0-5-0-5-0-8,1 6 1 6 1 3*,6,0.984402,False,lesion>control
855,0-5-8-1-0-4,1 6 3* 2 1 5,6,0.984402,False,lesion>control
856,1-0-5-1-0-5,2 1 6 2 1 6,6,0.984402,False,lesion>control
857,1-8-1-8-7-3,2 3* 2 3* 2* 4,6,0.984402,False,lesion>control
858,3-8-3-8-5-2,4 3* 4 3* 6 3,6,0.984402,False,lesion>control
859,4-8-3-4-8-3,5 3* 4 5 3* 4,6,0.984402,False,lesion>control
860,8-1-0-8-9-4,3* 2 1 3* 4* 5,6,0.984402,False,lesion>control
861,8-1-3-8-7-5,3* 2 4 3* 2* 6,6,0.984402,False,lesion>control
862,8-4-8-7-0-8,3* 5 3* 2* 1 3*,6,0.984402,False,lesion>control
863,8-5-2-3-8-7,3* 6 3 4 3* 2*,6,0.984402,False,lesion>control
864,8-7-4-8-1-8,3* 2* 5 3* 2 3*,6,0.984402,False,lesion>control
865,8-7-5-8-1-4,3* 2* 6 3* 2 5,6,0.984402,False,lesion>control
866,9-1-8-1-8-1,4* 2 3* 2 3* 2,6,0.984402,False,lesion>control
867,8-7-0-8-9-5,3* 2* 1 3* 4* 6,6,0.984902,False,control>lesion
868,5-4-0-3,6 5 1 4,4,0.985301,False,control>lesion
869,0-7-8-9-4-5,1 2* 3* 4* 5 6,6,0.985301,False,control>lesion
870,8-1-8-3,3* 2 3* 4,4,0.985501,False,lesion>control
871,8-0-3-0,3* 1 4 1,4,0.985501,False,lesion>control
872,0-4-8-1-0,1 5 3* 2 1,5,0.985501,False,lesion>control
873,0-5-8-1-0-5,1 6 3* 2 1 6,6,0.985501,False,lesion>control
874,0-3-8-7-0,1 4 3* 2* 1,5,0.985601,False,lesion>control
875,7-8-1-8-9-4,2* 3* 2 3* 4* 5,6,0.986101,False,control>lesion
876,5-8-0-1-8-9,6 3* 1 2 3* 4*,6,0.986101,False,control>lesion
877,5-3-1-0-1,6 4 2 1 2,5,0.986101,False,control>lesion
878,9-5-4-8-7,4* 6 5 3* 2*,5,0.986101,False,control>lesion
879,1-0-8-1-0-3,2 1 3* 2 1 4,6,0.986101,False,control>lesion
880,8-4-5-4-3-8,3* 5 6 5 4 3*,6,0.986101,False,control>lesion
881,8-9-5-4-8-7,3* 4* 6 5 3* 2*,6,0.986101,False,control>lesion
882,1-0-3-8,2 1 4 3*,4,0.987601,False,lesion>control
883,7-8-9-8-7-3,2* 3* 4* 3* 2* 4,6,0.987601,False,lesion>control
884,1-0-1-5,2 1 2 6,4,0.987601,False,control>lesion
885,0-5-3-4,1 6 4 5,4,0.987601,False,control>lesion
886,9-8-0-8,4* 3* 1 3*,4,0.987601,False,control>lesion
887,1-0-5-4-0,2 1 6 5 1,5,0.987601,False,control>lesion
888,3-8-8-7-8,4 3* 3* 2* 3*,5,0.987601,False,control>lesion
889,5-4-1-0-3,6 5 2 1 4,5,0.987601,False,control>lesion
890,8-9-8-0-8,3* 4* 3* 1 3*,5,0.987601,False,control>lesion
891,0-1-3-4-8-7,1 2 4 5 3* 2*,6,0.987601,False,control>lesion
892,1-3-4-5-3-8,2 4 5 6 4 3*,6,0.987601,False,control>lesion
893,1-8-9-8-3-2,2 3* 4* 3* 4 3,6,0.987601,False,control>lesion
894,3-4-3-8-0-1,4 5 4 3* 1 2,6,0.987601,False,control>lesion
895,5-4-8-0-1-8,6 5 3* 1 2 3*,6,0.987601,False,control>lesion
896,8-9-8-5-4-3,3* 4* 3* 6 5 4,6,0.987601,False,control>lesion
897,5-0-3-0,6 1 4 1,4,0.987901,False,lesion>control
898,0-1-3-5-8,1 2 4 6 3*,5,0.988001,False,control>lesion
899,8-1-4-8-1,3* 2 5 3* 2,5,0.988101,False,lesion>control
900,4-5-8-7-8-9,5 6 3* 2* 3* 4*,6,0.988101,False,control>lesion
901,0-1-5,1 2 6,3,0.988401,False,control>lesion
902,5-8-1-3,6 3* 2 4,4,0.988901,False,lesion>control
903,5-0-4-5,6 1 5 6,4,0.988901,False,lesion>control
904,0-3-0-3-0,1 4 1 4 1,5,0.988901,False,lesion>control
905,7-3-8-7-5,2* 4 3* 2* 6,5,0.988901,False,lesion>control
906,8-7-3-8-7-5,3* 2* 4 3* 2* 6,6,0.988901,False,lesion>control
907,2-0-5,3 1 6,3,0.988901,False,lesion>control
908,7-8-9-5-8,2* 3* 4* 6 3*,5,0.988901,False,control>lesion
909,8-7-8-9-5-8,3* 2* 3* 4* 6 3*,6,0.988901,False,control>lesion
910,9-1-3-8,4* 2 4 3*,4,0.988901,False,lesion>control
911,0-3-0-5-0,1 4 1 6 1,5,0.988901,False,lesion>control
912,8-1-0-3-8,3* 2 1 4 3*,5,0.989401,False,lesion>control
913,9-8-7-8-9-5,4* 3* 2* 3* 4* 6,6,0.989401,False,control>lesion
914,0-1-8-4-5,1 2 3* 5 6,5,0.989401,False,control>lesion
915,1-8-7-3,2 3* 2* 4,4,0.989401,False,lesion>control
916,8-1-5-3-8-7,3* 2 6 4 3* 2*,6,0.989401,False,lesion>control
917,8-3-8-7-5-8,3* 4 3* 2* 6 3*,6,0.989401,False,lesion>control
918,9-8-3-8-3-5,4* 3* 4 3* 4 6,6,0.989701,False,control>lesion
919,4-5-3,5 6 4,3,0.989801,False,control>lesion
920,7-8-1-2,2* 3* 2 3,4,0.989801,False,control>lesion
921,9-4-8-7-0-1,4* 5 3* 2* 1 2,6,0.989801,False,control>lesion
922,4-5-4-8-0,5 6 5 3* 1,5,0.989801,False,control>lesion
923,5-8-0-1-3,6 3* 1 2 4,5,0.989801,False,control>lesion
924,1-8-1-8-7-8,2 3* 2 3* 2* 3*,6,0.989801,False,control>lesion
925,1-8-9-8-3-5,2 3* 4* 3* 4 6,6,0.989801,False,control>lesion
926,9-8-7-8-9-8,4* 3* 2* 3* 4* 3*,6,0.989901,False,control>lesion
927,3-1-8-9,4 2 3* 4*,4,0.989901,False,lesion>control
928,9-4-5-3,4* 5 6 4,4,0.989901,False,control>lesion
929,8-9-4-5-3,3* 4* 5 6 4,5,0.989901,False,control>lesion
930,3-5-3-1,4 6 4 2,4,0.989901,False,control>lesion
931,1-0-4,2 1 5,3,0.990001,False,lesion>control
932,0-1-8-4,1 2 3* 5,4,0.990001,False,control>lesion
933,9-8-7-8-9,4* 3* 2* 3* 4*,5,0.990301,False,control>lesion
934,3-8-3-8,4 3* 4 3*,4,0.990301,False,lesion>control
935,4-8-1-8-1,5 3* 2 3* 2,5,0.990301,False,lesion>control
936,4-1-3,5 2 4,3,0.990301,False,lesion>control
937,8-1-0-5-8-1,3* 2 1 6 3* 2,6,0.990301,False,lesion>control
938,1-0-8-9-5,2 1 3* 4* 6,5,0.990401,False,control>lesion
939,0-1-8-4-5-4,1 2 3* 5 6 5,6,0.990701,False,control>lesion
940,7-8-9-5-8-7,2* 3* 4* 6 3* 2*,6,0.991001,False,control>lesion
941,8-7-8-1-3,3* 2* 3* 2 4,5,0.991101,False,lesion>control
942,4-8-0-1-8,5 3* 1 2 3*,5,0.991101,False,control>lesion
943,9-8-5-3-8,4* 3* 6 4 3*,5,0.991101,False,control>lesion
944,8-9-8-5-3-8,3* 4* 3* 6 4 3*,6,0.991101,False,control>lesion
945,7-8-1-2-9,2* 3* 2 3 4*,5,0.991501,False,control>lesion
946,7-8-1-2-9-8,2* 3* 2 3 4* 3*,6,0.991501,False,control>lesion
947,8-3-8-3-8-4,3* 4 3* 4 3* 5,6,0.991701,False,lesion>control
948,1-0-1-3,2 1 2 4,4,0.991801,False,control>lesion
949,7-8-9-3-8,2* 3* 4* 4 3*,5,0.991801,False,control>lesion
950,8-7-8-9-3-8,3* 2* 3* 4* 4 3*,6,0.991801,False,control>lesion
951,3-1-3-8-3,4 2 4 3* 4,5,0.991801,False,lesion>control
952,8-0-3-8-3,3* 1 4 3* 4,5,0.991801,False,lesion>control
953,8-7-0-3-1,3* 2* 1 4 2,5,0.991801,False,lesion>control
954,4-8-9-8-3-8,5 3* 4* 3* 4 3*,6,0.991801,False,lesion>control
955,8-7-8-1-2,3* 2* 3* 2 3,5,0.992201,False,control>lesion
956,0-5-8-5,1 6 3* 6,4,0.992201,False,lesion>control
957,2-3-8-7,3 4 3* 2*,4,0.992201,False,lesion>control
958,5-4-8-7-8-9,6 5 3* 2* 3* 4*,6,0.992501,False,control>lesion
959,8-3-5-8-7-8,3* 4 6 3* 2* 3*,6,0.992501,False,control>lesion
960,5-2-5-2,6 3 6 3,4,0.992501,False,lesion>control
961,5-8-1-4-8-1,6 3* 2 5 3* 2,6,0.992501,False,lesion>control
962,3-2-7-8-1-8,4 3 2* 3* 2 3*,6,0.992601,False,lesion>control
963,0-1-3,1 2 4,3,0.992801,False,control>lesion
964,3-4-5-3-1,4 5 6 4 2,5,0.993401,False,control>lesion
965,3-8-7-8-0-1,4 3* 2* 3* 1 2,6,0.993401,False,control>lesion
966,5-4-5-1,6 5 6 2,4,0.993701,False,control>lesion
967,0-1-8-5-4,1 2 3* 6 5,5,0.993701,False,control>lesion
968,5-4-8-9,6 5 3* 4*,4,0.994101,False,control>lesion
969,5-1-0-1-8,6 2 1 2 3*,5,0.994101,False,control>lesion
970,8-0-1-8-5,3* 1 2 3* 6,5,0.994101,False,control>lesion
971,5-1-0-1-8-9,6 2 1 2 3* 4*,6,0.994101,False,control>lesion
972,8-0-3-5-3,3* 1 4 6 4,5,0.994201,False,control>lesion
973,3-0-5-0,4 1 6 1,4,0.994301,False,lesion>control
974,4-3-8-7-0,5 4 3* 2* 1,5,0.994501,False,control>lesion
975,8-9-1-8-9,3* 4* 2 3* 4*,5,0.994501,False,lesion>control
976,0-3-8-3-8,1 4 3* 4 3*,5,0.994501,False,lesion>control
977,3-8-3-8-5,4 3* 4 3* 6,5,0.994501,False,lesion>control
978,8-7-8-1-2-9,3* 2* 3* 2 3 4*,6,0.994501,False,control>lesion
979,9-8-3-2-7,4* 3* 4 3 2*,5,0.994501,False,control>lesion
980,8-9-8-3-2-7,3* 4* 3* 4 3 2*,6,0.994501,False,control>lesion
981,9-8-3-2-7-8,4* 3* 4 3 2* 3*,6,0.994501,False,control>lesion
982,0-8,1 3*,2,0.994601,False,lesion>control
983,7-8-1-3,2* 3* 2 4,4,0.994601,False,lesion>control
984,7-8-7-8-9,2* 3* 2* 3* 4*,5,0.994601,False,control>lesion
985,7-8-9-1-8,2* 3* 4* 2 3*,5,0.994601,False,lesion>control
986,8-7-8-7-8-9,3* 2* 3* 2* 3* 4*,6,0.994601,False,control>lesion
987,7-0-3-8-3,2* 1 4 3* 4,5,0.994601,False,lesion>control
988,8-7-0-3-8-3,3* 2* 1 4 3* 4,6,0.994601,False,lesion>control
989,7-0-8-1-8-1,2* 1 3* 2 3* 2,6,0.994601,False,lesion>control
990,3-5-0-1,4 6 1 2,4,0.994601,False,control>lesion
991,9-3-8-3,4* 4 3* 4,4,0.994601,False,control>lesion
992,3-8-3-5-4,4 3* 4 6 5,5,0.994601,False,control>lesion
993,8-9-3-8-3,3* 4* 4 3* 4,5,0.994601,False,control>lesion
994,8-3-8-3-8-5,3* 4 3* 4 3* 6,6,0.994601,False,lesion>control
995,8-1-3-8-1-8,3* 2 4 3* 2 3*,6,0.994601,False,lesion>control
996,3-0-5-0-5-0,4 1 6 1 6 1,6,0.994601,False,lesion>control
997,1-0-8,2 1 3*,3,0.994701,False,lesion>control
998,8-9-5,3* 4* 6,3,0.994701,False,control>lesion
999,1-8-9-4-5,2 3* 4* 5 6,5,0.994701,False,control>lesion
1000,4-5-8-0-1-8,5 6 3* 1 2 3*,6,0.994701,False,control>lesion
1001,4-5-3-8,5 6 4 3*,4,0.994801,False,control>lesion
1002,5-3-1-8,6 4 2 3*,4,0.994801,False,control>lesion
1003,5-3-8-3-8-3,6 4 3* 4 3* 4,6,0.994801,False,control>lesion
1004,9-4-3-4,4* 5 4 5,4,0.994901,False,control>lesion
1005,8-9-4-3-4,3* 4* 5 4 5,5,0.994901,False,control>lesion
1006,3-4-5-8-7-8,4 5 6 3* 2* 3*,6,0.994901,False,control>lesion
1007,8-9-8-7-8-9,3* 4* 3* 2* 3* 4*,6,0.9951,False,control>lesion
1008,5-0-8-3,6 1 3* 4,4,0.9951,False,lesion>control
1009,5-1-5-8,6 2 6 3*,4,0.9951,False,lesion>control
1010,0-8-1-0-8-9,1 3* 2 1 3* 4*,6,0.9951,False,lesion>control
1011,3-8-1-2,4 3* 2 3,4,0.9953,False,lesion>control
1012,5-2-1-0,6 3 2 1,4,0.9953,False,lesion>control
1013,8-3-2-1-0,3* 4 3 2 1,5,0.9953,False,lesion>control
1014,4-8-1-8-9-8,5 3* 2 3* 4* 3*,6,0.9953,False,lesion>control
1015,0-3-4-1,1 4 5 2,4,0.9954,False,lesion>control
1016,1-5-1-5,2 6 2 6,4,0.9954,False,lesion>control
1017,1-5-8-9-8,2 6 3* 4* 3*,5,0.9954,False,lesion>control
1018,8-3-4-5-0,3* 4 5 6 1,5,0.9954,False,lesion>control
1019,5-8-1-0-8-1,6 3* 2 1 3* 2,6,0.9954,False,lesion>control
1020,0-8-5-0,1 3* 6 1,4,0.9957,False,lesion>control
1021,8-9-8-7-5,3* 4* 3* 2* 6,5,0.9957,False,lesion>control
1022,9-8-7-5-8,4* 3* 2* 6 3*,5,0.9957,False,lesion>control
1023,3-8-7-8-5-8,4 3* 2* 3* 6 3*,6,0.9957,False,lesion>control
1024,5-8-7-3-8-3,6 3* 2* 4 3* 4,6,0.9957,False,lesion>control
1025,0-5,1 6,2,0.9968,False,lesion>control
1026,0-1-8-9-4-5,1 2 3* 4* 5 6,6,0.9968,False,control>lesion
1027,5-8-1-5,6 3* 2 6,4,0.9968,False,lesion>control
1028,3-8-3-3,4 3* 4 4,4,0.9968,False,lesion>control
1029,3-8-5-2-7,4 3* 6 3 2*,5,0.9968,False,lesion>control
1030,3-0-3-0-5-0,4 1 4 1 6 1,6,0.9968,False,lesion>control
1031,2-5-8,3 6 3*,3,0.9968,False,lesion>control
1032,8-4-1,3* 5 2,3,0.9968,False,lesion>control
1033,2-7-0-1,3 2* 1 2,4,0.9968,False,lesion>control
1034,0-4-5-0-5,1 5 6 1 6,5,0.9968,False,lesion>control
1035,0-8-9-1-8,1 3* 4* 2 3*,5,0.9968,False,lesion>control
1036,1-0-4-5-8,2 1 5 6 3*,5,0.9968,False,lesion>control
1037,3-2-3-2-7,4 3 4 3 2*,5,0.9968,False,lesion>control
1038,3-8-4-8-3,4 3* 5 3* 4,5,0.9968,False,lesion>control
1039,0-8-1-0-1-8,1 3* 2 1 2 3*,6,0.9968,False,lesion>control
1040,1-8-7-3-8-7,2 3* 2* 4 3* 2*,6,0.9968,False,lesion>control
1041,3-8-3-2-3-2,4 3* 4 3 4 3,6,0.9968,False,lesion>control
1042,5-8-1-3-8-3,6 3* 2 4 3* 4,6,0.9968,False,lesion>control
1043,7-0-1-0-1-0,2* 1 2 1 2 1,6,0.9968,False,lesion>control
1044,7-5-8-1-8-1,2* 6 3* 2 3* 2,6,0.9968,False,lesion>control
1045,8-3-2-3-2-7,3* 4 3 4 3 2*,6,0.9968,False,lesion>control
1046,7-0-3-1,2* 1 4 2,4,0.9969,False,lesion>control
1047,4-8-9-8-3,5 3* 4* 3* 4,5,0.9969,False,lesion>control
1048,1-5-8-9,2 6 3* 4*,4,0.997,False,lesion>control
1049,2-0,3 1,2,0.9971,False,lesion>control
1050,1-8-1-0-1-8,2 3* 2 1 2 3*,6,0.9973,False,control>lesion
1051,8-1-3-8-1,3* 2 4 3* 2,5,0.9973,False,lesion>control
1052,0-1-3-5-4,1 2 4 6 5,5,0.9973,False,control>lesion
1053,3-8-8-7,4 3* 3* 2*,4,0.9973,False,control>lesion
1054,9-8-3-4-5-4,4* 3* 4 5 6 5,6,0.9973,False,control>lesion
1055,9-4-5-3-8,4* 5 6 4 3*,5,0.9974,False,control>lesion
1056,8-9-4-5-3-8,3* 4* 5 6 4 3*,6,0.9974,False,control>lesion
1057,9-8-3-4-8-7,4* 3* 4 5 3* 2*,6,0.9974,False,control>lesion
1058,0-3-8-3-8-7,1 4 3* 4 3* 2*,6,0.9974,False,lesion>control
1059,4-3-5,5 4 6,3,0.9974,False,control>lesion
1060,8-1-8-0-1-8,3* 2 3* 1 2 3*,6,0.9974,False,lesion>control
1061,9-8-5-2,4* 3* 6 3,4,0.9974,False,lesion>control
1062,1-8-1-8-9,2 3* 2 3* 4*,5,0.9975,False,lesion>control
1063,3-8-9-8,4 3* 4* 3*,4,0.9975,False,lesion>control
1064,5-8-3-8-3-4,6 3* 4 3* 4 5,6,0.9976,False,lesion>control
1065,2-1-0-8,3 2 1 3*,4,0.9976,False,lesion>control
1066,5-0-4-1,6 1 5 2,4,0.9976,False,lesion>control
1067,5-8-5-9,6 3* 6 4*,4,0.9976,False,lesion>control
1068,1-5-8-5-9,2 6 3* 6 4*,5,0.9976,False,lesion>control
1069,5-0-3-5-3,6 1 4 6 4,5,0.9976,False,lesion>control
1070,5-8-5-9-8,6 3* 6 4* 3*,5,0.9976,False,lesion>control
1071,1-5-8-5-9-8,2 6 3* 6 4* 3*,6,0.9976,False,lesion>control
1072,3-8-1-5,4 3* 2 6,4,0.9981,False,lesion>control
1073,3-8-7-3-8-5,4 3* 2* 4 3* 6,6,0.9981,False,lesion>control
1074,0-3-5-0-4,1 4 6 1 5,5,0.9981,False,lesion>control
1075,0-3-5-0-8,1 4 6 1 3*,5,0.9981,False,lesion>control
1076,0-4-8-3-8,1 5 3* 4 3*,5,0.9981,False,lesion>control
1077,4-0-3-5-0,5 1 4 6 1,5,0.9981,False,lesion>control
1078,5-0-4-5-1,6 1 5 6 2,5,0.9981,False,lesion>control
1079,8-4-8-1-3,3* 5 3* 2 4,5,0.9981,False,lesion>control
1080,0-3-5-0-4-5,1 4 6 1 5 6,6,0.9981,False,lesion>control
1081,3-4-0-3-5-0,4 5 1 4 6 1,6,0.9981,False,lesion>control
1082,8-4-8-1-3-8,3* 5 3* 2 4 3*,6,0.9981,False,lesion>control
1083,7-2,2* 3,2,0.9985,False,lesion>control
1084,8-7-2,3* 2* 3,3,0.9985,False,lesion>control
1085,0-4-1-4,1 5 2 5,4,0.9985,False,lesion>control
1086,2-1-4-8,3 2 5 3*,4,0.9985,False,lesion>control
1087,0-3-0-3-4,1 4 1 4 5,5,0.9985,False,lesion>control
1088,1-3-8-9-8,2 4 3* 4* 3*,5,0.9985,False,lesion>control
1089,3-0-3-4-5,4 1 4 5 6,5,0.9985,False,lesion>control
1090,4-8-0-8-1,5 3* 1 3* 2,5,0.9985,False,lesion>control
1091,4-8-7-0-5,5 3* 2* 1 6,5,0.9985,False,lesion>control
1092,7-8-1-5-4,2* 3* 2 6 5,5,0.9985,False,lesion>control
1093,0-5-0-5-0-4,1 6 1 6 1 5,6,0.9985,False,lesion>control
1094,0-8-1-8-7-8,1 3* 2 3* 2* 3*,6,0.9985,False,lesion>control
1095,1-0-8-3-2-1,2 1 3* 4 3 2,6,0.9985,False,lesion>control
1096,3-5-0-3-0-3,4 6 1 4 1 4,6,0.9985,False,lesion>control
1097,7-0-1-3-5-3,2* 1 2 4 6 4,6,0.9985,False,lesion>control
1098,7-8-1-3-8-1,2* 3* 2 4 3* 2,6,0.9985,False,lesion>control
1099,8-3-8-7-3-1,3* 4 3* 2* 4 2,6,0.9985,False,lesion>control
1100,8-7-8-1-5-4,3* 2* 3* 2 6 5,6,0.9985,False,lesion>control
1101,2-3-1,3 4 2,3,0.9988,False,lesion>control
1102,0-2-5-2,1 3 6 3,4,0.9988,False,lesion>control
1103,1-4-8-5,2 5 3* 6,4,0.9988,False,lesion>control
1104,2-3-8-4,3 4 3* 5,4,0.9988,False,lesion>control
1105,2-7-5-3,3 2* 6 4,4,0.9988,False,lesion>control
1106,5-2-0-9,6 3 1 4*,4,0.9988,False,lesion>control
1107,5-8-7-4,6 3* 2* 5,4,0.9988,False,lesion>control
1108,5-8-9-1,6 3* 4* 2,4,0.9988,False,lesion>control
1109,7-8-0-5,2* 3* 1 6,4,0.9988,False,lesion>control
1110,0-3-0-3-1,1 4 1 4 2,5,0.9988,False,lesion>control
1111,1-5-8-5-2,2 6 3* 6 3,5,0.9988,False,lesion>control
1112,2-7-5-3-8,3 2* 6 4 3*,5,0.9988,False,lesion>control
1113,3-8-1-8-3,4 3* 2 3* 4,5,0.9988,False,lesion>control
1114,4-2-1-8-4,5 3 2 3* 5,5,0.9988,False,lesion>control
1115,4-8-3-1-0,5 3* 4 2 1,5,0.9988,False,lesion>control
1116,5-2-0-9-8,6 3 1 4* 3*,5,0.9988,False,lesion>control
1117,5-8-7-4-8,6 3* 2* 5 3*,5,0.9988,False,lesion>control
1118,7-3-8-3-2,2* 4 3* 4 3,5,0.9988,False,lesion>control
1119,8-5-8-7-4,3* 6 3* 2* 5,5,0.9988,False,lesion>control
1120,8-7-8-0-5,3* 2* 3* 1 6,5,0.9988,False,lesion>control
1121,0-3-1-0-5-8,1 4 2 1 6 3*,6,0.9988,False,lesion>control
1122,1-3-8-3-8-0,2 4 3* 4 3* 1,6,0.9988,False,lesion>control
1123,1-3-8-4-3-8,2 4 3* 5 4 3*,6,0.9988,False,lesion>control
1124,1-5-8-1-5-3,2 6 3* 2 6 4,6,0.9988,False,lesion>control
1125,1-8-3-2-1-3,2 3* 4 3 2 4,6,0.9988,False,lesion>control
1126,1-8-9-4-5-1,2 3* 4* 5 6 2,6,0.9988,False,lesion>control
1127,1-8-9-8-7-5,2 3* 4* 3* 2* 6,6,0.9988,False,lesion>control
1128,2-1-3-8-1-3,3 2 4 3* 2 4,6,0.9988,False,lesion>control
1129,2-1-3-8-7-3,3 2 4 3* 2* 4,6,0.9988,False,lesion>control
1130,2-1-8-1-3-8,3 2 3* 2 4 3*,6,0.9988,False,lesion>control
1131,3-8-1-0-1-3,4 3* 2 1 2 4,6,0.9988,False,lesion>control
1132,3-8-1-8-3-2,4 3* 2 3* 4 3,6,0.9988,False,lesion>control
1133,3-8-7-5-8-0,4 3* 2* 6 3* 1,6,0.9988,False,lesion>control
1134,8-1-8-1-8-0,3* 2 3* 2 3* 1,6,0.9988,False,lesion>control
1135,8-4-8-7-0-3,3* 5 3* 2* 1 4,6,0.9988,False,lesion>control
1136,8-5-8-7-4-8,3* 6 3* 2* 5 3*,6,0.9988,False,lesion>control
1137,8-7-3-8-3-2,3* 2* 4 3* 4 3,6,0.9988,False,lesion>control
1138,8-7-3-8-4-8,3* 2* 4 3* 5 3*,6,0.9988,False,lesion>control
1139,9-4-5-8-3-1,4* 5 6 3* 4 2,6,0.9988,False,lesion>control
1140,2-0-5-8,3 1 6 3*,4,0.9992,False,lesion>control
1141,3-8-0-4,4 3* 1 5,4,0.9992,False,lesion>control
1142,4-2-7-8,5 3 2* 3*,4,0.9992,False,lesion>control
1143,7-5-8-5,2* 6 3* 6,4,0.9992,False,lesion>control
1144,8-0-4-2,3* 1 5 3,4,0.9992,False,lesion>control
1145,9-1-3-1,4* 2 4 2,4,0.9992,False,lesion>control
1146,0-5-1-5-8,1 6 2 6 3*,5,0.9992,False,lesion>control
1147,0-8-1-5-8,1 3* 2 6 3*,5,0.9992,False,lesion>control
1148,1-3-1-3-0,2 4 2 4 1,5,0.9992,False,lesion>control
1149,3-1-3-0-3,4 2 4 1 4,5,0.9992,False,lesion>control
1150,3-1-5-8-9,4 2 6 3* 4*,5,0.9992,False,lesion>control
1151,4-5-0-4-5,5 6 1 5 6,5,0.9992,False,lesion>control
1152,4-8-0-3-4,5 3* 1 4 5,5,0.9992,False,lesion>control
1153,5-1-5-8-5,6 2 6 3* 6,5,0.9992,False,lesion>control
1154,5-3-4-0-3,6 4 5 1 4,5,0.9992,False,lesion>control
1155,7-4-8-1-4,2* 5 3* 2 5,5,0.9992,False,lesion>control
1156,8-7-5-8-5,3* 2* 6 3* 6,5,0.9992,False,lesion>control
1157,9-1-0-8-9,4* 2 1 3* 4*,5,0.9992,False,lesion>control
1158,9-8-3-1-3,4* 3* 4 2 4,5,0.9992,False,lesion>control
1159,0-3-0-8-3-0,1 4 1 3* 4 1,6,0.9992,False,lesion>control
1160,0-3-8-3-1-0,1 4 3* 4 2 1,6,0.9992,False,lesion>control
1161,0-5-8-0-5-8,1 6 3* 1 6 3*,6,0.9992,False,lesion>control
1162,0-5-8-5-2-1,1 6 3* 6 3 2,6,0.9992,False,lesion>control
1163,1-0-8-1-5-8,2 1 3* 2 6 3*,6,0.9992,False,lesion>control
1164,1-3-8-7-4-8,2 4 3* 2* 5 3*,6,0.9992,False,lesion>control
1165,1-4-8-1-5-8,2 5 3* 2 6 3*,6,0.9992,False,lesion>control
1166,1-5-1-5-8-1,2 6 2 6 3* 2,6,0.9992,False,lesion>control
1167,1-8-1-4-8-1,2 3* 2 5 3* 2,6,0.9992,False,lesion>control
1168,2-7-3-8-7-3,3 2* 4 3* 2* 4,6,0.9992,False,lesion>control
1169,3-1-3-8-1-3,4 2 4 3* 2 4,6,0.9992,False,lesion>control
1170,3-1-3-8-7-8,4 2 4 3* 2* 3*,6,0.9992,False,lesion>control
1171,3-8-7-5-8-5,4 3* 2* 6 3* 6,6,0.9992,False,lesion>control
1172,4-5-8-7-3-8,5 6 3* 2* 4 3*,6,0.9992,False,lesion>control
1173,5-0-8-3-0-3,6 1 3* 4 1 4,6,0.9992,False,lesion>control
1174,5-8-1-5-8-9,6 3* 2 6 3* 4*,6,0.9992,False,lesion>control
1175,5-8-3-8-7-5,6 3* 4 3* 2* 6,6,0.9992,False,lesion>control
1176,7-4-3-8-7-0,2* 5 4 3* 2* 1,6,0.9992,False,lesion>control
1177,7-4-8-1-4-8,2* 5 3* 2 5 3*,6,0.9992,False,lesion>control
1178,8-1-3-8-0-8,3* 2 4 3* 1 3*,6,0.9992,False,lesion>control
1179,8-1-5-8-9-8,3* 2 6 3* 4* 3*,6,0.9992,False,lesion>control
1180,8-5-2-1-0-5,3* 6 3 2 1 6,6,0.9992,False,lesion>control
1181,8-5-3-8-7-3,3* 6 4 3* 2* 4,6,0.9992,False,lesion>control
1182,8-7-4-8-1-4,3* 2* 5 3* 2 5,6,0.9992,False,lesion>control
1183,8-7-4-8-1-5,3* 2* 5 3* 2 6,6,0.9992,False,lesion>control
1184,8-9-1-0-8-9,3* 4* 2 1 3* 4*,6,0.9992,False,lesion>control
1185,8-9-8-3-1-3,3* 4* 3* 4 2 4,6,0.9992,False,lesion>control
1186,1-8-1-0-8-1,2 3* 2 1 3* 2,6,0.9994,False,lesion>control
1187,8-1-8-3-2,3* 2 3* 4 3,5,0.9994,False,lesion>control
1188,3-2-4,4 3 5,3,0.9994,False,lesion>control
1189,1-8-7-4,2 3* 2* 5,4,0.9994,False,lesion>control
1190,3-0-4-8,4 1 5 3*,4,0.9994,False,lesion>control
1191,3-2-5-8,4 3 6 3*,4,0.9994,False,lesion>control
1192,4-2-1-0,5 3 2 1,4,0.9994,False,lesion>control
1193,4-3-4-0,5 4 5 1,4,0.9994,False,lesion>control
1194,4-8-3-2,5 3* 4 3,4,0.9994,False,lesion>control
1195,8-3-2-0,3* 4 3 1,4,0.9994,False,lesion>control
1196,8-3-2-4,3* 4 3 5,4,0.9994,False,lesion>control
1197,0-5-0-8-5,1 6 1 3* 6,5,0.9994,False,lesion>control
1198,0-5-8-3-8,1 6 3* 4 3*,5,0.9994,False,lesion>control
1199,1-8-7-4-8,2 3* 2* 5 3*,5,0.9994,False,lesion>control
1200,3-2-7-0-8,4 3 2* 1 3*,5,0.9994,False,lesion>control
1201,3-8-1-0-4,4 3* 2 1 5,5,0.9994,False,lesion>control
1202,4-5-3-5-4,5 6 4 6 5,5,0.9994,False,lesion>control
1203,4-8-0-3-8,5 3* 1 4 3*,5,0.9994,False,lesion>control
1204,5-0-5-8-1,6 1 6 3* 2,5,0.9994,False,lesion>control
1205,5-3-5-3-8,6 4 6 4 3*,5,0.9994,False,lesion>control
1206,5-8-0-3-0,6 3* 1 4 1,5,0.9994,False,lesion>control
1207,7-0-8-3-2,2* 1 3* 4 3,5,0.9994,False,lesion>control
1208,7-3-8-5-8,2* 4 3* 6 3*,5,0.9994,False,lesion>control
1209,8-1-0-8-3,3* 2 1 3* 4,5,0.9994,False,lesion>control
1210,8-3-0-3-8,3* 4 1 4 3*,5,0.9994,False,lesion>control
1211,8-3-1-5-8,3* 4 2 6 3*,5,0.9994,False,lesion>control
1212,2-1-2-9-8-3,3 2 3 4* 3* 4,6,0.9994,False,lesion>control
1213,3-0-3-8-3-8,4 1 4 3* 4 3*,6,0.9994,False,lesion>control
1214,3-1-0-4-5-8,4 2 1 5 6 3*,6,0.9994,False,lesion>control
1215,3-2-7-0-8-9,4 3 2* 1 3* 4*,6,0.9994,False,lesion>control
1216,3-8-7-4-8-9,4 3* 2* 5 3* 4*,6,0.9994,False,lesion>control
1217,4-8-3-1-8-9,5 3* 4 2 3* 4*,6,0.9994,False,lesion>control
1218,5-2-3-8-3-8,6 3 4 3* 4 3*,6,0.9994,False,lesion>control
1219,5-3-8-5-2-7,6 4 3* 6 3 2*,6,0.9994,False,lesion>control
1220,7-3-8-7-8-5,2* 4 3* 2* 3* 6,6,0.9994,False,lesion>control
1221,7-4-8-9-8-3,2* 5 3* 4* 3* 4,6,0.9994,False,lesion>control
1222,8-1-8-4-8-9,3* 2 3* 5 3* 4*,6,0.9994,False,lesion>control
1223,8-3-0-3-8-3,3* 4 1 4 3* 4,6,0.9994,False,lesion>control
1224,8-3-1-5-8-1,3* 4 2 6 3* 2,6,0.9994,False,lesion>control
1225,8-3-2-7-0-8,3* 4 3 2* 1 3*,6,0.9994,False,lesion>control
1226,8-3-8-7-4-8,3* 4 3* 2* 5 3*,6,0.9994,False,lesion>control
1227,8-5-2-3-8-3,3* 6 3 4 3* 4,6,0.9994,False,lesion>control
1228,8-7-0-8-3-2,3* 2* 1 3* 4 3,6,0.9994,False,lesion>control
1229,8-7-3-8-5-8,3* 2* 4 3* 6 3*,6,0.9994,False,lesion>control
1230,9-8-5-2-3-8,4* 3* 6 3 4 3*,6,0.9994,False,lesion>control
1231,9-8-5-2-7-8,4* 3* 6 3 2* 3*,6,0.9994,False,lesion>control
1232,1-3-8-1-8,2 4 3* 2 3*,5,0.9995,False,lesion>control
1233,3-0-8-3-4,4 1 3* 4 5,5,0.9995,False,control>lesion
1234,0-1-3-4-5-3,1 2 4 5 6 4,6,0.9995,False,control>lesion
1235,3-0-8-3-4-5,4 1 3* 4 5 6,6,0.9995,False,control>lesion
1236,0-4-0-8,1 5 1 3*,4,0.9995,False,control>lesion
1237,1-5-3-5,2 6 4 6,4,0.9995,False,control>lesion
1238,2-9-1-8,3 4* 2 3*,4,0.9995,False,control>lesion
1239,0-5-3-5-0,1 6 4 6 1,5,0.9995,False,control>lesion
1240,0-8-7-5-4,1 3* 2* 6 5,5,0.9995,False,control>lesion
1241,4-1-0-5-3,5 2 1 6 4,5,0.9995,False,control>lesion
1242,4-5-0-4-0,5 6 1 5 1,5,0.9995,False,control>lesion
1243,3-1-0-3-5-4,4 2 1 4 6 5,6,0.9995,False,control>lesion
1244,4-8-1-0-1-3,5 3* 2 1 2 4,6,0.9995,False,control>lesion
1245,5-4-1-0-3-4,6 5 2 1 4 5,6,0.9995,False,control>lesion
1246,8-1-0-8-9-5,3* 2 1 3* 4* 6,6,0.9995,False,control>lesion
1247,8-3-8-0-8-3,3* 4 3* 1 3* 4,6,0.9995,False,control>lesion
1248,4-3-5-3,5 4 6 4,4,0.9998,False,control>lesion
1249,4-3-5-8,5 4 6 3*,4,0.9998,False,control>lesion
1250,5-3-4-1,6 4 5 2,4,0.9998,False,control>lesion
1251,0-8-3-5-4,1 3* 4 6 5,5,0.9998,False,control>lesion
1252,1-4-5-8-9,2 5 6 3* 4*,5,0.9998,False,control>lesion
1253,1-5-3-1-0,2 6 4 2 1,5,0.9998,False,control>lesion
1254,3-1-8-3-5,4 2 3* 4 6,5,0.9998,False,control>lesion
1255,3-5-4-0-8,4 6 5 1 3*,5,0.9998,False,control>lesion
1256,4-3-1-8-1,5 4 2 3* 2,5,0.9998,False,control>lesion
1257,4-5-3-5-8,5 6 4 6 3*,5,0.9998,False,control>lesion
1258,4-5-3-8-5,5 6 4 3* 6,5,0.9998,False,control>lesion
1259,5-3-4-1-0,6 4 5 2 1,5,0.9998,False,control>lesion
1260,5-3-5-8-0,6 4 6 3* 1,5,0.9998,False,control>lesion
1261,5-8-9-5-4,6 3* 4* 6 5,5,0.9998,False,control>lesion
1262,8-3-5-3-1,3* 4 6 4 2,5,0.9998,False,control>lesion
1263,9-8-3-8-8,4* 3* 4 3* 3*,5,0.9998,False,control>lesion
1264,0-1-3-8-5-3,1 2 4 3* 6 4,6,0.9998,False,control>lesion
1265,0-8-3-4-5-1,1 3* 4 5 6 2,6,0.9998,False,control>lesion
1266,1-0-1-3-8-5,2 1 2 4 3* 6,6,0.9998,False,control>lesion
1267,1-3-8-0-1-8,2 4 3* 1 2 3*,6,0.9998,False,control>lesion
1268,1-8-4-5-8-1,2 3* 5 6 3* 2,6,0.9998,False,control>lesion
1269,3-4-1-0-1-3,4 5 2 1 2 4,6,0.9998,False,control>lesion
1270,3-4-5-1-0-1,4 5 6 2 1 2,6,0.9998,False,control>lesion
1271,3-4-5-1-0-8,4 5 6 2 1 3*,6,0.9998,False,control>lesion
1272,3-5-4-5-3-8,4 6 5 6 4 3*,6,0.9998,False,control>lesion
1273,4-5-1-0-8-1,5 6 2 1 3* 2,6,0.9998,False,control>lesion
1274,4-5-3-5-8-0,5 6 4 6 3* 1,6,0.9998,False,control>lesion
1275,4-8-0-1-3-4,5 3* 1 2 4 5,6,0.9998,False,control>lesion
1276,5-3-0-1-3-4,6 4 1 2 4 5,6,0.9998,False,control>lesion
1277,5-4-5-8-7-8,6 5 6 3* 2* 3*,6,0.9998,False,control>lesion
1278,7-0-1-8-4-5,2* 1 2 3* 5 6,6,0.9998,False,control>lesion
1279,8-0-1-8-5-4,3* 1 2 3* 6 5,6,0.9998,False,control>lesion
1280,8-0-3-5-3-8,3* 1 4 6 4 3*,6,0.9998,False,control>lesion
1281,8-4-5-4-8-1,3* 5 6 5 3* 2,6,0.9998,False,control>lesion
1282,8-9-8-3-8-8,3* 4* 3* 4 3* 3*,6,0.9998,False,control>lesion
1283,9-4-5-4-3-0,4* 5 6 5 4 1,6,0.9998,False,control>lesion
1284,8-9-1-8-9-8,3* 4* 2 3* 4* 3*,6,0.9999,False,lesion>control
1285,8-1-8-9-4-3,3* 2 3* 4* 5 4,6,0.9999,False,control>lesion
1286,7-8-1-0-8-1,2* 3* 2 1 3* 2,6,0.9999,False,lesion>control
1287,0-1-4-5,1 2 5 6,4,0.9999,False,control>lesion
1288,3-4-0-3,4 5 1 4,4,0.9999,False,lesion>control
1289,4-5-8-3-4,5 6 3* 4 5,5,0.9999,False,lesion>control
1290,7-3-5-4,2* 4 6 5,4,0.9999,False,control>lesion
1291,8-7-3-5-4,3* 2* 4 6 5,5,0.9999,False,control>lesion
1292,1-8-9-5-3-8,2 3* 4* 6 4 3*,6,0.9999,False,control>lesion
1293,3-8-7-8-5-4,4 3* 2* 3* 6 5,6,0.9999,False,control>lesion
1294,9-4-5-3-8-3,4* 5 6 4 3* 4,6,0.9999,False,control>lesion
1295,1-0-8-7,2 1 3* 2*,4,0.9999,False,control>lesion
1296,4-0-5-3,5 1 6 4,4,0.9999,False,control>lesion
1297,4-8-9-5,5 3* 4* 6,4,0.9999,False,control>lesion
1298,5-0-4-8,6 1 5 3*,4,0.9999,False,control>lesion
1299,5-3-4-3,6 4 5 4,4,0.9999,False,control>lesion
1300,7-8-4-9,2* 3* 5 4*,4,0.9999,False,control>lesion
1301,7-8-8-9,2* 3* 3* 4*,4,0.9999,False,control>lesion
1302,8-5-4-0,3* 6 5 1,4,0.9999,False,control>lesion
1303,9-1-0-5,4* 2 1 6,4,0.9999,False,control>lesion
1304,9-3-4-3,4* 4 5 4,4,0.9999,False,control>lesion
1305,0-1-8-1-5,1 2 3* 2 6,5,0.9999,False,control>lesion
1306,0-3-1-0-1,1 4 2 1 2,5,0.9999,False,control>lesion
1307,0-3-8-0-1,1 4 3* 1 2,5,0.9999,False,control>lesion
1308,0-5-4-0-1,1 6 5 1 2,5,0.9999,False,control>lesion
1309,0-5-4-5-1,1 6 5 6 2,5,0.9999,False,control>lesion
1310,1-0-3-5-1,2 1 4 6 2,5,0.9999,False,control>lesion
1311,1-3-8-3-5,2 4 3* 4 6,5,0.9999,False,control>lesion
1312,1-8-9-3-1,2 3* 4* 4 2,5,0.9999,False,control>lesion
1313,3-8-7-8-8,4 3* 2* 3* 3*,5,0.9999,False,control>lesion
1314,4-0-1-3-8,5 1 2 4 3*,5,0.9999,False,control>lesion
1315,4-0-1-5-4,5 1 2 6 5,5,0.9999,False,control>lesion
1316,4-0-5-8-3,5 1 6 3* 4,5,0.9999,False,control>lesion
1317,4-1-0-5-4,5 2 1 6 5,5,0.9999,False,control>lesion
1318,4-3-5-4-3,5 4 6 5 4,5,0.9999,False,control>lesion
1319,4-3-8-0-8,5 4 3* 1 3*,5,0.9999,False,control>lesion
1320,4-5-4-5-3,5 6 5 6 4,5,0.9999,False,control>lesion
1321,4-5-4-8-9,5 6 5 3* 4*,5,0.9999,False,control>lesion
1322,5-0-5-8-7,6 1 6 3* 2*,5,0.9999,False,control>lesion
1323,5-3-0-1-5,6 4 1 2 6,5,0.9999,False,control>lesion
1324,5-4-0-1-5,6 5 1 2 6,5,0.9999,False,control>lesion
1325,5-4-0-3-5,6 5 1 4 6,5,0.9999,False,control>lesion
1326,5-4-3-4-5,6 5 4 5 6,5,0.9999,False,control>lesion
1327,7-8-4-9-8,2* 3* 5 4* 3*,5,0.9999,False,control>lesion
1328,8-0-1-5-3,3* 1 2 6 4,5,0.9999,False,control>lesion
1329,8-1-3-0-5,3* 2 4 1 6,5,0.9999,False,control>lesion
1330,8-3-0-1-5,3* 4 1 2 6,5,0.9999,False,control>lesion
1331,8-3-5-0-1,3* 4 6 1 2,5,0.9999,False,control>lesion
1332,8-4-9-8-7,3* 5 4* 3* 2*,5,0.9999,False,control>lesion
1333,8-7-8-4-9,3* 2* 3* 5 4*,5,0.9999,False,control>lesion
1334,8-7-8-8-9,3* 2* 3* 3* 4*,5,0.9999,False,control>lesion
1335,8-9-1-0-5,3* 4* 2 1 6,5,0.9999,False,control>lesion
1336,8-9-3-4-3,3* 4* 4 5 4,5,0.9999,False,control>lesion
1337,9-3-4-3-8,4* 4 5 4 3*,5,0.9999,False,control>lesion
1338,9-4-3-1-8,4* 5 4 2 3*,5,0.9999,False,control>lesion
1339,9-4-5-4-0,4* 5 6 5 1,5,0.9999,False,control>lesion
1340,9-5-4-3-5,4* 6 5 4 6,5,0.9999,False,control>lesion
1341,0-1-5-3-8-7,1 2 6 4 3* 2*,6,0.9999,False,control>lesion
1342,0-1-8-1-3-5,1 2 3* 2 4 6,6,0.9999,False,control>lesion
1343,0-1-8-1-8-7,1 2 3* 2 3* 2*,6,0.9999,False,control>lesion
1344,0-1-8-9-8-5,1 2 3* 4* 3* 6,6,0.9999,False,control>lesion
1345,0-3-5-8-7-3,1 4 6 3* 2* 4,6,0.9999,False,control>lesion
1346,0-3-8-7-3-5,1 4 3* 2* 4 6,6,0.9999,False,control>lesion
1347,0-5-4-1-0-5,1 6 5 2 1 6,6,0.9999,False,control>lesion
1348,0-8-1-3-4-5,1 3* 2 4 5 6,6,0.9999,False,control>lesion
1349,0-8-1-3-5-4,1 3* 2 4 6 5,6,0.9999,False,control>lesion
1350,1-0-1-0-1-3,2 1 2 1 2 4,6,0.9999,False,control>lesion
1351,1-0-1-0-5-4,2 1 2 1 6 5,6,0.9999,False,control>lesion
1352,1-0-1-0-8-9,2 1 2 1 3* 4*,6,0.9999,False,control>lesion
1353,1-0-1-3-4-8,2 1 2 4 5 3*,6,0.9999,False,control>lesion
1354,1-0-1-5-4-3,2 1 2 6 5 4,6,0.9999,False,control>lesion
1355,1-0-5-4-0-1,2 1 6 5 1 2,6,0.9999,False,control>lesion
1356,1-3-8-7-0-5,2 4 3* 2* 1 6,6,0.9999,False,control>lesion
1357,1-8-0-8-9-8,2 3* 1 3* 4* 3*,6,0.9999,False,control>lesion
1358,1-8-9-4-3-1,2 3* 4* 5 4 2,6,0.9999,False,control>lesion
1359,1-8-9-8-3-3,2 3* 4* 3* 4 4,6,0.9999,False,control>lesion
1360,3-1-0-1-3-8,4 2 1 2 4 3*,6,0.9999,False,control>lesion
1361,3-1-0-1-8-1,4 2 1 2 3* 2,6,0.9999,False,control>lesion
1362,3-1-0-3-5-3,4 2 1 4 6 4,6,0.9999,False,control>lesion
1363,3-1-0-5-4-0,4 2 1 6 5 1,6,0.9999,False,control>lesion
1364,3-1-0-8-1-3,4 2 1 3* 2 4,6,0.9999,False,control>lesion
1365,3-4-0-5-8-3,4 5 1 6 3* 4,6,0.9999,False,control>lesion
1366,3-4-5-3-0-1,4 5 6 4 1 2,6,0.9999,False,control>lesion
1367,3-4-5-3-1-8,4 5 6 4 2 3*,6,0.9999,False,control>lesion
1368,3-4-5-4-8-0,4 5 6 5 3* 1,6,0.9999,False,control>lesion
1369,3-8-0-1-8-5,4 3* 1 2 3* 6,6,0.9999,False,control>lesion
1370,3-8-7-8-4-9,4 3* 2* 3* 5 4*,6,0.9999,False,control>lesion
1371,4-5-4-3-4-5,5 6 5 4 5 6,6,0.9999,False,control>lesion
1372,4-5-4-5-3-8,5 6 5 6 4 3*,6,0.9999,False,control>lesion
1373,4-8-1-0-3-5,5 3* 2 1 4 6,6,0.9999,False,control>lesion
1374,5-0-5-3-0-5,6 1 6 4 1 6,6,0.9999,False,control>lesion
1375,5-4-3-0-1-8,6 5 4 1 2 3*,6,0.9999,False,control>lesion
1376,5-4-3-5-4-3,6 5 4 6 5 4,6,0.9999,False,control>lesion
1377,5-4-8-0-1-3,6 5 3* 1 2 4,6,0.9999,False,control>lesion
1378,5-9-8-7-8-9,6 4* 3* 2* 3* 4*,6,0.9999,False,control>lesion
1379,7-3-4-3-8-7,2* 4 5 4 3* 2*,6,0.9999,False,control>lesion
1380,7-8-1-0-1-5,2* 3* 2 1 2 6,6,0.9999,False,control>lesion
1381,7-8-5-9-8-7,2* 3* 6 4* 3* 2*,6,0.9999,False,control>lesion
1382,7-8-9-8-5-3,2* 3* 4* 3* 6 4,6,0.9999,False,control>lesion
1383,8-0-1-3-0-5,3* 1 2 4 1 6,6,0.9999,False,control>lesion
1384,8-0-1-8-9-5,3* 1 2 3* 4* 6,6,0.9999,False,control>lesion
1385,8-0-8-9-4-5,3* 1 3* 4* 5 6,6,0.9999,False,control>lesion
1386,8-1-3-5-3-8,3* 2 4 6 4 3*,6,0.9999,False,control>lesion
1387,8-1-8-0-8-9,3* 2 3* 1 3* 4*,6,0.9999,False,control>lesion
1388,8-4-2-1-8-9,3* 5 3 2 3* 4*,6,0.9999,False,control>lesion
1389,8-4-9-8-7-8,3* 5 4* 3* 2* 3*,6,0.9999,False,control>lesion
1390,8-7-8-4-9-8,3* 2* 3* 5 4* 3*,6,0.9999,False,control>lesion
1391,8-9-3-4-3-8,3* 4* 4 5 4 3*,6,0.9999,False,control>lesion
1392,8-9-4-3-1-8,3* 4* 5 4 2 3*,6,0.9999,False,control>lesion
1393,8-9-4-5-4-0,3* 4* 5 6 5 1,6,0.9999,False,control>lesion
1394,8-9-5-4-3-5,3* 4* 6 5 4 6,6,0.9999,False,control>lesion
1395,9-1-8-1-0-1,4* 2 3* 2 1 2,6,0.9999,False,control>lesion
1396,9-4-5-4-5-3,4* 5 6 5 6 4,6,0.9999,False,control>lesion
1397,9-4-5-4-8-0,4* 5 6 5 3* 1,6,0.9999,False,control>lesion
1398,8,3*,1,1.0,False,control>lesion
1399,7,2*,1,1.0,False,control>lesion
1400,8-7,3* 2*,2,1.0,False,control>lesion
1401,1-8,2 3*,2,1.0,False,lesion>control
1402,8-3,3* 4,2,1.0,False,lesion>control
1403,0,1,1,1.0,False,lesion>control
1404,3-8-7,4 3* 2*,3,1.0,False,lesion>control
1405,8-3-8,3* 4 3*,3,1.0,False,lesion>control
1406,4,5,1,1.0,False,control>lesion
1407,5,6,1,1.0,False,lesion>control
1408,1-8-9,2 3* 4*,3,1.0,False,control>lesion
1409,1-8-9-8,2 3* 4* 3*,4,1.0,False,control>lesion
1410,7-8-1,2* 3* 2,3,1.0,False,control>lesion
1411,8-7-8-1,3* 2* 3* 2,4,1.0,False,control>lesion
1412,8-1-8-9,3* 2 3* 4*,4,1.0,False,control>lesion
1413,7-8-1-8,2* 3* 2 3*,4,1.0,False,lesion>control
1414,8-7-8-1-8,3* 2* 3* 2 3*,5,1.0,False,control>lesion
1415,7-0,2* 1,2,1.0,False,control>lesion
1416,8-7-0,3* 2* 1,3,1.0,False,control>lesion
1417,8-1-8-9-8,3* 2 3* 4* 3*,5,1.0,False,lesion>control
1418,8-3-8-3,3* 4 3* 4,4,1.0,False,lesion>control
1419,1-8-9-8-7,2 3* 4* 3* 2*,5,1.0,False,control>lesion
1420,8-3-8-3-8,3* 4 3* 4 3*,5,1.0,False,lesion>control
1421,1-8-9-8-7-8,2 3* 4* 3* 2* 3*,6,1.0,False,control>lesion
1422,9-8-7-8-1,4* 3* 2* 3* 2,5,1.0,False,control>lesion
1423,8-9-8-7-8-1,3* 4* 3* 2* 3* 2,6,1.0,False,control>lesion
1424,8-1-8-9-8-7,3* 2 3* 4* 3* 2*,6,1.0,False,lesion>control
1425,1-0,2 1,2,1.0,False,lesion>control
1426,7-8-1-8-9-8,2* 3* 2 3* 4* 3*,6,1.0,False,control>lesion
1427,9-8-7-8-1-8,4* 3* 2* 3* 2 3*,6,1.0,False,control>lesion
1428,3-8-7-0,4 3* 2* 1,4,1.0,False,lesion>control
1429,4-8,5 3*,2,1.0,False,lesion>control
1430,3-8-3-8-7,4 3* 4 3* 2*,5,1.0,False,lesion>control
1431,4-5,5 6,2,1.0,False,control>lesion
1432,3-8-7-8-1,4 3* 2* 3* 2,5,1.0,False,lesion>control
1433,1-8-9-8-3,2 3* 4* 3* 4,5,1.0,False,control>lesion
1434,9-8-3-8-3,4* 3* 4 3* 4,5,1.0,False,lesion>control
1435,8-9-8-3-8-3,3* 4* 3* 4 3* 4,6,1.0,False,control>lesion
1436,3-4,4 5,2,1.0,False,control>lesion
1437,3-8-3-8-7-8,4 3* 4 3* 2* 3*,6,1.0,False,control>lesion
1438,8-3-8-3-8-7,3* 4 3* 4 3* 2*,6,1.0,False,control>lesion
1439,9-8-3-8-3-8,4* 3* 4 3* 4 3*,6,1.0,False,lesion>control
1440,1-8-9-8-3-8,2 3* 4* 3* 4 3*,6,1.0,False,control>lesion
1441,3-8-7-8-1-8,4 3* 2* 3* 2 3*,6,1.0,False,lesion>control
1442,8-0,3* 1,2,1.0,False,lesion>control
1443,8-1-0,3* 2 1,3,1.0,False,lesion>control
1444,9-8-7-0,4* 3* 2* 1,4,1.0,False,control>lesion
1445,5-3,6 4,2,1.0,False,control>lesion
1446,8-9-8-7-0,3* 4* 3* 2* 1,5,1.0,False,control>lesion
1447,8-3-8-7-8-1,3* 4 3* 2* 3* 2,6,1.0,False,lesion>control
1448,8-1-8-9-8-3,3* 2 3* 4* 3* 4,6,1.0,False,control>lesion
1449,8-5,3* 6,2,1.0,False,lesion>control
1450,7-0-8,2* 1 3*,3,1.0,False,lesion>control
1451,8-7-0-8,3* 2* 1 3*,4,1.0,False,lesion>control
1452,5-0,6 1,2,1.0,False,lesion>control
1453,4-8-7,5 3* 2*,3,1.0,False,control>lesion
1454,0-8-9,1 3* 4*,3,1.0,False,lesion>control
1455,3-1,4 2,2,1.0,False,lesion>control
1456,5-3-8,6 4 3*,3,1.0,False,control>lesion
1457,8-3-4,3* 4 5,3,1.0,False,control>lesion
1458,3-0,4 1,2,1.0,False,lesion>control
1459,3-4-5,4 5 6,3,1.0,False,control>lesion
1460,1-5,2 6,2,1.0,False,lesion>control
1461,7-0-8-9,2* 1 3* 4*,4,1.0,False,lesion>control
1462,0-8-9-8,1 3* 4* 3*,4,1.0,False,lesion>control
1463,8-7-0-8-9,3* 2* 1 3* 4*,5,1.0,False,lesion>control
1464,5-4-8,6 5 3*,3,1.0,False,control>lesion
1465,4-8-7-8,5 3* 2* 3*,4,1.0,False,control>lesion
1466,9-4-8,4* 5 3*,3,1.0,False,control>lesion
1467,7-8-9-8-7-0,2* 3* 4* 3* 2* 1,6,1.0,False,control>lesion
1468,8-9-4-8,3* 4* 5 3*,4,1.0,False,control>lesion
1469,0-1-8-1,1 2 3* 2,4,1.0,False,control>lesion
1470,5-3-8-7,6 4 3* 2*,4,1.0,False,control>lesion
1471,3-8-7-0-8,4 3* 2* 1 3*,5,1.0,False,lesion>control
1472,5-8-7,6 3* 2*,3,1.0,False,control>lesion
1473,5-1,6 2,2,1.0,False,lesion>control
1474,4-5-8,5 6 3*,3,1.0,False,lesion>control
1475,8-3-8-7-0,3* 4 3* 2* 1,5,1.0,False,lesion>control
1476,1-0-3,2 1 4,3,1.0,False,lesion>control
1477,1-8-9-8-7-0,2 3* 4* 3* 2* 1,6,1.0,False,control>lesion
1478,3-8-0,4 3* 1,3,1.0,False,control>lesion
1479,7-0-8-9-8,2* 1 3* 4* 3*,5,1.0,False,lesion>control
1480,8-7-0-8-9-8,3* 2* 1 3* 4* 3*,6,1.0,False,lesion>control
1481,9-5,4* 6,2,1.0,False,control>lesion
1482,9-4-8-7,4* 5 3* 2*,4,1.0,False,control>lesion
1483,0-8-9-8-7,1 3* 4* 3* 2*,5,1.0,False,lesion>control
1484,4-8-7-8-9,5 3* 2* 3* 4*,5,1.0,False,control>lesion
1485,8-9-4-8-7,3* 4* 5 3* 2*,5,1.0,False,control>lesion
1486,7-0-1-8-9-4,2* 1 2 3* 4* 5,6,1.0,False,control>lesion
1487,3-4-8,4 5 3*,3,1.0,False,lesion>control
1488,1-0-5,2 1 6,3,1.0,False,lesion>control
1489,0-1-0,1 2 1,3,1.0,False,control>lesion
1490,4-8-3,5 3* 4,3,1.0,False,lesion>control
1491,9-8-7-8-9-4,4* 3* 2* 3* 4* 5,6,1.0,False,control>lesion
1492,0-3-5,1 4 6,3,1.0,False,control>lesion
1493,9-1,4* 2,2,1.0,False,lesion>control
1494,0-1-8-1-8,1 2 3* 2 3*,5,1.0,False,control>lesion
1495,4-0,5 1,2,1.0,False,lesion>control
1496,3-1-0,4 2 1,3,1.0,False,control>lesion
1497,8-9-1,3* 4* 2,3,1.0,False,lesion>control
1498,8-0-1-8,3* 1 2 3*,4,1.0,False,control>lesion
1499,4-8-7-8-9-8,5 3* 2* 3* 4* 3*,6,1.0,False,control>lesion
1500,5-4-3-8-7-0,6 5 4 3* 2* 1,6,1.0,False,control>lesion
1501,3-8-3-4,4 3* 4 5,4,1.0,False,lesion>control
1502,9-4-8-7-8,4* 5 3* 2* 3*,5,1.0,False,control>lesion
1503,8-9-4-8-7-8,3* 4* 5 3* 2* 3*,6,1.0,False,control>lesion
1504,4-8-7-0,5 3* 2* 1,4,1.0,False,control>lesion
1505,3-8-7-0-8-9,4 3* 2* 1 3* 4*,6,1.0,False,control>lesion
1506,9-8-7-0-8,4* 3* 2* 1 3*,5,1.0,False,lesion>control
1507,8-9-8-7-0-8,3* 4* 3* 2* 1 3*,6,1.0,False,lesion>control
1508,8-3-1,3* 4 2,3,1.0,False,lesion>control
1509,3-5-8,4 6 3*,3,1.0,False,control>lesion
1510,5-8-3,6 3* 4,3,1.0,False,lesion>control
1511,7-8-9-4-8,2* 3* 4* 5 3*,5,1.0,False,control>lesion
1512,3-1-8,4 2 3*,3,1.0,False,lesion>control
1513,4-5-4-3-8,5 6 5 4 3*,5,1.0,False,control>lesion
1514,0-1-3-8,1 2 4 3*,4,1.0,False,control>lesion
1515,8-7-8-9-4-8,3* 2* 3* 4* 5 3*,6,1.0,False,control>lesion
1516,0-5-4,1 6 5,3,1.0,False,control>lesion
1517,7-0-8-9-8-7,2* 1 3* 4* 3* 2*,6,1.0,False,lesion>control
1518,1-3-4,2 4 5,3,1.0,False,control>lesion
1519,7-8-7,2* 3* 2*,3,1.0,False,lesion>control
1520,8-7-8-7,3* 2* 3* 2*,4,1.0,False,lesion>control
1521,5-8-0,6 3* 1,3,1.0,False,lesion>control
1522,8-3-5,3* 4 6,3,1.0,False,control>lesion
1523,8-3-8-7-0-1,3* 4 3* 2* 1 2,6,1.0,False,lesion>control
1524,3-8-5,4 3* 6,3,1.0,False,lesion>control
1525,1-3-8-3,2 4 3* 4,4,1.0,False,lesion>control
1526,4-3-8-3,5 4 3* 4,4,1.0,False,control>lesion
1527,4-1,5 2,2,1.0,False,lesion>control
1528,7-0-1-3,2* 1 2 4,4,1.0,False,control>lesion
1529,8-3-4-5,3* 4 5 6,4,1.0,False,lesion>control
1530,8-7-0-1-3,3* 2* 1 2 4,5,1.0,False,control>lesion
1531,5-0-3,6 1 4,3,1.0,False,lesion>control
1532,4-8-3-8,5 3* 4 3*,4,1.0,False,control>lesion
1533,1-3-8-7-0,2 4 3* 2* 1,5,1.0,False,control>lesion
1534,3-8-3-8-7-0,4 3* 4 3* 2* 1,6,1.0,False,lesion>control
1535,8-5-4,3* 6 5,3,1.0,False,control>lesion
1536,1-2,2 3,2,1.0,False,lesion>control
1537,9-4-8-7-8-9,4* 5 3* 2* 3* 4*,6,1.0,False,lesion>control
1538,0-8-3,1 3* 4,3,1.0,False,lesion>control
1539,3-4-8-7,4 5 3* 2*,4,1.0,False,control>lesion
1540,4-5-4-8,5 6 5 3*,4,1.0,False,control>lesion
1541,5-3-8-7-8,6 4 3* 2* 3*,5,1.0,False,control>lesion
1542,9-1-8,4* 2 3*,3,1.0,False,lesion>control
1543,7-8-9-4-8-7,2* 3* 4* 5 3* 2*,6,1.0,False,control>lesion
1544,5-4-8-7,6 5 3* 2*,4,1.0,False,control>lesion
1545,0-8-9-8-7-8,1 3* 4* 3* 2* 3*,6,1.0,False,control>lesion
1546,3-5-3,4 6 4,3,1.0,False,control>lesion
1547,3-4-5-4,4 5 6 5,4,1.0,False,control>lesion
1548,5-8-7-8,6 3* 2* 3*,4,1.0,False,control>lesion
1549,1-0-8-9,2 1 3* 4*,4,1.0,False,lesion>control
1550,8-3-4-8,3* 4 5 3*,4,1.0,False,lesion>control
1551,5-4-5,6 5 6,3,1.0,False,control>lesion
1552,8-9-1-8,3* 4* 2 3*,4,1.0,False,lesion>control
1553,5-3-8-7-0,6 4 3* 2* 1,5,1.0,False,lesion>control
1554,4-5-4-3-8-7,5 6 5 4 3* 2*,6,1.0,False,control>lesion
1555,5-1-0,6 2 1,3,1.0,False,lesion>control
1556,8-0-3,3* 1 4,3,1.0,False,lesion>control
1557,2-9,3 4*,2,1.0,False,control>lesion
1558,8-1-0-3,3* 2 1 4,4,1.0,False,lesion>control
1559,7-0-1-8-1-8,2* 1 2 3* 2 3*,6,1.0,False,control>lesion
1560,1-8-5,2 3* 6,3,1.0,False,control>lesion
1561,4-5-0,5 6 1,3,1.0,False,lesion>control
1562,8-3-4-3,3* 4 5 4,4,1.0,False,control>lesion
1563,1-8-9-4-5-4,2 3* 4* 5 6 5,6,1.0,False,control>lesion
1564,9-8-7-0-8-9,4* 3* 2* 1 3* 4*,6,1.0,False,lesion>control
1565,7-0-5,2* 1 6,3,1.0,False,lesion>control
1566,8-0-8,3* 1 3*,3,1.0,False,lesion>control
1567,0-8-9-4,1 3* 4* 5,4,1.0,False,lesion>control
1568,4-5-8-7,5 6 3* 2*,4,1.0,False,control>lesion
1569,8-7-0-5,3* 2* 1 6,4,1.0,False,lesion>control
1570,1-8-9-4-8,2 3* 4* 5 3*,5,1.0,False,lesion>control
1571,3-5-0,4 6 1,3,1.0,False,control>lesion
1572,0-1-8-1-8-9,1 2 3* 2 3* 4*,6,1.0,False,control>lesion
1573,1-8-7,2 3* 2*,3,1.0,False,lesion>control
1574,3-0-1,4 1 2,3,1.0,False,control>lesion
1575,0-2,1 3,2,1.0,False,lesion>control
1576,0-5-3,1 6 4,3,1.0,False,lesion>control
1577,5-8-7-0,6 3* 2* 1,4,1.0,False,control>lesion
1578,0-1-3-8-7,1 2 4 3* 2*,5,1.0,False,control>lesion
1579,4-3-8-3-8,5 4 3* 4 3*,5,1.0,False,control>lesion
1580,9-4-3-8-7-0,4* 5 4 3* 2* 1,6,1.0,False,control>lesion
1581,3-0-5,4 1 6,3,1.0,False,lesion>control
1582,8-3-4-3-8,3* 4 5 4 3*,5,1.0,False,control>lesion
1583,9-8-3-8-7-0,4* 3* 4 3* 2* 1,6,1.0,False,lesion>control
1584,0-8-9-8-3,1 3* 4* 3* 4,5,1.0,False,control>lesion
1585,4-5-3-8-7,5 6 4 3* 2*,5,1.0,False,control>lesion
1586,4-8-7-0-1,5 3* 2* 1 2,5,1.0,False,control>lesion
1587,7-3-8-7-0,2* 4 3* 2* 1,5,1.0,False,lesion>control
1588,8-1-2,3* 2 3,3,1.0,False,control>lesion
1589,8-3-1-8,3* 4 2 3*,4,1.0,False,lesion>control
1590,8-7-3-8-7-0,3* 2* 4 3* 2* 1,6,1.0,False,lesion>control
1591,1-8-9-5,2 3* 4* 6,4,1.0,False,control>lesion
1592,8-1-8-7,3* 2 3* 2*,4,1.0,False,lesion>control
1593,9-4-5-4-3,4* 5 6 5 4,5,1.0,False,control>lesion
1594,8-9-4-5-4-3,3* 4* 5 6 5 4,6,1.0,False,control>lesion
1595,1-8-0,2 3* 1,3,1.0,False,lesion>control
1596,2-9-8,3 4* 3*,3,1.0,False,control>lesion
1597,9-8-9,4* 3* 4*,3,1.0,False,control>lesion
1598,0-1-0-1,1 2 1 2,4,1.0,False,control>lesion
1599,8-9-8-9,3* 4* 3* 4*,4,1.0,False,control>lesion
1600,8-3-8-3-4,3* 4 3* 4 5,5,1.0,False,lesion>control
1601,3-4-5-8,4 5 6 3*,4,1.0,False,lesion>control
1602,3-8-7-0-1-3,4 3* 2* 1 2 4,6,1.0,False,control>lesion
1603,8-4-5,3* 5 6,3,1.0,False,control>lesion
1604,8-5-3,3* 6 4,3,1.0,False,control>lesion
1605,8-1-8-1-0,3* 2 3* 2 1,5,1.0,False,control>lesion
1606,4-8-0,5 3* 1,3,1.0,False,lesion>control
1607,5-0-1,6 1 2,3,1.0,False,lesion>control
1608,0-8-1-3,1 3* 2 4,4,1.0,False,control>lesion
1609,7-0-1-0,2* 1 2 1,4,1.0,False,lesion>control
1610,1-8-9-1,2 3* 4* 2,4,1.0,False,lesion>control
1611,3-8-7-0-5,4 3* 2* 1 6,5,1.0,False,lesion>control
1612,8-7-0-1-0,3* 2* 1 2 1,5,1.0,False,lesion>control
1613,9-3,4* 4,2,1.0,False,control>lesion
1614,7-8-5,2* 3* 6,3,1.0,False,lesion>control
1615,8-3-0,3* 4 1,3,1.0,False,lesion>control
1616,8-1-3-8-3,3* 2 4 3* 4,5,1.0,False,lesion>control
1617,4-1-0,5 2 1,3,1.0,False,control>lesion
1618,8-0-5,3* 1 6,3,1.0,False,lesion>control
1619,8-9-3,3* 4* 4,3,1.0,False,control>lesion
1620,9-4-5-8,4* 5 6 3*,4,1.0,False,control>lesion
1621,8-9-4-5-8,3* 4* 5 6 3*,5,1.0,False,control>lesion
1622,5-8-9,6 3* 4*,3,1.0,False,lesion>control
1623,9-5-8,4* 6 3*,3,1.0,False,control>lesion
1624,1-5-8-1,2 6 3* 2,4,1.0,False,lesion>control
1625,5-8-3-8,6 3* 4 3*,4,1.0,False,lesion>control
1626,9-1-8-9,4* 2 3* 4*,4,1.0,False,lesion>control
1627,3-8-3-1,4 3* 4 2,4,1.0,False,lesion>control
1628,9-4-5-4-3-8,4* 5 6 5 4 3*,6,1.0,False,control>lesion
1629,1-8-4,2 3* 5,3,1.0,False,lesion>control
1630,4-8-1-0,5 3* 2 1,4,1.0,False,lesion>control
1631,8-7-8-5,3* 2* 3* 6,4,1.0,False,lesion>control
1632,9-8-9-8,4* 3* 4* 3*,4,1.0,False,lesion>control
1633,1-0-1-8-1,2 1 2 3* 2,5,1.0,False,control>lesion
1634,0-8-9-8-3-8,1 3* 4* 3* 4 3*,6,1.0,False,lesion>control
1635,1-3-1,2 4 2,3,1.0,False,lesion>control
1636,3-2-7,4 3 2*,3,1.0,False,lesion>control
1637,1-0-8-9-8,2 1 3* 4* 3*,5,1.0,False,lesion>control
1638,5-8-7-8-9,6 3* 2* 3* 4*,5,1.0,False,control>lesion
1639,8-9-8-9-8,3* 4* 3* 4* 3*,5,1.0,False,control>lesion
1640,9-8-7-8-7,4* 3* 2* 3* 2*,5,1.0,False,control>lesion
1641,8-9-8-7-8-7,3* 4* 3* 2* 3* 2*,6,1.0,False,control>lesion
1642,1-3-4-5,2 4 5 6,4,1.0,False,control>lesion
1643,3-5-8-7,4 6 3* 2*,4,1.0,False,control>lesion
1644,8-3-8-0,3* 4 3* 1,4,1.0,False,lesion>control
1645,0-7,1 2*,2,1.0,False,lesion>control
1646,0-5-1,1 6 2,3,1.0,False,lesion>control
1647,5-0-8,6 1 3*,3,1.0,False,lesion>control
1648,1-0-3-8-7,2 1 4 3* 2*,5,1.0,False,lesion>control
1649,7-0-1-3-8,2* 1 2 4 3*,5,1.0,False,control>lesion
1650,4-5-1,5 6 2,3,1.0,False,lesion>control
1651,8-7-0-1-3-8,3* 2* 1 2 4 3*,6,1.0,False,control>lesion
1652,2-7-8,3 2* 3*,3,1.0,False,lesion>control
1653,8-4-3,3* 5 4,3,1.0,False,lesion>control
1654,7-8-7-8,2* 3* 2* 3*,4,1.0,False,control>lesion
1655,9-4-8-3,4* 5 3* 4,4,1.0,False,control>lesion
1656,3-4-8-7-8,4 5 3* 2* 3*,5,1.0,False,control>lesion
1657,8-3-4-8-7,3* 4 5 3* 2*,5,1.0,False,control>lesion
1658,8-7-8-7-8,3* 2* 3* 2* 3*,5,1.0,False,control>lesion
1659,8-9-4-8-3,3* 4* 5 3* 4,5,1.0,False,control>lesion
1660,1-8-9-4-8-7,2 3* 4* 5 3* 2*,6,1.0,False,lesion>control
1661,5-3-8-7-8-9,6 4 3* 2* 3* 4*,6,1.0,False,control>lesion
1662,0-3-1,1 4 2,3,1.0,False,lesion>control
1663,2-1-8,3 2 3*,3,1.0,False,lesion>control
1664,8-9-5-8,3* 4* 6 3*,4,1.0,False,control>lesion
1665,7-0-8-9-8-3,2* 1 3* 4* 3* 4,6,1.0,False,control>lesion
1666,8-1-3-8-7-0,3* 2 4 3* 2* 1,6,1.0,False,lesion>control
1667,0-8-7,1 3* 2*,3,1.0,False,lesion>control
1668,1-2-9,2 3 4*,3,1.0,False,control>lesion
1669,1-3-0,2 4 1,3,1.0,False,lesion>control
1670,3-4-0,4 5 1,3,1.0,False,lesion>control
1671,3-4-5-3,4 5 6 4,4,1.0,False,control>lesion
1672,5-4-8-1,6 5 3* 2,4,1.0,False,lesion>control
1673,8-1-0-5,3* 2 1 6,4,1.0,False,lesion>control
1674,8-5-3-8,3* 6 4 3*,4,1.0,False,control>lesion
1675,3-8-3-4-5,4 3* 4 5 6,5,1.0,False,lesion>control
1676,4-8-7-8-1,5 3* 2* 3* 2,5,1.0,False,control>lesion
1677,8-1-0-8-9,3* 2 1 3* 4*,5,1.0,False,lesion>control
1678,0-8-9-8-7-0,1 3* 4* 3* 2* 1,6,1.0,False,lesion>control
1679,1-3-8-7-0-1,2 4 3* 2* 1 2,6,1.0,False,control>lesion
1680,3-0-8,4 1 3*,3,1.0,False,lesion>control
1681,1-2-9-8,2 3 4* 3*,4,1.0,False,control>lesion
1682,3-5-3-8,4 6 4 3*,4,1.0,False,control>lesion
1683,8-3-8-7-0-8,3* 4 3* 2* 1 3*,6,1.0,False,lesion>control
1684,8-3-8-5,3* 4 3* 6,4,1.0,False,lesion>control
1685,1-0-8-1-0,2 1 3* 2 1,5,1.0,False,lesion>control
1686,7-0-8-9-4,2* 1 3* 4* 5,5,1.0,False,control>lesion
1687,3-4-3-8-7-8,4 5 4 3* 2* 3*,6,1.0,False,control>lesion
1688,3-4-5-4-3,4 5 6 5 4,5,1.0,False,control>lesion
1689,4-5-4-8-7,5 6 5 3* 2*,5,1.0,False,control>lesion
1690,9-1-8-9-8,4* 2 3* 4* 3*,5,1.0,False,lesion>control
1691,0-1-8-1-8-1,1 2 3* 2 3* 2,6,1.0,False,control>lesion
1692,0-1-8-9-4-8,1 2 3* 4* 5 3*,6,1.0,False,control>lesion
1693,7-8-9-8-3-4,2* 3* 4* 3* 4 5,6,1.0,False,control>lesion
1694,9-8-7-8-1-3,4* 3* 2* 3* 2 4,6,1.0,False,lesion>control
1695,1-5-4,2 6 5,3,1.0,False,control>lesion
1696,7-3-4,2* 4 5,3,1.0,False,control>lesion
1697,9-8-0,4* 3* 1,3,1.0,False,lesion>control
1698,9-8-5,4* 3* 6,3,1.0,False,lesion>control
1699,0-5-4-3,1 6 5 4,4,1.0,False,control>lesion
1700,8-1-2-9,3* 2 3 4*,4,1.0,False,control>lesion
1701,0-1-8-1-0,1 2 3* 2 1,5,1.0,False,control>lesion
1702,3-8-7-8-7,4 3* 2* 3* 2*,5,1.0,False,control>lesion
1703,4-3-8-7-0-8,5 4 3* 2* 1 3*,6,1.0,False,control>lesion
1704,8-7-0-8-9-4,3* 2* 1 3* 4* 5,6,1.0,False,control>lesion
1705,2-5,3 6,2,1.0,False,lesion>control
1706,3-4-8-3,4 5 3* 4,4,1.0,False,lesion>control
1707,3-8-3-5,4 3* 4 6,4,1.0,False,control>lesion
1708,8-3-2-7,3* 4 3 2*,4,1.0,False,lesion>control
1709,8-4-3-8,3* 5 4 3*,4,1.0,False,lesion>control
1710,8-7-3-4,3* 2* 4 5,4,1.0,False,control>lesion
1711,0-8-1-3-8,1 3* 2 4 3*,5,1.0,False,lesion>control
1712,8-1-2-9-8,3* 2 3 4* 3*,5,1.0,False,control>lesion
1713,8-1-0-1-8-1,3* 2 1 2 3* 2,6,1.0,False,control>lesion
1714,8-1-3-8-3-8,3* 2 4 3* 4 3*,6,1.0,False,lesion>control
1715,3-2-1,4 3 2,3,1.0,False,lesion>control
1716,5-3-0,6 4 1,3,1.0,False,control>lesion
1717,0-3-4-5,1 4 5 6,4,1.0,False,lesion>control
1718,4-5-8-3,5 6 3* 4,4,1.0,False,lesion>control
1719,1-8-9-1-8,2 3* 4* 2 3*,5,1.0,False,lesion>control
1720,5-4-8-7-0,6 5 3* 2* 1,5,1.0,False,control>lesion
1721,0-1-3-8-7-0,1 2 4 3* 2* 1,6,1.0,False,control>lesion
1722,1-8-1-8-9-4,2 3* 2 3* 4* 5,6,1.0,False,control>lesion
1723,8-0-1-8-9-8,3* 1 2 3* 4* 3*,6,1.0,False,control>lesion
1724,3-3,4 4,2,1.0,False,lesion>control
1725,1-5-3,2 6 4,3,1.0,False,control>lesion
1726,8-0-7,3* 1 2*,3,1.0,False,control>lesion
1727,8-3-4-5-4,3* 4 5 6 5,5,1.0,False,control>lesion
1728,5-4-1,6 5 2,3,1.0,False,control>lesion
1729,3-5-4-8,4 6 5 3*,4,1.0,False,control>lesion
1730,7-8-7-0,2* 3* 2* 1,4,1.0,False,lesion>control
1731,8-1-8-5,3* 2 3* 6,4,1.0,False,lesion>control
1732,8-7-8-7-0,3* 2* 3* 2* 1,5,1.0,False,lesion>control
1733,9-4-5-4-8,4* 5 6 5 3*,5,1.0,False,control>lesion
1734,4-3-8-3-8-7,5 4 3* 4 3* 2*,6,1.0,False,control>lesion
1735,8-9-4-5-4-8,3* 4* 5 6 5 3*,6,1.0,False,control>lesion
1736,4-3-4,5 4 5,3,1.0,False,control>lesion
1737,7-8-4,2* 3* 5,3,1.0,False,lesion>control
1738,8-0-2,3* 1 3,3,1.0,False,lesion>control
1739,7-0-5-4,2* 1 6 5,4,1.0,False,control>lesion
1740,8-9-8-0,3* 4* 3* 1,4,1.0,False,control>lesion
1741,8-9-8-5,3* 4* 3* 6,4,1.0,False,control>lesion
1742,0-1-3-4-5,1 2 4 5 6,5,1.0,False,control>lesion
1743,7-8-1-0-8,2* 3* 2 1 3*,5,1.0,False,lesion>control
1744,7-8-9-8-9,2* 3* 4* 3* 4*,5,1.0,False,control>lesion
1745,8-7-0-5-4,3* 2* 1 6 5,5,1.0,False,control>lesion
1746,9-4-8-3-8,4* 5 3* 4 3*,5,1.0,False,control>lesion
1747,4-3-8-7-0-3,5 4 3* 2* 1 4,6,1.0,False,lesion>control
1748,8-1-0-8-9-8,3* 2 1 3* 4* 3*,6,1.0,False,lesion>control
1749,8-7-8-9-8-9,3* 2* 3* 4* 3* 4*,6,1.0,False,control>lesion
1750,8-9-4-8-3-8,3* 4* 5 3* 4 3*,6,1.0,False,control>lesion
1751,3-8-9,4 3* 4*,3,1.0,False,lesion>control
1752,9-3-8,4* 4 3*,3,1.0,False,control>lesion
1753,7-0-3-4,2* 1 4 5,4,1.0,False,lesion>control
1754,8-9-3-8,3* 4* 4 3*,4,1.0,False,control>lesion
1755,7-0-1-3-8-7,2* 1 2 4 3* 2*,6,1.0,False,control>lesion
1756,8-8,3* 3*,2,1.0,False,control>lesion
1757,8-3-3,3* 4 4,3,1.0,False,lesion>control
1758,1-8-0-1,2 3* 1 2,4,1.0,False,lesion>control
1759,2-9-8-7,3 4* 3* 2*,4,1.0,False,control>lesion
1760,5-4-8-3,6 5 3* 4,4,1.0,False,control>lesion
1761,0-3-8-7-8,1 4 3* 2* 3*,5,1.0,False,control>lesion
1762,1-0-1-3-8,2 1 2 4 3*,5,1.0,False,control>lesion
1763,1-0-8-9-8-7,2 1 3* 4* 3* 2*,6,1.0,False,lesion>control
1764,8-7-8-1-0-8,3* 2* 3* 2 1 3*,6,1.0,False,lesion>control
1765,5-0-4,6 1 5,3,1.0,False,lesion>control
1766,7-3-5,2* 4 6,3,1.0,False,control>lesion
1767,9-5-3,4* 6 4,3,1.0,False,control>lesion
1768,0-5-0-3,1 6 1 4,4,1.0,False,lesion>control
1769,0-5-3-8,1 6 4 3*,4,1.0,False,lesion>control
1770,1-0-1-0,2 1 2 1,4,1.0,False,control>lesion
1771,3-2-7-8,4 3 2* 3*,4,1.0,False,lesion>control
1772,8-7-8-4,3* 2* 3* 5,4,1.0,False,lesion>control
1773,3-8-3-4-8,4 3* 4 5 3*,5,1.0,False,lesion>control
1774,4-8-3-8-3,5 3* 4 3* 4,5,1.0,False,lesion>control
1775,7-0-8-1-3,2* 1 3* 2 4,5,1.0,False,control>lesion
1776,0-7-8,1 2* 3*,3,1.0,False,lesion>control
1777,0-8-0,1 3* 1,3,1.0,False,lesion>control
1778,8-4-2,3* 5 3,3,1.0,False,lesion>control
1779,8-9-5-3,3* 4* 6 4,4,1.0,False,control>lesion
1780,9-5-8-7,4* 6 3* 2*,4,1.0,False,control>lesion
1781,0-5-4-3-8,1 6 5 4 3*,5,1.0,False,control>lesion
1782,3-8-3-1-8,4 3* 4 2 3*,5,1.0,False,lesion>control
1783,5-4-3-8-3,6 5 4 3* 4,5,1.0,False,control>lesion
1784,8-7-0-3-4,3* 2* 1 4 5,5,1.0,False,lesion>control
1785,9-4-3-8-3,4* 5 4 3* 4,5,1.0,False,control>lesion
1786,0-8-1-3-8-7,1 3* 2 4 3* 2*,6,1.0,False,lesion>control
1787,1-0-1-8-1-8,2 1 2 3* 2 3*,6,1.0,False,control>lesion
1788,3-4-3-8-7-0,4 5 4 3* 2* 1,6,1.0,False,control>lesion
1789,3-4-5-4-3-8,4 5 6 5 4 3*,6,1.0,False,control>lesion
1790,4-8-7-8-1-8,5 3* 2* 3* 2 3*,6,1.0,False,control>lesion
1791,5-8-7-8-9-8,6 3* 2* 3* 4* 3*,6,1.0,False,control>lesion
1792,7-8-9-8-9-8,2* 3* 4* 3* 4* 3*,6,1.0,False,control>lesion
1793,8-7-0-8-1-3,3* 2* 1 3* 2 4,6,1.0,False,lesion>control
1794,0-1-4,1 2 5,3,1.0,False,control>lesion
1795,0-8-5,1 3* 6,3,1.0,False,lesion>control
1796,3-3-8,4 4 3*,3,1.0,False,lesion>control
1797,5-3-5,6 4 6,3,1.0,False,control>lesion
1798,8-5-0,3* 6 1,3,1.0,False,lesion>control
1799,0-3-5-4,1 4 6 5,4,1.0,False,control>lesion
1800,0-8-9-4-5,1 3* 4* 5 6,5,1.0,False,control>lesion
1801,2-9-8-7-8,3 4* 3* 2* 3*,5,1.0,False,control>lesion
1802,4-3-8-7-3,5 4 3* 2* 4,5,1.0,False,lesion>control
1803,4-5-8-7-0,5 6 3* 2* 1,5,1.0,False,control>lesion
1804,9-8-9-8-7,4* 3* 4* 3* 2*,5,1.0,False,lesion>control
1805,0-1-8-1-0-1,1 2 3* 2 1 2,6,1.0,False,control>lesion
1806,1-0-1-8-9-4,2 1 2 3* 4* 5,6,1.0,False,control>lesion
1807,1-0-3-8-7-0,2 1 4 3* 2* 1,6,1.0,False,lesion>control
1808,4-5-3-8-7-8,5 6 4 3* 2* 3*,6,1.0,False,control>lesion
1809,8-3-4-8-7-8,3* 4 5 3* 2* 3*,6,1.0,False,control>lesion
1810,8-9-4-3-8-3,3* 4* 5 4 3* 4,6,1.0,False,control>lesion
1811,9-4-5-3-8-7,4* 5 6 4 3* 2*,6,1.0,False,control>lesion
1812,4-0-1,5 1 2,3,1.0,False,control>lesion
1813,4-3-0,5 4 1,3,1.0,False,control>lesion
1814,4-8-9,5 3* 4*,3,1.0,False,lesion>control
1815,5-1-5,6 2 6,3,1.0,False,lesion>control
1816,0-3-5-0,1 4 6 1,4,1.0,False,lesion>control
1817,1-0-5-4,2 1 6 5,4,1.0,False,control>lesion
1818,1-8-7-8,2 3* 2* 3*,4,1.0,False,control>lesion
1819,3-8-0-3,4 3* 1 4,4,1.0,False,lesion>control
1820,8-3-1-0,3* 4 2 1,4,1.0,False,lesion>control
1821,8-3-2-1,3* 4 3 2,4,1.0,False,lesion>control
1822,3-1-8-9-8,4 2 3* 4* 3*,5,1.0,False,lesion>control
1823,3-4-5-3-8,4 5 6 4 3*,5,1.0,False,control>lesion
1824,3-4-5-8-7,4 5 6 3* 2*,5,1.0,False,control>lesion
1825,3-5-3-8-7,4 6 4 3* 2*,5,1.0,False,control>lesion
1826,5-4-8-7-8,6 5 3* 2* 3*,5,1.0,False,control>lesion
1827,9-4-5-8-7,4* 5 6 3* 2*,5,1.0,False,control>lesion
1828,3-4-8-7-8-9,4 5 3* 2* 3* 4*,6,1.0,False,control>lesion
1829,3-8-7-0-1-0,4 3* 2* 1 2 1,6,1.0,False,lesion>control
1830,3-8-7-0-5-4,4 3* 2* 1 6 5,6,1.0,False,control>lesion
1831,8-9-4-5-8-7,3* 4* 5 6 3* 2*,6,1.0,False,control>lesion
1832,8-9-8-9-8-7,3* 4* 3* 4* 3* 2*,6,1.0,False,lesion>control
1833,9-8-7-8-7-8,4* 3* 2* 3* 2* 3*,6,1.0,False,control>lesion
1834,4-0-3,5 1 4,3,1.0,False,lesion>control
1835,5-1-8,6 2 3*,3,1.0,False,lesion>control
1836,7-8-0,2* 3* 1,3,1.0,False,lesion>control
1837,0-1-0-8,1 2 1 3*,4,1.0,False,control>lesion
1838,0-5-4-8,1 6 5 3*,4,1.0,False,lesion>control
1839,1-8-1-2,2 3* 2 3,4,1.0,False,lesion>control
1840,3-1-0-3,4 2 1 4,4,1.0,False,lesion>control
1841,3-1-0-8,4 2 1 3*,4,1.0,False,control>lesion
1842,3-5-8-3,4 6 3* 4,4,1.0,False,control>lesion
1843,4-5-8-0,5 6 3* 1,4,1.0,False,control>lesion
1844,5-8-9-8,6 3* 4* 3*,4,1.0,False,lesion>control
1845,7-8-9-3,2* 3* 4* 4,4,1.0,False,control>lesion
1846,8-3-5-8,3* 4 6 3*,4,1.0,False,control>lesion
1847,0-1-8-9-5,1 2 3* 4* 6,5,1.0,False,control>lesion
1848,3-8-3-2-7,4 3* 4 3 2*,5,1.0,False,lesion>control
1849,3-8-3-8-0,4 3* 4 3* 1,5,1.0,False,lesion>control
1850,7-0-1-0-1,2* 1 2 1 2,5,1.0,False,lesion>control
1851,8-3-4-8-3,3* 4 5 3* 4,5,1.0,False,lesion>control
1852,8-3-8-3-1,3* 4 3* 4 2,5,1.0,False,lesion>control
1853,8-7-8-9-3,3* 2* 3* 4* 4,5,1.0,False,control>lesion
1854,4-5-3-8-7-0,5 6 4 3* 2* 1,6,1.0,False,control>lesion
1855,1-4-5,2 5 6,3,1.0,False,control>lesion
1856,4-0-5,5 1 6,3,1.0,False,control>lesion
1857,5-1-3,6 2 4,3,1.0,False,lesion>control
1858,7-0-4,2* 1 5,3,1.0,False,lesion>control
1859,3-4-5-0,4 5 6 1,4,1.0,False,lesion>control
1860,4-5-4-5,5 6 5 6,4,1.0,False,control>lesion
1861,5-4-5-4,6 5 6 5,4,1.0,False,control>lesion
1862,8-0-3-8,3* 1 4 3*,4,1.0,False,lesion>control
1863,8-0-7-8,3* 1 2* 3*,4,1.0,False,lesion>control
1864,8-3-3-8,3* 4 4 3*,4,1.0,False,lesion>control
1865,8-7-3-5,3* 2* 4 6,4,1.0,False,control>lesion
1866,8-7-8-0,3* 2* 3* 1,4,1.0,False,lesion>control
1867,9-5-3-8,4* 6 4 3*,4,1.0,False,control>lesion
1868,3-4-8-7-0,4 5 3* 2* 1,5,1.0,False,control>lesion
1869,5-4-8-1-0,6 5 3* 2 1,5,1.0,False,control>lesion
1870,8-3-2-7-8,3* 4 3 2* 3*,5,1.0,False,control>lesion
1871,8-3-8-3-2,3* 4 3* 4 3,5,1.0,False,lesion>control
1872,8-4-3-8-7,3* 5 4 3* 2*,5,1.0,False,lesion>control
1873,7-0-8-1-3-8,2* 1 3* 2 4 3*,6,1.0,False,lesion>control
1874,8-7-0-1-0-1,3* 2* 1 2 1 2,6,1.0,False,lesion>control
1875,0-3-5-3,1 4 6 4,4,1.0,False,control>lesion
1876,0-3-5-8,1 4 6 3*,4,1.0,False,control>lesion
1877,3-1-8-1,4 2 3* 2,4,1.0,False,control>lesion
1878,8-7-0-4,3* 2* 1 5,4,1.0,False,lesion>control
1879,9-8-3-1,4* 3* 4 2,4,1.0,False,lesion>control
1880,3-8-3-4-3,4 3* 4 5 4,5,1.0,False,control>lesion
1881,8-1-5-8-1,3* 2 6 3* 2,5,1.0,False,lesion>control
1882,8-1-8-7-8,3* 2 3* 2* 3*,5,1.0,False,control>lesion
1883,8-9-5-3-8,3* 4* 6 4 3*,5,1.0,False,control>lesion
1884,8-9-5-8-7,3* 4* 6 3* 2*,5,1.0,False,control>lesion
1885,0-8-1-0-8-1,1 3* 2 1 3* 2,6,1.0,False,lesion>control
1886,1-8-9-1-8-9,2 3* 4* 2 3* 4*,6,1.0,False,lesion>control
1887,3-8-3-4-3-8,4 3* 4 5 4 3*,6,1.0,False,control>lesion
1888,4-8-7-8-9-4,5 3* 2* 3* 4* 5,6,1.0,False,control>lesion
1889,5-3-8-7-8-1,6 4 3* 2* 3* 2,6,1.0,False,control>lesion
1890,8-1-0-3-8-7,3* 2 1 4 3* 2*,6,1.0,False,lesion>control
1891,9-8-3-8-3-4,4* 3* 4 3* 4 5,6,1.0,False,control>lesion
1892,9-8-3-8-7-3,4* 3* 4 3* 2* 4,6,1.0,False,lesion>control
1893,3-5-1,4 6 2,3,1.0,False,control>lesion
1894,4-0-8,5 1 3*,3,1.0,False,lesion>control
1895,5-3-4,6 4 5,3,1.0,False,control>lesion
1896,0-5-1-0,1 6 2 1,4,1.0,False,lesion>control
1897,4-8-7-3,5 3* 2* 4,4,1.0,False,lesion>control
1898,1-8-1-8-7,2 3* 2 3* 2*,5,1.0,False,lesion>control
1899,3-4-5-4-8,4 5 6 5 3*,5,1.0,False,control>lesion
1900,3-4-8-3-8,4 5 3* 4 3*,5,1.0,False,lesion>control
1901,7-0-1-3-4,2* 1 2 4 5,5,1.0,False,control>lesion
1902,8-1-8-1-2,3* 2 3* 2 3,5,1.0,False,lesion>control
1903,8-9-8-3-1,3* 4* 3* 4 2,5,1.0,False,lesion>control
1904,9-4-8-7-0,4* 5 3* 2* 1,5,1.0,False,control>lesion
1905,9-8-7-0-3,4* 3* 2* 1 4,5,1.0,False,lesion>control
1906,7-8-7-8-9-8,2* 3* 2* 3* 4* 3*,6,1.0,False,control>lesion
1907,8-7-0-1-3-4,3* 2* 1 2 4 5,6,1.0,False,control>lesion
1908,8-9-8-7-0-3,3* 4* 3* 2* 1 4,6,1.0,False,lesion>control
1909,1-8-3,2 3* 4,3,1.0,False,lesion>control
1910,3-4-1,4 5 2,3,1.0,False,lesion>control
1911,7-5-4,2* 6 5,3,1.0,False,control>lesion
1912,0-3-1-0,1 4 2 1,4,1.0,False,lesion>control
1913,5-4-1-0,6 5 2 1,4,1.0,False,control>lesion
1914,8-3-8-9,3* 4 3* 4*,4,1.0,False,lesion>control
1915,0-1-0-1-8,1 2 1 2 3*,5,1.0,False,lesion>control
1916,0-5-3-8-7,1 6 4 3* 2*,5,1.0,False,lesion>control
1917,1-2-9-8-7,2 3 4* 3* 2*,5,1.0,False,control>lesion
1918,1-8-1-0-8,2 3* 2 1 3*,5,1.0,False,lesion>control
1919,8-1-8-9-5,3* 2 3* 4* 6,5,1.0,False,control>lesion
1920,8-3-8-3-5,3* 4 3* 4 6,5,1.0,False,control>lesion
1921,0-3-8-7-0-1,1 4 3* 2* 1 2,6,1.0,False,lesion>control
1922,1-3-8-7-0-8,2 4 3* 2* 1 3*,6,1.0,False,lesion>control
1923,8-1-2-9-8-7,3* 2 3 4* 3* 2*,6,1.0,False,control>lesion
1924,8-3-8-3-4-8,3* 4 3* 4 5 3*,6,1.0,False,lesion>control
1925,9-1-8-9-8-7,4* 2 3* 4* 3* 2*,6,1.0,False,lesion>control
1926,9-0,4* 1,2,1.0,False,lesion>control
1927,0-1-5-8,1 2 6 3*,4,1.0,False,lesion>control
1928,2-7-8-9,3 2* 3* 4*,4,1.0,False,control>lesion
1929,3-1-0-5,4 2 1 6,4,1.0,False,lesion>control
1930,5-0-1-8,6 1 2 3*,4,1.0,False,lesion>control
1931,0-8-9-4-3,1 3* 4* 5 4,5,1.0,False,control>lesion
1932,1-8-9-5-8,2 3* 4* 6 3*,5,1.0,False,lesion>control
1933,3-5-4-8-7,4 6 5 3* 2*,5,1.0,False,control>lesion
1934,5-8-3-8-7,6 3* 4 3* 2*,5,1.0,False,control>lesion
1935,8-3-4-5-3,3* 4 5 6 4,5,1.0,False,lesion>control
1936,9-8-7-8-5,4* 3* 2* 3* 6,5,1.0,False,lesion>control
1937,1-8-1-8-1-0,2 3* 2 3* 2 1,6,1.0,False,lesion>control
1938,4-3-8-3-8-3,5 4 3* 4 3* 4,6,1.0,False,lesion>control
1939,4-8-3-8-3-8,5 3* 4 3* 4 3*,6,1.0,False,lesion>control
1940,7-3-8-7-0-8,2* 4 3* 2* 1 3*,6,1.0,False,lesion>control
1941,8-9-4-8-7-0,3* 4* 5 3* 2* 1,6,1.0,False,control>lesion
1942,9-4-5-4-8-7,4* 5 6 5 3* 2*,6,1.0,False,control>lesion
1943,9-8-7-3-8-3,4* 3* 2* 4 3* 4,6,1.0,False,lesion>control
1944,1-5-1,2 6 2,3,1.0,False,lesion>control
1945,5-2-0,6 3 1,3,1.0,False,lesion>control
1946,3-0-8-3,4 1 3* 4,4,1.0,False,lesion>control
1947,3-8-1-8,4 3* 2 3*,4,1.0,False,lesion>control
1948,3-8-5-4,4 3* 6 5,4,1.0,False,lesion>control
1949,4-8-9-8,5 3* 4* 3*,4,1.0,False,lesion>control
1950,2-7-8-9-8,3 2* 3* 4* 3*,5,1.0,False,control>lesion
1951,5-8-1-8-1,6 3* 2 3* 2,5,1.0,False,lesion>control
1952,7-0-5-4-3,2* 1 6 5 4,5,1.0,False,control>lesion
1953,7-8-1-8-7,2* 3* 2 3* 2*,5,1.0,False,control>lesion
1954,7-8-7-0-1,2* 3* 2* 1 2,5,1.0,False,control>lesion
1955,8-1-8-9-1,3* 2 3* 4* 2,5,1.0,False,control>lesion
1956,1-2-9-8-7-8,2 3 4* 3* 2* 3*,6,1.0,False,control>lesion
1957,5-4-8-7-0-1,6 5 3* 2* 1 2,6,1.0,False,control>lesion
1958,8-1-0-1-3-8,3* 2 1 2 4 3*,6,1.0,False,control>lesion
1959,8-1-8-9-4-8,3* 2 3* 4* 5 3*,6,1.0,False,control>lesion
1960,8-7-0-5-4-3,3* 2* 1 6 5 4,6,1.0,False,control>lesion
1961,8-7-8-7-0-1,3* 2* 3* 2* 1 2,6,1.0,False,control>lesion
1962,8-9-8-7-8-5,3* 4* 3* 2* 3* 6,6,1.0,False,lesion>control
1963,9-4-3-8-3-8,4* 5 4 3* 4 3*,6,1.0,False,control>lesion
1964,0-9,1 4*,2,1.0,False,lesion>control
1965,0-8-4,1 3* 5,3,1.0,False,lesion>control
1966,1-5-0,2 6 1,3,1.0,False,lesion>control
1967,0-1-0-5,1 2 1 6,4,1.0,False,control>lesion
1968,0-7-8-9,1 2* 3* 4*,4,1.0,False,control>lesion
1969,1-0-3-4,2 1 4 5,4,1.0,False,lesion>control
1970,1-0-5-3,2 1 6 4,4,1.0,False,control>lesion
1971,3-5-0-3,4 6 1 4,4,1.0,False,lesion>control
1972,3-8-5-3,4 3* 6 4,4,1.0,False,lesion>control
1973,5-0-3-5,6 1 4 6,4,1.0,False,control>lesion
1974,5-0-3-8,6 1 4 3*,4,1.0,False,control>lesion
1975,5-4-8-0,6 5 3* 1,4,1.0,False,control>lesion
1976,5-8-7-3,6 3* 2* 4,4,1.0,False,lesion>control
1977,8-3-8-4,3* 4 3* 5,4,1.0,False,lesion>control
1978,8-4-5-4,3* 5 6 5,4,1.0,False,control>lesion
1979,8-7-5-4,3* 2* 6 5,4,1.0,False,control>lesion
1980,9-1-8-1,4* 2 3* 2,4,1.0,False,control>lesion
1981,1-8-0-1-8,2 3* 1 2 3*,5,1.0,False,lesion>control
1982,8-0-1-8-1,3* 1 2 3* 2,5,1.0,False,control>lesion
1983,9-5-8-7-8,4* 6 3* 2* 3*,5,1.0,False,control>lesion
1984,0-5-4-3-8-7,1 6 5 4 3* 2*,6,1.0,False,control>lesion
1985,0-8-9-4-3-8,1 3* 4* 5 4 3*,6,1.0,False,control>lesion
1986,3-4-5-3-8-7,4 5 6 4 3* 2*,6,1.0,False,control>lesion
1987,4-3-8-7-3-8,5 4 3* 2* 4 3*,6,1.0,False,lesion>control
1988,7-0-8-1-0-8,2* 1 3* 2 1 3*,6,1.0,False,lesion>control
1989,8-1-8-1-8-7,3* 2 3* 2 3* 2*,6,1.0,False,lesion>control
1990,8-1-8-9-4-5,3* 2 3* 4* 5 6,6,1.0,False,control>lesion
1991,8-3-1-8-9-8,3* 4 2 3* 4* 3*,6,1.0,False,lesion>control
1992,9-8-7-0-3-8,4* 3* 2* 1 4 3*,6,1.0,False,lesion>control
1993,4-2-1,5 3 2,3,1.0,False,lesion>control
1994,0-8-3-8,1 3* 4 3*,4,1.0,False,control>lesion
1995,1-3-5-8,2 4 6 3*,4,1.0,False,control>lesion
1996,1-5-3-8,2 6 4 3*,4,1.0,False,lesion>control
1997,1-8-4-5,2 3* 5 6,4,1.0,False,control>lesion
1998,1-8-7-0,2 3* 2* 1,4,1.0,False,control>lesion
1999,3-8-0-7,4 3* 1 2*,4,1.0,False,lesion>control
2000,3-8-0-8,4 3* 1 3*,4,1.0,False,lesion>control
2001,4-5-0-3,5 6 1 4,4,1.0,False,lesion>control
2002,4-8-3-4,5 3* 4 5,4,1.0,False,lesion>control
2003,5-3-8-0,6 4 3* 1,4,1.0,False,control>lesion
2004,5-8-0-3,6 3* 1 4,4,1.0,False,lesion>control
2005,7-0-3-5,2* 1 4 6,4,1.0,False,lesion>control
2006,3-8-7-8-5,4 3* 2* 3* 6,5,1.0,False,control>lesion
2007,4-8-7-0-8,5 3* 2* 1 3*,5,1.0,False,lesion>control
2008,8-5-3-8-7,3* 6 4 3* 2*,5,1.0,False,control>lesion
2009,8-9-1-8-1,3* 4* 2 3* 2,5,1.0,False,control>lesion
2010,1-8-9-4-5-8,2 3* 4* 5 6 3*,6,1.0,False,control>lesion
2011,3-8-3-4-5-4,4 3* 4 5 6 5,6,1.0,False,control>lesion
2012,4-5-4-8-7-0,5 6 5 3* 2* 1,6,1.0,False,control>lesion
2013,7-0-1-8-1-0,2* 1 2 3* 2 1,6,1.0,False,control>lesion
2014,7-8-9-4-8-3,2* 3* 4* 5 3* 4,6,1.0,False,control>lesion
2015,8-3-8-3-1-8,3* 4 3* 4 2 3*,6,1.0,False,lesion>control
2016,8-3-8-7-8-7,3* 4 3* 2* 3* 2*,6,1.0,False,control>lesion
2017,8-7-8-1-8-7,3* 2* 3* 2 3* 2*,6,1.0,False,control>lesion
2018,8-9-0,3* 4* 1,3,1.0,False,lesion>control
2019,1-8-9-3,2 3* 4* 4,4,1.0,False,control>lesion
2020,3-8-4-8,4 3* 5 3*,4,1.0,False,lesion>control
2021,5-1-0-5,6 2 1 6,4,1.0,False,lesion>control
2022,5-4-3-0,6 5 4 1,4,1.0,False,control>lesion
2023,5-4-5-8,6 5 6 3*,4,1.0,False,lesion>control
2024,8-1-5-3,3* 2 6 4,4,1.0,False,lesion>control
2025,0-1-3-8-3,1 2 4 3* 4,5,1.0,False,control>lesion
2026,1-0-8-1-3,2 1 3* 2 4,5,1.0,False,control>lesion
2027,3-4-3-8-3,4 5 4 3* 4,5,1.0,False,control>lesion
2028,5-8-7-0-8,6 3* 2* 1 3*,5,1.0,False,control>lesion
2029,8-0-7-8-9,3* 1 2* 3* 4*,5,1.0,False,control>lesion
2030,8-1-8-7-0,3* 2 3* 2* 1,5,1.0,False,control>lesion
2031,8-3-8-9-8,3* 4 3* 4* 3*,5,1.0,False,lesion>control
2032,8-7-0-3-5,3* 2* 1 4 6,5,1.0,False,lesion>control
2033,0-3-8-7-8-9,1 4 3* 2* 3* 4*,6,1.0,False,control>lesion
2034,1-0-1-3-8-7,2 1 2 4 3* 2*,6,1.0,False,control>lesion
2035,3-8-3-2-7-8,4 3* 4 3 2* 3*,6,1.0,False,lesion>control
2036,3-8-3-8-3-4,4 3* 4 3* 4 5,6,1.0,False,lesion>control
2037,7-0-5-4-3-8,2* 1 6 5 4 3*,6,1.0,False,control>lesion
2038,7-8-7-0-1-8,2* 3* 2* 1 2 3*,6,1.0,False,control>lesion
2039,9-8-9-8-7-8,4* 3* 4* 3* 2* 3*,6,1.0,False,control>lesion
2040,8-5-1,3* 6 2,3,1.0,False,lesion>control
2041,9-8-4,4* 3* 5,3,1.0,False,lesion>control
2042,0-8-3-4,1 3* 4 5,4,1.0,False,control>lesion
2043,0-8-7-0,1 3* 2* 1,4,1.0,False,lesion>control
2044,2-9-8-3,3 4* 3* 4,4,1.0,False,lesion>control
2045,3-0-1-3,4 1 2 4,4,1.0,False,lesion>control
2046,3-0-1-8,4 1 2 3*,4,1.0,False,control>lesion
2047,4-5-1-0,5 6 2 1,4,1.0,False,control>lesion
2048,8-0-8-3,3* 1 3* 4,4,1.0,False,lesion>control
2049,8-3-0-1,3* 4 1 2,4,1.0,False,control>lesion
2050,8-9-8-4,3* 4* 3* 5,4,1.0,False,lesion>control
2051,1-8-1-8-5,2 3* 2 3* 6,5,1.0,False,control>lesion
2052,1-8-9-8-9,2 3* 4* 3* 4*,5,1.0,False,lesion>control
2053,3-5-8-7-0,4 6 3* 2* 1,5,1.0,False,control>lesion
2054,3-5-8-7-8,4 6 3* 2* 3*,5,1.0,False,control>lesion
2055,9-5-3-8-7,4* 6 4 3* 2*,5,1.0,False,control>lesion
2056,9-8-3-1-8,4* 3* 4 2 3*,5,1.0,False,lesion>control
2057,9-8-9-8-3,4* 3* 4* 3* 4,5,1.0,False,control>lesion
2058,0-5-3-8-7-0,1 6 4 3* 2* 1,6,1.0,False,lesion>control
2059,1-3-8-3-8-3,2 4 3* 4 3* 4,6,1.0,False,lesion>control
2060,1-8-9-4-8-3,2 3* 4* 5 3* 4,6,1.0,False,control>lesion
2061,2-9-8-7-8-9,3 4* 3* 2* 3* 4*,6,1.0,False,control>lesion
2062,7-0-3-8-7-8,2* 1 4 3* 2* 3*,6,1.0,False,lesion>control
2063,7-0-8-9-4-3,2* 1 3* 4* 5 4,6,1.0,False,control>lesion
2064,8-9-5-3-8-7,3* 4* 6 4 3* 2*,6,1.0,False,control>lesion
2065,8-9-8-9-8-3,3* 4* 3* 4* 3* 4,6,1.0,False,control>lesion
2066,5-9,6 4*,2,1.0,False,lesion>control
2067,9-1-0,4* 2 1,3,1.0,False,control>lesion
2068,0-3-0-5,1 4 1 6,4,1.0,False,lesion>control
2069,1-3-4-3,2 4 5 4,4,1.0,False,control>lesion
2070,1-3-4-8,2 4 5 3*,4,1.0,False,control>lesion
2071,2-1-8-1,3 2 3* 2,4,1.0,False,lesion>control
2072,3-8-3-0,4 3* 4 1,4,1.0,False,lesion>control
2073,4-5-0-1,5 6 1 2,4,1.0,False,lesion>control
2074,4-5-8-1,5 6 3* 2,4,1.0,False,lesion>control
2075,5-8-3-4,6 3* 4 5,4,1.0,False,lesion>control
2076,8-0-3-5,3* 1 4 6,4,1.0,False,control>lesion
2077,8-0-8-7,3* 1 3* 2*,4,1.0,False,lesion>control
2078,8-3-5-3,3* 4 6 4,4,1.0,False,control>lesion
2079,8-9-1-0,3* 4* 2 1,4,1.0,False,control>lesion
2080,9-3-8-7,4* 4 3* 2*,4,1.0,False,control>lesion
2081,9-8-0-1,4* 3* 1 2,4,1.0,False,lesion>control
2082,0-1-8-1-3,1 2 3* 2 4,5,1.0,False,control>lesion
2083,0-8-1-0-3,1 3* 2 1 4,5,1.0,False,lesion>control
2084,1-0-8-9-4,2 1 3* 4* 5,5,1.0,False,lesion>control
2085,1-8-1-2-9,2 3* 2 3 4*,5,1.0,False,lesion>control
2086,2-9-8-3-8,3 4* 3* 4 3*,5,1.0,False,lesion>control
2087,4-5-4-8-3,5 6 5 3* 4,5,1.0,False,control>lesion
2088,5-0-1-8-9,6 1 2 3* 4*,5,1.0,False,lesion>control
2089,5-4-8-3-8,6 5 3* 4 3*,5,1.0,False,control>lesion
2090,5-8-3-8-3,6 3* 4 3* 4,5,1.0,False,lesion>control
2091,8-3-5-8-7,3* 4 6 3* 2*,5,1.0,False,control>lesion
2092,8-9-3-8-7,3* 4* 4 3* 2*,5,1.0,False,control>lesion
2093,3-8-7-0-3-4,4 3* 2* 1 4 5,6,1.0,False,lesion>control
2094,7-8-1-3-8-3,2* 3* 2 4 3* 4,6,1.0,False,control>lesion
2095,8-1-8-9-1-8,3* 2 3* 4* 2 3*,6,1.0,False,control>lesion
2096,8-3-4-8-3-8,3* 4 5 3* 4 3*,6,1.0,False,lesion>control
2097,8-9-5-8-7-8,3* 4* 6 3* 2* 3*,6,1.0,False,control>lesion
2098,8-9-8-3-1-8,3* 4* 3* 4 2 3*,6,1.0,False,lesion>control
2099,8-8-7,3* 3* 2*,3,1.0,False,control>lesion
2100,0-1-0-3,1 2 1 4,4,1.0,False,control>lesion
2101,0-1-3-1,1 2 4 2,4,1.0,False,control>lesion
2102,0-5-0-8,1 6 1 3*,4,1.0,False,lesion>control
2103,1-0-5-0,2 1 6 1,4,1.0,False,lesion>control
2104,1-3-8-0,2 4 3* 1,4,1.0,False,lesion>control
2105,1-8-1-5,2 3* 2 6,4,1.0,False,lesion>control
2106,3-3-8-7,4 4 3* 2*,4,1.0,False,lesion>control
2107,3-5-4-5,4 6 5 6,4,1.0,False,control>lesion
2108,3-5-8-0,4 6 3* 1,4,1.0,False,control>lesion
2109,3-8-0-5,4 3* 1 6,4,1.0,False,lesion>control
2110,7-8-0-1,2* 3* 1 2,4,1.0,False,control>lesion
2111,8-0-1-0,3* 1 2 1,4,1.0,False,control>lesion
2112,8-5-2-1,3* 6 3 2,4,1.0,False,lesion>control
2113,0-5-4-8-1,1 6 5 3* 2,5,1.0,False,lesion>control
2114,0-8-1-0-1,1 3* 2 1 2,5,1.0,False,lesion>control
2115,1-5-8-1-8,2 6 3* 2 3*,5,1.0,False,lesion>control
2116,1-8-7-8-1,2 3* 2* 3* 2,5,1.0,False,lesion>control
2117,3-2-7-8-9,4 3 2* 3* 4*,5,1.0,False,control>lesion
2118,3-8-5-3-8,4 3* 6 4 3*,5,1.0,False,lesion>control
2119,4-8-7-0-3,5 3* 2* 1 4,5,1.0,False,lesion>control
2120,8-7-8-0-1,3* 2* 3* 1 2,5,1.0,False,control>lesion
2121,8-9-8-0-1,3* 4* 3* 1 2,5,1.0,False,lesion>control
2122,0-1-0-1-8-9,1 2 1 2 3* 4*,6,1.0,False,lesion>control
2123,1-8-1-2-9-8,2 3* 2 3 4* 3*,6,1.0,False,lesion>control
2124,1-8-1-8-1-2,2 3* 2 3* 2 3,6,1.0,False,lesion>control
2125,3-2-7-8-9-8,4 3 2* 3* 4* 3*,6,1.0,False,control>lesion
2126,3-8-7-8-7-0,4 3* 2* 3* 2* 1,6,1.0,False,lesion>control
2127,4-5-4-8-7-8,5 6 5 3* 2* 3*,6,1.0,False,control>lesion
2128,5-3-8-7-0-5,6 4 3* 2* 1 6,6,1.0,False,lesion>control
2129,7-0-3-8-3-8,2* 1 4 3* 4 3*,6,1.0,False,lesion>control
2130,8-4-3-8-7-8,3* 5 4 3* 2* 3*,6,1.0,False,lesion>control
2131,9-8-7-0-1-3,4* 3* 2* 1 2 4,6,1.0,False,control>lesion
2132,9-8-9-8-3-8,4* 3* 4* 3* 4 3*,6,1.0,False,control>lesion
2133,0-4-0,1 5 1,3,1.0,False,control>lesion
2134,0-4-3,1 5 4,3,1.0,False,lesion>control
2135,1-2-1,2 3 2,3,1.0,False,lesion>control
2136,4-8-5,5 3* 6,3,1.0,False,lesion>control
2137,8-5-9,3* 6 4*,3,1.0,False,control>lesion
2138,1-5-4-8,2 6 5 3*,4,1.0,False,control>lesion
2139,3-4-1-0,4 5 2 1,4,1.0,False,control>lesion
2140,3-4-5-1,4 5 6 2,4,1.0,False,control>lesion
2141,3-8-5-8,4 3* 6 3*,4,1.0,False,lesion>control
2142,5-1-0-3,6 2 1 4,4,1.0,False,control>lesion
2143,8-1-3-4,3* 2 4 5,4,1.0,False,control>lesion
2144,1-3-4-5-8,2 4 5 6 3*,5,1.0,False,control>lesion
2145,1-8-9-5-4,2 3* 4* 6 5,5,1.0,False,control>lesion
2146,3-8-0-7-8,4 3* 1 2* 3*,5,1.0,False,lesion>control
2147,3-8-1-8-1,4 3* 2 3* 2,5,1.0,False,lesion>control
2148,3-8-7-5-4,4 3* 2* 6 5,5,1.0,False,lesion>control
2149,4-3-8-3-4,5 4 3* 4 5,5,1.0,False,control>lesion
2150,4-5-8-3-8,5 6 3* 4 3*,5,1.0,False,lesion>control
2151,5-3-8-7-3,6 4 3* 2* 4,5,1.0,False,lesion>control
2152,7-8-7-8-1,2* 3* 2* 3* 2,5,1.0,False,control>lesion
2153,7-8-9-8-0,2* 3* 4* 3* 1,5,1.0,False,control>lesion
2154,8-1-8-0-1,3* 2 3* 1 2,5,1.0,False,lesion>control
2155,8-3-3-8-7,3* 4 4 3* 2*,5,1.0,False,lesion>control
2156,8-3-4-5-8,3* 4 5 6 3*,5,1.0,False,lesion>control
2157,9-1-8-1-8,4* 2 3* 2 3*,5,1.0,False,lesion>control
2158,1-8-1-3-8-3,2 3* 2 4 3* 4,6,1.0,False,lesion>control
2159,1-8-7-8-1-8,2 3* 2* 3* 2 3*,6,1.0,False,lesion>control
2160,5-8-7-0-1-8,6 3* 2* 1 2 3*,6,1.0,False,control>lesion
2161,7-8-1-0-8-9,2* 3* 2 1 3* 4*,6,1.0,False,control>lesion
2162,8-1-8-1-0-8,3* 2 3* 2 1 3*,6,1.0,False,lesion>control
2163,8-3-4-5-3-8,3* 4 5 6 4 3*,6,1.0,False,control>lesion
2164,8-3-8-3-2-7,3* 4 3* 4 3 2*,6,1.0,False,lesion>control
2165,8-3-8-3-8-0,3* 4 3* 4 3* 1,6,1.0,False,lesion>control
2166,8-7-8-7-8-1,3* 2* 3* 2* 3* 2,6,1.0,False,control>lesion
2167,9-4-5-8-7-0,4* 5 6 3* 2* 1,6,1.0,False,control>lesion
2168,8-0-9,3* 1 4*,3,1.0,False,lesion>control
2169,0-1-3-0,1 2 4 1,4,1.0,False,control>lesion
2170,0-1-8-0,1 2 3* 1,4,1.0,False,control>lesion
2171,0-5-4-5,1 6 5 6,4,1.0,False,control>lesion
2172,0-5-8-0,1 6 3* 1,4,1.0,False,lesion>control
2173,1-8-3-2,2 3* 4 3,4,1.0,False,lesion>control
2174,3-5-0-5,4 6 1 6,4,1.0,False,control>lesion
2175,7-0-5-3,2* 1 6 4,4,1.0,False,lesion>control
2176,7-8-5-4,2* 3* 6 5,4,1.0,False,control>lesion
2177,8-4-5-8,3* 5 6 3*,4,1.0,False,control>lesion
2178,8-5-8-1,3* 6 3* 2,4,1.0,False,lesion>control
2179,0-1-3-4-3,1 2 4 5 4,5,1.0,False,control>lesion
2180,1-3-4-3-8,2 4 5 4 3*,5,1.0,False,control>lesion
2181,1-3-4-5-4,2 4 5 6 5,5,1.0,False,control>lesion
2182,3-8-9-8-7,4 3* 4* 3* 2*,5,1.0,False,lesion>control
2183,7-0-3-4-5,2* 1 4 5 6,5,1.0,False,lesion>control
2184,7-8-9-8-5,2* 3* 4* 3* 6,5,1.0,False,control>lesion
2185,8-1-0-1-0,3* 2 1 2 1,5,1.0,False,control>lesion
2186,8-1-5-3-8,3* 2 6 4 3*,5,1.0,False,lesion>control
2187,8-7-8-5-4,3* 2* 3* 6 5,5,1.0,False,control>lesion
2188,9-8-3-4-5,4* 3* 4 5 6,5,1.0,False,control>lesion
2189,0-1-3-8-7-8,1 2 4 3* 2* 3*,6,1.0,False,lesion>control
2190,3-1-8-9-8-3,4 2 3* 4* 3* 4,6,1.0,False,lesion>control
2191,3-4-3-8-3-8,4 5 4 3* 4 3*,6,1.0,False,control>lesion
2192,3-8-3-4-8-3,4 3* 4 5 3* 4,6,1.0,False,lesion>control
2193,3-8-3-4-8-7,4 3* 4 5 3* 2*,6,1.0,False,lesion>control
2194,5-4-3-8-3-8,6 5 4 3* 4 3*,6,1.0,False,lesion>control
2195,7-0-1-0-1-8,2* 1 2 1 2 3*,6,1.0,False,lesion>control
2196,7-0-8-9-4-5,2* 1 3* 4* 5 6,6,1.0,False,control>lesion
2197,7-8-9-4-5-3,2* 3* 4* 5 6 4,6,1.0,False,control>lesion
2198,7-8-9-4-5-8,2* 3* 4* 5 6 3*,6,1.0,False,control>lesion
2199,8-0-1-8-1-8,3* 1 2 3* 2 3*,6,1.0,False,lesion>control
2200,8-1-8-1-2-9,3* 2 3* 2 3 4*,6,1.0,False,lesion>control
2201,8-1-8-7-8-1,3* 2 3* 2* 3* 2,6,1.0,False,lesion>control
2202,8-3-2-7-8-9,3* 4 3 2* 3* 4*,6,1.0,False,control>lesion
2203,8-3-4-3-8-3,3* 4 5 4 3* 4,6,1.0,False,control>lesion
2204,8-3-4-5-4-3,3* 4 5 6 5 4,6,1.0,False,control>lesion
2205,8-3-8-3-4-5,3* 4 3* 4 5 6,6,1.0,False,lesion>control
2206,8-7-0-3-4-5,3* 2* 1 4 5 6,6,1.0,False,lesion>control
2207,8-9-1-8-1-8,3* 4* 2 3* 2 3*,6,1.0,False,lesion>control
2208,8-9-8-3-4-5,3* 4* 3* 4 5 6,6,1.0,False,control>lesion
2209,9-5-3-8-7-8,4* 6 4 3* 2* 3*,6,1.0,False,control>lesion
2210,0-2-1,1 3 2,3,1.0,False,lesion>control
2211,2-0-2,3 1 3,3,1.0,False,lesion>control
2212,3-0-4,4 1 5,3,1.0,False,lesion>control
2213,0-3-8-0,1 4 3* 1,4,1.0,False,lesion>control
2214,0-4-5-0,1 5 6 1,4,1.0,False,lesion>control
2215,1-0-5-1,2 1 6 2,4,1.0,False,lesion>control
2216,4-3-1-0,5 4 2 1,4,1.0,False,control>lesion
2217,5-1-0-8,6 2 1 3*,4,1.0,False,control>lesion
2218,7-3-4-8,2* 4 5 3*,4,1.0,False,lesion>control
2219,7-8-7-3,2* 3* 2* 4,4,1.0,False,lesion>control
2220,1-0-1-3-4,2 1 2 4 5,5,1.0,False,control>lesion
2221,1-2-9-8-3,2 3 4* 3* 4,5,1.0,False,lesion>control
2222,3-8-7-8-4,4 3* 2* 3* 5,5,1.0,False,lesion>control
2223,4-5-3-8-3,5 6 4 3* 4,5,1.0,False,control>lesion
2224,4-8-1-0-5,5 3* 2 1 6,5,1.0,False,lesion>control
2225,5-8-1-8-9,6 3* 2 3* 4*,5,1.0,False,lesion>control
2226,8-3-5-3-8,3* 4 6 4 3*,5,1.0,False,control>lesion
2227,8-3-8-0-1,3* 4 3* 1 2,5,1.0,False,lesion>control
2228,8-7-0-5-3,3* 2* 1 6 4,5,1.0,False,lesion>control
2229,8-7-8-7-3,3* 2* 3* 2* 4,5,1.0,False,lesion>control
2230,9-4-5-8-3,4* 5 6 3* 4,5,1.0,False,control>lesion
2231,0-5-0-5-0-5,1 6 1 6 1 6,6,1.0,False,lesion>control
2232,0-8-9-8-7-3,1 3* 4* 3* 2* 4,6,1.0,False,lesion>control
2233,1-0-8-9-8-3,2 1 3* 4* 3* 4,6,1.0,False,control>lesion
2234,1-8-9-8-9-8,2 3* 4* 3* 4* 3*,6,1.0,False,lesion>control
2235,2-7-8-9-8-7,3 2* 3* 4* 3* 2*,6,1.0,False,control>lesion
2236,4-5-4-3-8-3,5 6 5 4 3* 4,6,1.0,False,lesion>control
2237,4-5-8-7-0-1,5 6 3* 2* 1 2,6,1.0,False,control>lesion
2238,5-3-8-7-0-8,6 4 3* 2* 1 3*,6,1.0,False,control>lesion
2239,8-7-8-9-8-0,3* 2* 3* 4* 3* 1,6,1.0,False,control>lesion
2240,8-7-8-9-8-5,3* 2* 3* 4* 3* 6,6,1.0,False,control>lesion
2241,8-9-4-5-8-3,3* 4* 5 6 3* 4,6,1.0,False,control>lesion
2242,9-1-8-9-8-3,4* 2 3* 4* 3* 4,6,1.0,False,lesion>control
2243,0-4-1,1 5 2,3,1.0,False,lesion>control
2244,2-1-2,3 2 3,3,1.0,False,lesion>control
2245,0-3-4-8,1 4 5 3*,4,1.0,False,control>lesion
2246,0-8-3-5,1 3* 4 6,4,1.0,False,lesion>control
2247,0-8-7-8,1 3* 2* 3*,4,1.0,False,lesion>control
2248,1-5-8-0,2 6 3* 1,4,1.0,False,lesion>control
2249,3-2-1-8,4 3 2 3*,4,1.0,False,control>lesion
2250,4-3-4-3,5 4 5 4,4,1.0,False,control>lesion
2251,5-1-0-1,6 2 1 2,4,1.0,False,control>lesion
2252,5-4-0-1,6 5 1 2,4,1.0,False,control>lesion
2253,5-4-3-5,6 5 4 6,4,1.0,False,control>lesion
2254,5-4-5-3,6 5 6 4,4,1.0,False,control>lesion
2255,5-8-0-8,6 3* 1 3*,4,1.0,False,lesion>control
2256,7-3-4-5,2* 4 5 6,4,1.0,False,control>lesion
2257,7-5-4-3,2* 6 5 4,4,1.0,False,lesion>control
2258,9-5-8-3,4* 6 3* 4,4,1.0,False,control>lesion
2259,9-8-3-3,4* 3* 4 4,4,1.0,False,control>lesion
2260,0-1-0-8-1,1 2 1 3* 2,5,1.0,False,lesion>control
2261,0-3-5-8-7,1 4 6 3* 2*,5,1.0,False,control>lesion
2262,1-0-3-8-3,2 1 4 3* 4,5,1.0,False,lesion>control
2263,3-1-8-1-8,4 2 3* 2 3*,5,1.0,False,lesion>control
2264,3-5-8-3-8,4 6 3* 4 3*,5,1.0,False,control>lesion
2265,3-8-0-3-8,4 3* 1 4 3*,5,1.0,False,lesion>control
2266,3-8-3-3-8,4 3* 4 4 3*,5,1.0,False,lesion>control
2267,5-8-0-1-8,6 3* 1 2 3*,5,1.0,False,control>lesion
2268,8-0-1-3-8,3* 1 2 4 3*,5,1.0,False,lesion>control
2269,8-3-1-8-1,3* 4 2 3* 2,5,1.0,False,control>lesion
2270,8-7-3-4-5,3* 2* 4 5 6,5,1.0,False,control>lesion
2271,8-7-3-4-8,3* 2* 4 5 3*,5,1.0,False,lesion>control
2272,8-9-8-3-3,3* 4* 3* 4 4,5,1.0,False,control>lesion
2273,0-3-8-7-0-5,1 4 3* 2* 1 6,6,1.0,False,control>lesion
2274,0-5-4-8-1-0,1 6 5 3* 2 1,6,1.0,False,lesion>control
2275,1-0-1-8-1-0,2 1 2 3* 2 1,6,1.0,False,lesion>control
2276,1-2-9-8-3-8,2 3 4* 3* 4 3*,6,1.0,False,lesion>control
2277,1-8-9-5-8-7,2 3* 4* 6 3* 2*,6,1.0,False,lesion>control
2278,3-4-8-7-0-1,4 5 3* 2* 1 2,6,1.0,False,control>lesion
2279,3-4-8-7-8-1,4 5 3* 2* 3* 2,6,1.0,False,lesion>control
2280,3-5-3-8-7-8,4 6 4 3* 2* 3*,6,1.0,False,control>lesion
2281,3-8-3-4-5-3,4 3* 4 5 6 4,6,1.0,False,lesion>control
2282,5-3-8-7-3-8,6 4 3* 2* 4 3*,6,1.0,False,lesion>control
2283,5-8-3-8-7-8,6 3* 4 3* 2* 3*,6,1.0,False,control>lesion
2284,7-8-1-8-9-1,2* 3* 2 3* 4* 2,6,1.0,False,control>lesion
2285,7-8-9-3-8-7,2* 3* 4* 4 3* 2*,6,1.0,False,control>lesion
2286,8-3-8-3-4-3,3* 4 3* 4 5 4,6,1.0,False,control>lesion
2287,9-5-8-7-8-9,4* 6 3* 2* 3* 4*,6,1.0,False,lesion>control
2288,9-8-7-8-1-2,4* 3* 2* 3* 2 3,6,1.0,False,control>lesion
2289,0-5-2,1 6 3,3,1.0,False,lesion>control
2290,0-9-8,1 4* 3*,3,1.0,False,lesion>control
2291,4-1-8,5 2 3*,3,1.0,False,lesion>control
2292,5-2-5,6 3 6,3,1.0,False,lesion>control
2293,5-9-8,6 4* 3*,3,1.0,False,control>lesion
2294,7-5-3,2* 6 4,3,1.0,False,lesion>control
2295,0-5-0-4,1 6 1 5,4,1.0,False,lesion>control
2296,1-0-3-1,2 1 4 2,4,1.0,False,lesion>control
2297,1-0-4-5,2 1 5 6,4,1.0,False,lesion>control
2298,1-3-1-0,2 4 2 1,4,1.0,False,control>lesion
2299,1-8-5-2,2 3* 6 3,4,1.0,False,lesion>control
2300,1-8-5-8,2 3* 6 3*,4,1.0,False,lesion>control
2301,3-4-0-5,4 5 1 6,4,1.0,False,control>lesion
2302,4-1-0-1,5 2 1 2,4,1.0,False,control>lesion
2303,4-1-0-5,5 2 1 6,4,1.0,False,control>lesion
2304,4-2-1-8,5 3 2 3*,4,1.0,False,control>lesion
2305,4-5-3-1,5 6 4 2,4,1.0,False,control>lesion
2306,7-3-5-8,2* 4 6 3*,4,1.0,False,lesion>control
2307,7-3-8-0,2* 4 3* 1,4,1.0,False,lesion>control
2308,8-0-5-4,3* 1 6 5,4,1.0,False,lesion>control
2309,8-4-2-1,3* 5 3 2,4,1.0,False,lesion>control
2310,8-5-4-1,3* 6 5 2,4,1.0,False,lesion>control
2311,8-5-9-8,3* 6 4* 3*,4,1.0,False,control>lesion
2312,0-1-0-1-3,1 2 1 2 4,5,1.0,False,control>lesion
2313,0-3-5-4-3,1 4 6 5 4,5,1.0,False,control>lesion
2314,0-5-1-0-5,1 6 2 1 6,5,1.0,False,lesion>control
2315,0-7-8-9-8,1 2* 3* 4* 3*,5,1.0,False,lesion>control
2316,0-8-3-4-5,1 3* 4 5 6,5,1.0,False,control>lesion
2317,1-0-3-4-5,2 1 4 5 6,5,1.0,False,control>lesion
2318,1-0-5-3-8,2 1 6 4 3*,5,1.0,False,lesion>control
2319,1-5-3-8-7,2 6 4 3* 2*,5,1.0,False,lesion>control
2320,1-8-1-5-8,2 3* 2 6 3*,5,1.0,False,lesion>control
2321,1-8-9-8-0,2 3* 4* 3* 1,5,1.0,False,control>lesion
2322,3-1-0-1-8,4 2 1 2 3*,5,1.0,False,control>lesion
2323,3-2-7-8-1,4 3 2* 3* 2,5,1.0,False,lesion>control
2324,3-8-3-1-0,4 3* 4 2 1,5,1.0,False,control>lesion
2325,3-8-7-3-4,4 3* 2* 4 5,5,1.0,False,control>lesion
2326,3-8-7-3-5,4 3* 2* 4 6,5,1.0,False,control>lesion
2327,4-5-4-5-4,5 6 5 6 5,5,1.0,False,control>lesion
2328,4-8-9-8-7,5 3* 4* 3* 2*,5,1.0,False,lesion>control
2329,5-8-7-0-3,6 3* 2* 1 4,5,1.0,False,lesion>control
2330,7-0-1-3-5,2* 1 2 4 6,5,1.0,False,lesion>control
2331,7-0-5-3-8,2* 1 6 4 3*,5,1.0,False,lesion>control
2332,7-5-4-3-8,2* 6 5 4 3*,5,1.0,False,control>lesion
2333,7-8-9-5-3,2* 3* 4* 6 4,5,1.0,False,control>lesion
2334,8-3-8-7-5,3* 4 3* 2* 6,5,1.0,False,lesion>control
2335,8-7-3-8-0,3* 2* 4 3* 1,5,1.0,False,lesion>control
2336,8-7-5-4-3,3* 2* 6 5 4,5,1.0,False,lesion>control
2337,9-8-0-1-8,4* 3* 1 2 3*,5,1.0,False,lesion>control
2338,9-8-3-3-8,4* 3* 4 4 3*,5,1.0,False,control>lesion
2339,9-8-3-8-9,4* 3* 4 3* 4*,5,1.0,False,control>lesion
2340,9-8-7-8-0,4* 3* 2* 3* 1,5,1.0,False,lesion>control
2341,0-1-3-4-3-8,1 2 4 5 4 3*,6,1.0,False,control>lesion
2342,0-1-3-4-5-4,1 2 4 5 6 5,6,1.0,False,control>lesion
2343,0-8-1-0-3-8,1 3* 2 1 4 3*,6,1.0,False,lesion>control
2344,0-8-9-4-5-4,1 3* 4* 5 6 5,6,1.0,False,control>lesion
2345,1-0-8-1-8-9,2 1 3* 2 3* 4*,6,1.0,False,lesion>control
2346,3-4-5-4-8-7,4 5 6 5 3* 2*,6,1.0,False,control>lesion
2347,3-4-8-3-8-3,4 5 3* 4 3* 4,6,1.0,False,lesion>control
2348,3-8-7-8-9-3,4 3* 2* 3* 4* 4,6,1.0,False,control>lesion
2349,3-8-9-8-7-8,4 3* 4* 3* 2* 3*,6,1.0,False,lesion>control
2350,4-3-8-7-0-5,5 4 3* 2* 1 6,6,1.0,False,lesion>control
2351,5-3-8-7-0-3,6 4 3* 2* 1 4,6,1.0,False,lesion>control
2352,7-3-8-7-0-1,2* 4 3* 2* 1 2,6,1.0,False,control>lesion
2353,7-5-4-3-8-7,2* 6 5 4 3* 2*,6,1.0,False,control>lesion
2354,7-8-1-0-1-3,2* 3* 2 1 2 4,6,1.0,False,control>lesion
2355,7-8-7-8-1-8,2* 3* 2* 3* 2 3*,6,1.0,False,lesion>control
2356,7-8-9-5-3-8,2* 3* 4* 6 4 3*,6,1.0,False,control>lesion
2357,8-1-8-1-8-5,3* 2 3* 2 3* 6,6,1.0,False,control>lesion
2358,8-3-8-0-1-8,3* 4 3* 1 2 3*,6,1.0,False,lesion>control
2359,8-7-0-1-3-5,3* 2* 1 2 4 6,6,1.0,False,lesion>control
2360,8-7-8-9-5-3,3* 2* 3* 4* 6 4,6,1.0,False,control>lesion
2361,8-9-8-0-1-8,3* 4* 3* 1 2 3*,6,1.0,False,lesion>control
2362,8-9-8-3-3-8,3* 4* 3* 4 4 3*,6,1.0,False,control>lesion
2363,8-9-8-3-8-9,3* 4* 3* 4 3* 4*,6,1.0,False,control>lesion
2364,8-9-8-7-8-0,3* 4* 3* 2* 3* 1,6,1.0,False,lesion>control
2365,9-8-7-8-9-3,4* 3* 2* 3* 4* 4,6,1.0,False,control>lesion
2366,9-5-0,4* 6 1,3,1.0,False,lesion>control
2367,0-3-4-0,1 4 5 1,4,1.0,False,lesion>control
2368,0-3-8-5,1 4 3* 6,4,1.0,False,lesion>control
2369,0-4-3-8,1 5 4 3*,4,1.0,False,lesion>control
2370,0-5-8-7,1 6 3* 2*,4,1.0,False,lesion>control
2371,0-8-4-5,1 3* 5 6,4,1.0,False,lesion>control
2372,0-8-9-1,1 3* 4* 2,4,1.0,False,lesion>control
2373,1-3-0-5,2 4 1 6,4,1.0,False,control>lesion
2374,1-3-1-3,2 4 2 4,4,1.0,False,lesion>control
2375,1-3-1-8,2 4 2 3*,4,1.0,False,lesion>control
2376,1-3-8-5,2 4 3* 6,4,1.0,False,control>lesion
2377,2-1-8-9,3 2 3* 4*,4,1.0,False,control>lesion
2378,4-0-5-0,5 1 6 1,4,1.0,False,lesion>control
2379,4-1-0-3,5 2 1 4,4,1.0,False,control>lesion
2380,4-1-0-8,5 2 1 3*,4,1.0,False,lesion>control
2381,4-3-4-5,5 4 5 6,4,1.0,False,control>lesion
2382,4-5-0-5,5 6 1 6,4,1.0,False,lesion>control
2383,4-8-0-8,5 3* 1 3*,4,1.0,False,lesion>control
2384,5-0-1-5,6 1 2 6,4,1.0,False,lesion>control
2385,5-0-3-4,6 1 4 5,4,1.0,False,lesion>control
2386,5-0-5-1,6 1 6 2,4,1.0,False,lesion>control
2387,5-3-0-5,6 4 1 6,4,1.0,False,lesion>control
2388,5-4-3-1,6 5 4 2,4,1.0,False,control>lesion
2389,7-0-5-8,2* 1 6 3*,4,1.0,False,lesion>control
2390,8-1-5-4,3* 2 6 5,4,1.0,False,lesion>control
2391,8-5-4-8,3* 6 5 3*,4,1.0,False,lesion>control
2392,0-1-0-1-0,1 2 1 2 1,5,1.0,False,lesion>control
2393,0-1-0-3-8,1 2 1 4 3*,5,1.0,False,lesion>control
2394,0-1-8-9-1,1 2 3* 4* 2,5,1.0,False,lesion>control
2395,0-3-5-0-3,1 4 6 1 4,5,1.0,False,lesion>control
2396,0-3-5-3-8,1 4 6 4 3*,5,1.0,False,lesion>control
2397,1-3-4-8-7,2 4 5 3* 2*,5,1.0,False,control>lesion
2398,1-5-8-1-0,2 6 3* 2 1,5,1.0,False,lesion>control
2399,1-8-3-2-1,2 3* 4 3 2,5,1.0,False,lesion>control
2400,1-8-7-8-9,2 3* 2* 3* 4*,5,1.0,False,control>lesion
2401,3-1-0-8-9,4 2 1 3* 4*,5,1.0,False,lesion>control
2402,3-1-8-9-1,4 2 3* 4* 2,5,1.0,False,lesion>control
2403,3-8-4-8-7,4 3* 5 3* 2*,5,1.0,False,lesion>control
2404,4-8-1-0-3,5 3* 2 1 4,5,1.0,False,lesion>control
2405,5-0-5-0-3,6 1 6 1 4,5,1.0,False,lesion>control
2406,7-8-7-3-8,2* 3* 2* 4 3*,5,1.0,False,lesion>control
2407,8-0-3-8-7,3* 1 4 3* 2*,5,1.0,False,lesion>control
2408,8-1-0-3-5,3* 2 1 4 6,5,1.0,False,control>lesion
2409,8-3-2-1-8,3* 4 3 2 3*,5,1.0,False,lesion>control
2410,8-3-5-4-8,3* 4 6 5 3*,5,1.0,False,control>lesion
2411,8-3-8-0-7,3* 4 3* 1 2*,5,1.0,False,lesion>control
2412,8-3-8-5-8,3* 4 3* 6 3*,5,1.0,False,lesion>control
2413,8-7-0-5-8,3* 2* 1 6 3*,5,1.0,False,lesion>control
2414,8-9-5-8-3,3* 4* 6 3* 4,5,1.0,False,control>lesion
2415,0-1-3-4-5-8,1 2 4 5 6 3*,6,1.0,False,control>lesion
2416,1-3-4-3-8-7,2 4 5 4 3* 2*,6,1.0,False,control>lesion
2417,1-3-8-7-0-3,2 4 3* 2* 1 4,6,1.0,False,lesion>control
2418,1-8-1-5-8-1,2 3* 2 6 3* 2,6,1.0,False,lesion>control
2419,3-4-8-3-8-7,4 5 3* 4 3* 2*,6,1.0,False,lesion>control
2420,3-5-3-8-7-0,4 6 4 3* 2* 1,6,1.0,False,lesion>control
2421,3-5-4-8-7-0,4 6 5 3* 2* 1,6,1.0,False,lesion>control
2422,3-8-3-8-3-1,4 3* 4 3* 4 2,6,1.0,False,lesion>control
2423,3-8-7-0-3-5,4 3* 2* 1 4 6,6,1.0,False,lesion>control
2424,3-8-7-0-5-3,4 3* 2* 1 6 4,6,1.0,False,lesion>control
2425,3-8-7-5-4-3,4 3* 2* 6 5 4,6,1.0,False,lesion>control
2426,4-3-8-3-4-5,5 4 3* 4 5 6,6,1.0,False,control>lesion
2427,7-0-1-3-4-5,2* 1 2 4 5 6,6,1.0,False,control>lesion
2428,7-8-1-8-7-8,2* 3* 2 3* 2* 3*,6,1.0,False,lesion>control
2429,8-0-7-8-9-8,3* 1 2* 3* 4* 3*,6,1.0,False,lesion>control
2430,8-1-2-9-8-3,3* 2 3 4* 3* 4,6,1.0,False,lesion>control
2431,8-1-3-8-1-3,3* 2 4 3* 2 4,6,1.0,False,lesion>control
2432,8-3-4-5-4-8,3* 4 5 6 5 3*,6,1.0,False,control>lesion
2433,8-7-0-5-3-8,3* 2* 1 6 4 3*,6,1.0,False,lesion>control
2434,8-7-5-4-3-8,3* 2* 6 5 4 3*,6,1.0,False,lesion>control
2435,8-7-8-7-3-8,3* 2* 3* 2* 4 3*,6,1.0,False,lesion>control
2436,9-4-5-8-7-8,4* 5 6 3* 2* 3*,6,1.0,False,control>lesion
2437,9-8-3-1-8-9,4* 3* 4 2 3* 4*,6,1.0,False,lesion>control
2438,9-8-7-8-7-0,4* 3* 2* 3* 2* 1,6,1.0,False,control>lesion
2439,0-2-3,1 3 4,3,1.0,False,control>lesion
2440,0-2-5,1 3 6,3,1.0,False,lesion>control
2441,0-2-9,1 3 4*,3,1.0,False,control>lesion
2442,4-8-4,5 3* 5,3,1.0,False,lesion>control
2443,5-2-9,6 3 4*,3,1.0,False,lesion>control
2444,9-3-4,4* 4 5,3,1.0,False,control>lesion
2445,0-3-0-8,1 4 1 3*,4,1.0,False,lesion>control
2446,0-3-4-3,1 4 5 4,4,1.0,False,lesion>control
2447,0-5-8-3,1 6 3* 4,4,1.0,False,lesion>control
2448,1-5-4-3,2 6 5 4,4,1.0,False,control>lesion
2449,1-8-4-8,2 3* 5 3*,4,1.0,False,lesion>control
2450,4-5-0-8,5 6 1 3*,4,1.0,False,lesion>control
2451,4-5-1-8,5 6 2 3*,4,1.0,False,lesion>control
2452,4-5-3-0,5 6 4 1,4,1.0,False,control>lesion
2453,4-5-4-0,5 6 5 1,4,1.0,False,control>lesion
2454,5-3-4-5,6 4 5 6,4,1.0,False,control>lesion
2455,7-0-4-8,2* 1 5 3*,4,1.0,False,lesion>control
2456,7-5-3-8,2* 6 4 3*,4,1.0,False,lesion>control
2457,7-8-4-2,2* 3* 5 3,4,1.0,False,lesion>control
2458,8-1-3-1,3* 2 4 2,4,1.0,False,lesion>control
2459,8-5-8-9,3* 6 3* 4*,4,1.0,False,lesion>control
2460,8-9-3-4,3* 4* 4 5,4,1.0,False,control>lesion
2461,8-9-5-0,3* 4* 6 1,4,1.0,False,lesion>control
2462,9-8-5-4,4* 3* 6 5,4,1.0,False,control>lesion
2463,9-8-7-4,4* 3* 2* 5,4,1.0,False,lesion>control
2464,0-1-0-5-4,1 2 1 6 5,5,1.0,False,control>lesion
2465,0-1-0-8-9,1 2 1 3* 4*,5,1.0,False,control>lesion
2466,0-1-8-0-1,1 2 3* 1 2,5,1.0,False,control>lesion
2467,1-0-1-0-1,2 1 2 1 2,5,1.0,False,control>lesion
2468,1-0-5-4-3,2 1 6 5 4,5,1.0,False,control>lesion
2469,1-3-8-3-2,2 4 3* 4 3,5,1.0,False,lesion>control
2470,1-4-8-1-3,2 5 3* 2 4,5,1.0,False,lesion>control
2471,1-5-4-8-1,2 6 5 3* 2,5,1.0,False,control>lesion
2472,1-8-1-0-3,2 3* 2 1 4,5,1.0,False,control>lesion
2473,2-1-8-1-8,3 2 3* 2 3*,5,1.0,False,lesion>control
2474,3-8-3-5-3,4 3* 4 6 4,5,1.0,False,control>lesion
2475,3-8-5-4-3,4 3* 6 5 4,5,1.0,False,control>lesion
2476,3-8-7-8-0,4 3* 2* 3* 1,5,1.0,False,control>lesion
2477,4-5-4-3-0,5 6 5 4 1,5,1.0,False,control>lesion
2478,4-5-8-0-1,5 6 3* 1 2,5,1.0,False,control>lesion
2479,5-0-3-5-0,6 1 4 6 1,5,1.0,False,control>lesion
2480,5-0-4-5-0,6 1 5 6 1,5,1.0,False,lesion>control
2481,5-8-1-5-8,6 3* 2 6 3*,5,1.0,False,lesion>control
2482,5-8-7-3-8,6 3* 2* 4 3*,5,1.0,False,lesion>control
2483,5-8-9-8-7,6 3* 4* 3* 2*,5,1.0,False,lesion>control
2484,7-8-0-1-8,2* 3* 1 2 3*,5,1.0,False,control>lesion
2485,7-8-5-4-3,2* 3* 6 5 4,5,1.0,False,control>lesion
2486,8-1-3-8-0,3* 2 4 3* 1,5,1.0,False,lesion>control
2487,8-3-8-3-3,3* 4 3* 4 4,5,1.0,False,lesion>control
2488,8-7-0-4-8,3* 2* 1 5 3*,5,1.0,False,lesion>control
2489,8-9-8-7-4,3* 4* 3* 2* 5,5,1.0,False,lesion>control
2490,0-1-8-1-3-8,1 2 3* 2 4 3*,6,1.0,False,control>lesion
2491,0-8-9-4-5-8,1 3* 4* 5 6 3*,6,1.0,False,control>lesion
2492,1-0-8-1-3-8,2 1 3* 2 4 3*,6,1.0,False,lesion>control
2493,1-8-7-8-9-8,2 3* 2* 3* 4* 3*,6,1.0,False,control>lesion
2494,1-8-9-8-3-1,2 3* 4* 3* 4 2,6,1.0,False,lesion>control
2495,2-9-8-7-8-1,3 4* 3* 2* 3* 2,6,1.0,False,control>lesion
2496,3-4-5-8-7-0,4 5 6 3* 2* 1,6,1.0,False,control>lesion
2497,3-5-8-7-8-9,4 6 3* 2* 3* 4*,6,1.0,False,control>lesion
2498,3-8-5-4-3-8,4 3* 6 5 4 3*,6,1.0,False,control>lesion
2499,4-5-3-8-3-8,5 6 4 3* 4 3*,6,1.0,False,control>lesion
2500,4-8-7-0-8-1,5 3* 2* 1 3* 2,6,1.0,False,lesion>control
2501,5-8-1-8-9-8,6 3* 2 3* 4* 3*,6,1.0,False,lesion>control
2502,7-0-5-3-8-7,2* 1 6 4 3* 2*,6,1.0,False,lesion>control
2503,7-8-5-4-3-8,2* 3* 6 5 4 3*,6,1.0,False,control>lesion
2504,7-8-9-8-3-3,2* 3* 4* 3* 4 4,6,1.0,False,control>lesion
2505,8-1-0-8-1-3,3* 2 1 3* 2 4,6,1.0,False,lesion>control
2506,8-1-8-7-8-9,3* 2 3* 2* 3* 4*,6,1.0,False,control>lesion
2507,8-1-8-9-5-8,3* 2 3* 4* 6 3*,6,1.0,False,lesion>control
2508,8-3-2-7-8-1,3* 4 3 2* 3* 2,6,1.0,False,lesion>control
2509,8-3-4-8-7-0,3* 4 5 3* 2* 1,6,1.0,False,lesion>control
2510,8-3-5-3-8-7,3* 4 6 4 3* 2*,6,1.0,False,control>lesion
2511,8-3-8-0-7-8,3* 4 3* 1 2* 3*,6,1.0,False,lesion>control
2512,8-5-3-8-7-8,3* 6 4 3* 2* 3*,6,1.0,False,control>lesion
2513,8-7-8-0-1-8,3* 2* 3* 1 2 3*,6,1.0,False,control>lesion
2514,8-7-8-5-4-3,3* 2* 3* 6 5 4,6,1.0,False,control>lesion
2515,9-4-8-3-8-3,4* 5 3* 4 3* 4,6,1.0,False,lesion>control
2516,9-8-3-8-3-1,4* 3* 4 3* 4 2,6,1.0,False,lesion>control
2517,9-8-3-8-9-8,4* 3* 4 3* 4* 3*,6,1.0,False,control>lesion
2518,1-2-3,2 3 4,3,1.0,False,lesion>control
2519,3-1-4,4 2 5,3,1.0,False,lesion>control
2520,3-8-8,4 3* 3*,3,1.0,False,control>lesion
2521,0-4-5-1,1 5 6 2,4,1.0,False,lesion>control
2522,0-5-1-5,1 6 2 6,4,1.0,False,lesion>control
2523,0-5-3-1,1 6 4 2,4,1.0,False,control>lesion
2524,0-8-1-5,1 3* 2 6,4,1.0,False,lesion>control
2525,1-2-1-2,2 3 2 3,4,1.0,False,lesion>control
2526,1-4-5-8,2 5 6 3*,4,1.0,False,control>lesion
2527,3-0-1-5,4 1 2 6,4,1.0,False,control>lesion
2528,3-0-5-3,4 1 6 4,4,1.0,False,control>lesion
2529,3-0-5-4,4 1 6 5,4,1.0,False,control>lesion
2530,3-3-8-3,4 4 3* 4,4,1.0,False,control>lesion
2531,3-5-1-0,4 6 2 1,4,1.0,False,control>lesion
2532,4-0-8-3,5 1 3* 4,4,1.0,False,control>lesion
2533,4-5-3-4,5 6 4 5,4,1.0,False,control>lesion
2534,5-1-8-9,6 2 3* 4*,4,1.0,False,lesion>control
2535,5-8-3-5,6 3* 4 6,4,1.0,False,lesion>control
2536,7-8-1-5,2* 3* 2 6,4,1.0,False,lesion>control
2537,8-0-1-5,3* 1 2 6,4,1.0,False,control>lesion
2538,8-3-4-0,3* 4 5 1,4,1.0,False,control>lesion
2539,8-5-2-0,3* 6 3 1,4,1.0,False,lesion>control
2540,8-5-8-0,3* 6 3* 1,4,1.0,False,lesion>control
2541,8-5-8-3,3* 6 3* 4,4,1.0,False,lesion>control
2542,8-7-5-3,3* 2* 6 4,4,1.0,False,lesion>control
2543,9-4-5-0,4* 5 6 1,4,1.0,False,lesion>control
2544,0-1-8-9-3,1 2 3* 4* 4,5,1.0,False,control>lesion
2545,0-3-4-5-4,1 4 5 6 5,5,1.0,False,lesion>control
2546,0-5-0-3-0,1 6 1 4 1,5,1.0,False,lesion>control
2547,1-0-3-5-3,2 1 4 6 4,5,1.0,False,control>lesion
2548,1-3-8-3-4,2 4 3* 4 5,5,1.0,False,control>lesion
2549,1-4-8-1-8,2 5 3* 2 3*,5,1.0,False,lesion>control
2550,1-8-9-3-8,2 3* 4* 4 3*,5,1.0,False,control>lesion
2551,2-1-8-9-8,3 2 3* 4* 3*,5,1.0,False,control>lesion
2552,2-3-8-7-8,3 4 3* 2* 3*,5,1.0,False,lesion>control
2553,3-0-1-8-9,4 1 2 3* 4*,5,1.0,False,control>lesion
2554,3-4-5-0-3,4 5 6 1 4,5,1.0,False,lesion>control
2555,3-8-0-8-7,4 3* 1 3* 2*,5,1.0,False,lesion>control
2556,3-8-9-8-3,4 3* 4* 3* 4,5,1.0,False,lesion>control
2557,4-5-0-1-8,5 6 1 2 3*,5,1.0,False,lesion>control
2558,4-8-1-0-1,5 3* 2 1 2,5,1.0,False,control>lesion
2559,5-4-8-7-3,6 5 3* 2* 4,5,1.0,False,control>lesion
2560,7-0-5-4-8,2* 1 6 5 3*,5,1.0,False,lesion>control
2561,7-3-4-8-7,2* 4 5 3* 2*,5,1.0,False,lesion>control
2562,7-8-9-8-4,2* 3* 4* 3* 5,5,1.0,False,lesion>control
2563,8-0-1-0-1,3* 1 2 1 2,5,1.0,False,control>lesion
2564,8-1-0-5-3,3* 2 1 6 4,5,1.0,False,lesion>control
2565,8-1-8-1-5,3* 2 3* 2 6,5,1.0,False,lesion>control
2566,8-3-0-1-8,3* 4 1 2 3*,5,1.0,False,lesion>control
2567,8-3-8-4-8,3* 4 3* 5 3*,5,1.0,False,lesion>control
2568,8-3-8-5-3,3* 4 3* 6 4,5,1.0,False,lesion>control
2569,8-4-2-1-8,3* 5 3 2 3*,5,1.0,False,control>lesion
2570,8-5-8-1-8,3* 6 3* 2 3*,5,1.0,False,lesion>control
2571,8-7-8-4-2,3* 2* 3* 5 3,5,1.0,False,lesion>control
2572,8-9-4-5-0,3* 4* 5 6 1,5,1.0,False,lesion>control
2573,8-9-8-5-4,3* 4* 3* 6 5,5,1.0,False,control>lesion
2574,9-3-8-7-0,4* 4 3* 2* 1,5,1.0,False,control>lesion
2575,9-8-3-8-5,4* 3* 4 3* 6,5,1.0,False,control>lesion
2576,0-1-8-9-5-8,1 2 3* 4* 6 3*,6,1.0,False,control>lesion
2577,0-3-8-3-8-3,1 4 3* 4 3* 4,6,1.0,False,lesion>control
2578,0-3-8-7-8-1,1 4 3* 2* 3* 2,6,1.0,False,lesion>control
2579,1-0-5-3-8-7,2 1 6 4 3* 2*,6,1.0,False,lesion>control
2580,1-3-4-5-8-7,2 4 5 6 3* 2*,6,1.0,False,control>lesion
2581,1-3-8-1-8-1,2 4 3* 2 3* 2,6,1.0,False,lesion>control
2582,1-4-8-1-3-8,2 5 3* 2 4 3*,6,1.0,False,lesion>control
2583,1-8-0-1-8-9,2 3* 1 2 3* 4*,6,1.0,False,lesion>control
2584,1-8-9-5-4-3,2 3* 4* 6 5 4,6,1.0,False,control>lesion
2585,2-9-8-3-8-7,3 4* 3* 4 3* 2*,6,1.0,False,control>lesion
2586,3-8-0-7-8-9,4 3* 1 2* 3* 4*,6,1.0,False,control>lesion
2587,3-8-3-8-3-5,4 3* 4 3* 4 6,6,1.0,False,control>lesion
2588,3-8-7-8-9-1,4 3* 2* 3* 4* 2,6,1.0,False,lesion>control
2589,4-5-8-7-0-8,5 6 3* 2* 1 3*,6,1.0,False,control>lesion
2590,4-8-1-8-1-8,5 3* 2 3* 2 3*,6,1.0,False,lesion>control
2591,4-8-7-0-8-9,5 3* 2* 1 3* 4*,6,1.0,False,lesion>control
2592,4-8-7-3-8-7,5 3* 2* 4 3* 2*,6,1.0,False,lesion>control
2593,5-4-3-8-7-3,6 5 4 3* 2* 4,6,1.0,False,control>lesion
2594,5-4-8-1-0-5,6 5 3* 2 1 6,6,1.0,False,lesion>control
2595,5-8-7-0-8-9,6 3* 2* 1 3* 4*,6,1.0,False,control>lesion
2596,7-0-1-3-8-3,2* 1 2 4 3* 4,6,1.0,False,control>lesion
2597,7-0-1-8-1-3,2* 1 2 3* 2 4,6,1.0,False,control>lesion
2598,8-1-8-9-8-9,3* 2 3* 4* 3* 4*,6,1.0,False,lesion>control
2599,8-3-8-7-8-4,3* 4 3* 2* 3* 5,6,1.0,False,control>lesion
2600,8-3-8-9-8-7,3* 4 3* 4* 3* 2*,6,1.0,False,lesion>control
2601,8-7-0-5-4-8,3* 2* 1 6 5 3*,6,1.0,False,lesion>control
2602,8-7-8-9-8-4,3* 2* 3* 4* 3* 5,6,1.0,False,lesion>control
2603,8-9-3-8-7-0,3* 4* 4 3* 2* 1,6,1.0,False,control>lesion
2604,8-9-8-3-8-5,3* 4* 3* 4 3* 6,6,1.0,False,control>lesion
2605,9-1-8-1-8-9,4* 2 3* 2 3* 4*,6,1.0,False,control>lesion
2606,9-8-9-8-7-0,4* 3* 4* 3* 2* 1,6,1.0,False,lesion>control
2607,1-4-3,2 5 4,3,1.0,False,lesion>control
2608,2-1-5,3 2 6,3,1.0,False,lesion>control
2609,2-7-3,3 2* 4,3,1.0,False,lesion>control
2610,8-8-9,3* 3* 4*,3,1.0,False,control>lesion
2611,9-0-8,4* 1 3*,3,1.0,False,lesion>control
2612,0-1-4-8,1 2 5 3*,4,1.0,False,lesion>control
2613,0-5-8-9,1 6 3* 4*,4,1.0,False,lesion>control
2614,0-9-8-7,1 4* 3* 2*,4,1.0,False,control>lesion
2615,1-3-0-8,2 4 1 3*,4,1.0,False,lesion>control
2616,1-3-5-0,2 4 6 1,4,1.0,False,control>lesion
2617,1-8-1-4,2 3* 2 5,4,1.0,False,lesion>control
2618,3-5-3-5,4 6 4 6,4,1.0,False,control>lesion
2619,3-8-5-0,4 3* 6 1,4,1.0,False,lesion>control
2620,4-0-3-0,5 1 4 1,4,1.0,False,lesion>control
2621,4-0-3-5,5 1 4 6,4,1.0,False,lesion>control
2622,4-3-0-5,5 4 1 6,4,1.0,False,control>lesion
2623,4-3-5-4,5 4 6 5,4,1.0,False,control>lesion
2624,4-5-1-3,5 6 2 4,4,1.0,False,lesion>control
2625,5-0-1-3,6 1 2 4,4,1.0,False,lesion>control
2626,5-0-8-7,6 1 3* 2*,4,1.0,False,lesion>control
2627,5-3-5-0,6 4 6 1,4,1.0,False,control>lesion
2628,5-4-0-8,6 5 1 3*,4,1.0,False,control>lesion
2629,5-8-3-0,6 3* 4 1,4,1.0,False,control>lesion
2630,5-8-3-1,6 3* 4 2,4,1.0,False,lesion>control
2631,5-8-9-5,6 3* 4* 6,4,1.0,False,lesion>control
2632,7-0-1-4,2* 1 2 5,4,1.0,False,control>lesion
2633,7-0-4-3,2* 1 5 4,4,1.0,False,lesion>control
2634,7-8-5-2,2* 3* 6 3,4,1.0,False,lesion>control
2635,8-0-5-0,3* 1 6 1,4,1.0,False,control>lesion
2636,8-1-2-1,3* 2 3 2,4,1.0,False,lesion>control
2637,8-3-1-3,3* 4 2 4,4,1.0,False,lesion>control
2638,8-3-5-0,3* 4 6 1,4,1.0,False,lesion>control
2639,8-5-2-9,3* 6 3 4*,4,1.0,False,lesion>control
2640,8-8-7-8,3* 3* 2* 3*,4,1.0,False,control>lesion
2641,0-1-5-8-0,1 2 6 3* 1,5,1.0,False,control>lesion
2642,0-1-5-8-1,1 2 6 3* 2,5,1.0,False,lesion>control
2643,0-3-4-5-8,1 4 5 6 3*,5,1.0,False,lesion>control
2644,0-3-5-0-5,1 4 6 1 6,5,1.0,False,control>lesion
2645,0-3-5-4-8,1 4 6 5 3*,5,1.0,False,control>lesion
2646,0-5-8-1-5,1 6 3* 2 6,5,1.0,False,lesion>control
2647,1-0-1-0-8,2 1 2 1 3*,5,1.0,False,control>lesion
2648,1-0-5-1-0,2 1 6 2 1,5,1.0,False,lesion>control
2649,1-0-5-8-0,2 1 6 3* 1,5,1.0,False,lesion>control
2650,1-5-8-1-5,2 6 3* 2 6,5,1.0,False,lesion>control
2651,1-8-9-8-5,2 3* 4* 3* 6,5,1.0,False,control>lesion
2652,3-0-3-0-5,4 1 4 1 6,5,1.0,False,lesion>control
2653,3-8-3-5-8,4 3* 4 6 3*,5,1.0,False,control>lesion
2654,4-3-4-3-8,5 4 5 4 3*,5,1.0,False,control>lesion
2655,4-8-1-0-8,5 3* 2 1 3*,5,1.0,False,lesion>control
2656,5-0-3-8-3,6 1 4 3* 4,5,1.0,False,lesion>control
2657,5-4-5-4-3,6 5 6 5 4,5,1.0,False,control>lesion
2658,5-8-1-0-1,6 3* 2 1 2,5,1.0,False,lesion>control
2659,5-8-1-0-3,6 3* 2 1 4,5,1.0,False,lesion>control
2660,5-8-7-3-4,6 3* 2* 4 5,5,1.0,False,control>lesion
2661,5-8-9-8-3,6 3* 4* 3* 4,5,1.0,False,lesion>control
2662,7-0-1-0-3,2* 1 2 1 4,5,1.0,False,lesion>control
2663,7-0-3-4-8,2* 1 4 5 3*,5,1.0,False,lesion>control
2664,7-0-3-5-4,2* 1 4 6 5,5,1.0,False,control>lesion
2665,7-8-1-8-5,2* 3* 2 3* 6,5,1.0,False,control>lesion
2666,8-0-1-3-4,3* 1 2 4 5,5,1.0,False,control>lesion
2667,8-0-8-3-8,3* 1 3* 4 3*,5,1.0,False,control>lesion
2668,8-1-8-1-4,3* 2 3* 2 5,5,1.0,False,lesion>control
2669,8-3-3-8-3,3* 4 4 3* 4,5,1.0,False,control>lesion
2670,8-4-5-4-3,3* 5 6 5 4,5,1.0,False,control>lesion
2671,8-5-8-3-8,3* 6 3* 4 3*,5,1.0,False,lesion>control
2672,8-7-0-4-3,3* 2* 1 5 4,5,1.0,False,lesion>control
2673,8-7-3-5-8,3* 2* 4 6 3*,5,1.0,False,lesion>control
2674,8-9-1-3-8,3* 4* 2 4 3*,5,1.0,False,lesion>control
2675,9-5-8-3-8,4* 6 3* 4 3*,5,1.0,False,control>lesion
2676,9-8-3-5-4,4* 3* 4 6 5,5,1.0,False,control>lesion
2677,9-8-3-5-8,4* 3* 4 6 3*,5,1.0,False,control>lesion
2678,9-8-3-8-0,4* 3* 4 3* 1,5,1.0,False,control>lesion
2679,0-1-0-3-8-7,1 2 1 4 3* 2*,6,1.0,False,lesion>control
2680,0-1-3-5-4-3,1 2 4 6 5 4,6,1.0,False,control>lesion
2681,0-1-3-8-3-8,1 2 4 3* 4 3*,6,1.0,False,control>lesion
2682,0-8-1-8-1-3,1 3* 2 3* 2 4,6,1.0,False,lesion>control
2683,1-0-1-8-9-5,2 1 2 3* 4* 6,6,1.0,False,control>lesion
2684,1-0-5-4-3-8,2 1 6 5 4 3*,6,1.0,False,control>lesion
2685,1-0-8-1-0-1,2 1 3* 2 1 2,6,1.0,False,control>lesion
2686,1-0-8-9-4-5,2 1 3* 4* 5 6,6,1.0,False,control>lesion
2687,1-8-1-8-7-0,2 3* 2 3* 2* 1,6,1.0,False,lesion>control
2688,3-1-0-1-8-9,4 2 1 2 3* 4*,6,1.0,False,control>lesion
2689,3-1-8-9-8-7,4 2 3* 4* 3* 2*,6,1.0,False,lesion>control
2690,3-4-5-4-8-3,4 5 6 5 3* 4,6,1.0,False,lesion>control
2691,3-8-3-8-0-1,4 3* 4 3* 1 2,6,1.0,False,lesion>control
2692,3-8-7-0-5-8,4 3* 2* 1 6 3*,6,1.0,False,lesion>control
2693,3-8-7-3-8-0,4 3* 2* 4 3* 1,6,1.0,False,lesion>control
2694,4-8-3-8-7-0,5 3* 4 3* 2* 1,6,1.0,False,lesion>control
2695,4-8-7-0-1-3,5 3* 2* 1 2 4,6,1.0,False,lesion>control
2696,4-8-7-0-3-8,5 3* 2* 1 4 3*,6,1.0,False,lesion>control
2697,4-8-7-8-1-0,5 3* 2* 3* 2 1,6,1.0,False,control>lesion
2698,7-0-1-0-3-8,2* 1 2 1 4 3*,6,1.0,False,lesion>control
2699,7-0-1-3-4-3,2* 1 2 4 5 4,6,1.0,False,control>lesion
2700,7-0-1-8-9-5,2* 1 2 3* 4* 6,6,1.0,False,lesion>control
2701,7-0-5-4-8-1,2* 1 6 5 3* 2,6,1.0,False,lesion>control
2702,7-8-1-8-7-0,2* 3* 2 3* 2* 1,6,1.0,False,control>lesion
2703,7-8-9-8-0-1,2* 3* 4* 3* 1 2,6,1.0,False,lesion>control
2704,7-8-9-8-3-1,2* 3* 4* 3* 4 2,6,1.0,False,control>lesion
2705,8-1-0-5-3-8,3* 2 1 6 4 3*,6,1.0,False,lesion>control
2706,8-1-5-8-1-8,3* 2 6 3* 2 3*,6,1.0,False,lesion>control
2707,8-1-8-3-2-1,3* 2 3* 4 3 2,6,1.0,False,lesion>control
2708,8-3-4-5-8-3,3* 4 5 6 3* 4,6,1.0,False,lesion>control
2709,8-3-8-3-5-8,3* 4 3* 4 6 3*,6,1.0,False,control>lesion
2710,8-3-8-9-8-3,3* 4 3* 4* 3* 4,6,1.0,False,lesion>control
2711,8-7-0-1-0-3,3* 2* 1 2 1 4,6,1.0,False,lesion>control
2712,8-7-0-3-5-4,3* 2* 1 4 6 5,6,1.0,False,control>lesion
2713,8-7-3-4-8-7,3* 2* 4 5 3* 2*,6,1.0,False,lesion>control
2714,8-7-8-1-8-5,3* 2* 3* 2 3* 6,6,1.0,False,control>lesion
2715,8-9-8-3-5-4,3* 4* 3* 4 6 5,6,1.0,False,control>lesion
2716,8-9-8-3-5-8,3* 4* 3* 4 6 3*,6,1.0,False,control>lesion
2717,8-9-8-3-8-0,3* 4* 3* 4 3* 1,6,1.0,False,control>lesion
2718,9-8-7-0-1-0,4* 3* 2* 1 2 1,6,1.0,False,control>lesion
2719,9-8-7-8-0-1,4* 3* 2* 3* 1 2,6,1.0,False,lesion>control
2720,4-9,5 4*,2,1.0,False,control>lesion
2721,0-2-0,1 3 1,3,1.0,False,lesion>control
2722,2-5-0,3 6 1,3,1.0,False,lesion>control
2723,0-1-5-0,1 2 6 1,4,1.0,False,control>lesion
2724,0-2-1-8,1 3 2 3*,4,1.0,False,lesion>control
2725,0-4-8-0,1 5 3* 1,4,1.0,False,lesion>control
2726,0-5-3-0,1 6 4 1,4,1.0,False,control>lesion
2727,0-5-3-5,1 6 4 6,4,1.0,False,control>lesion
2728,0-5-4-0,1 6 5 1,4,1.0,False,control>lesion
2729,0-5-8-4,1 6 3* 5,4,1.0,False,lesion>control
2730,1-0-8-5,2 1 3* 6,4,1.0,False,control>lesion
2731,1-3-4-0,2 4 5 1,4,1.0,False,lesion>control
2732,1-4-5-4,2 5 6 5,4,1.0,False,control>lesion
2733,1-8-5-9,2 3* 6 4*,4,1.0,False,control>lesion
2734,1-8-9-0,2 3* 4* 1,4,1.0,False,lesion>control
2735,3-0-5-8,4 1 6 3*,4,1.0,False,control>lesion
2736,3-1-3-1,4 2 4 2,4,1.0,False,lesion>control
2737,3-4-8-0,4 5 3* 1,4,1.0,False,control>lesion
2738,3-5-0-8,4 6 1 3*,4,1.0,False,lesion>control
2739,4-0-1-3,5 1 2 4,4,1.0,False,control>lesion
2740,4-3-8-1,5 4 3* 2,4,1.0,False,lesion>control
2741,4-5-4-1,5 6 5 2,4,1.0,False,control>lesion
2742,5-0-3-1,6 1 4 2,4,1.0,False,control>lesion
2743,5-0-5-3,6 1 6 4,4,1.0,False,control>lesion
2744,5-1-3-0,6 2 4 1,4,1.0,False,lesion>control
2745,5-1-8-1,6 2 3* 2,4,1.0,False,control>lesion
2746,5-8-9-4,6 3* 4* 5,4,1.0,False,control>lesion
2747,7-0-1-5,2* 1 2 6,4,1.0,False,control>lesion
2748,8-0-9-8,3* 1 4* 3*,4,1.0,False,control>lesion
2749,8-1-3-0,3* 2 4 1,4,1.0,False,control>lesion
2750,8-3-0-5,3* 4 1 6,4,1.0,False,lesion>control
2751,8-3-0-8,3* 4 1 3*,4,1.0,False,lesion>control
2752,8-4-8-3,3* 5 3* 4,4,1.0,False,lesion>control
2753,9-1-0-1,4* 2 1 2,4,1.0,False,control>lesion
2754,9-8-0-7,4* 3* 1 2*,4,1.0,False,control>lesion
2755,9-8-3-2,4* 3* 4 3,4,1.0,False,control>lesion
2756,0-1-3-5-3,1 2 4 6 4,5,1.0,False,control>lesion
2757,0-3-0-3-5,1 4 1 4 6,5,1.0,False,lesion>control
2758,0-3-4-8-7,1 4 5 3* 2*,5,1.0,False,control>lesion
2759,0-3-8-3-4,1 4 3* 4 5,5,1.0,False,lesion>control
2760,0-5-8-1-8,1 6 3* 2 3*,5,1.0,False,lesion>control
2761,0-5-8-7-0,1 6 3* 2* 1,5,1.0,False,control>lesion
2762,0-8-3-8-3,1 3* 4 3* 4,5,1.0,False,control>lesion
2763,0-8-3-8-7,1 3* 4 3* 2*,5,1.0,False,control>lesion
2764,0-8-7-8-9,1 3* 2* 3* 4*,5,1.0,False,control>lesion
2765,1-0-1-0-5,2 1 2 1 6,5,1.0,False,lesion>control
2766,1-0-5-0-5,2 1 6 1 6,5,1.0,False,lesion>control
2767,1-3-5-8-7,2 4 6 3* 2*,5,1.0,False,control>lesion
2768,1-3-8-3-1,2 4 3* 4 2,5,1.0,False,control>lesion
2769,1-5-4-3-8,2 6 5 4 3*,5,1.0,False,lesion>control
2770,1-8-1-8-0,2 3* 2 3* 1,5,1.0,False,lesion>control
2771,1-8-4-5-4,2 3* 5 6 5,5,1.0,False,control>lesion
2772,1-8-5-2-1,2 3* 6 3 2,5,1.0,False,lesion>control
2773,1-8-9-1-3,2 3* 4* 2 4,5,1.0,False,lesion>control
2774,1-8-9-8-4,2 3* 4* 3* 5,5,1.0,False,control>lesion
2775,3-3-8-7-0,4 4 3* 2* 1,5,1.0,False,lesion>control
2776,3-4-8-7-3,4 5 3* 2* 4,5,1.0,False,lesion>control
2777,3-5-3-8-3,4 6 4 3* 4,5,1.0,False,control>lesion
2778,3-5-4-8-3,4 6 5 3* 4,5,1.0,False,control>lesion
2779,4-5-0-3-5,5 6 1 4 6,5,1.0,False,control>lesion
2780,4-5-0-5-0,5 6 1 6 1,5,1.0,False,lesion>control
2781,4-5-4-5-8,5 6 5 6 3*,5,1.0,False,lesion>control
2782,4-5-8-7-3,5 6 3* 2* 4,5,1.0,False,lesion>control
2783,4-8-3-4-8,5 3* 4 5 3*,5,1.0,False,lesion>control
2784,5-4-3-1-0,6 5 4 2 1,5,1.0,False,control>lesion
2785,5-4-5-4-8,6 5 6 5 3*,5,1.0,False,control>lesion
2786,5-4-8-3-4,6 5 3* 4 5,5,1.0,False,lesion>control
2787,5-8-0-3-5,6 3* 1 4 6,5,1.0,False,control>lesion
2788,7-0-1-0-8,2* 1 2 1 3*,5,1.0,False,control>lesion
2789,7-0-8-9-1,2* 1 3* 4* 2,5,1.0,False,lesion>control
2790,7-8-1-0-3,2* 3* 2 1 4,5,1.0,False,control>lesion
2791,8-0-8-7-8,3* 1 3* 2* 3*,5,1.0,False,lesion>control
2792,8-1-8-5-4,3* 2 3* 6 5,5,1.0,False,control>lesion
2793,8-3-1-0-3,3* 4 2 1 4,5,1.0,False,lesion>control
2794,8-3-1-0-8,3* 4 2 1 3*,5,1.0,False,lesion>control
2795,8-3-8-0-8,3* 4 3* 1 3*,5,1.0,False,lesion>control
2796,8-3-8-5-4,3* 4 3* 6 5,5,1.0,False,control>lesion
2797,8-4-3-8-3,3* 5 4 3* 4,5,1.0,False,lesion>control
2798,8-4-8-7-8,3* 5 3* 2* 3*,5,1.0,False,control>lesion
2799,8-5-8-9-8,3* 6 3* 4* 3*,5,1.0,False,lesion>control
2800,8-7-0-1-4,3* 2* 1 2 5,5,1.0,False,control>lesion
2801,8-7-5-3-8,3* 2* 6 4 3*,5,1.0,False,lesion>control
2802,8-7-8-1-5,3* 2* 3* 2 6,5,1.0,False,lesion>control
2803,8-9-1-0-1,3* 4* 2 1 2,5,1.0,False,control>lesion
2804,8-9-8-3-2,3* 4* 3* 4 3,5,1.0,False,control>lesion
2805,9-3-8-7-8,4* 4 3* 2* 3*,5,1.0,False,control>lesion
2806,9-4-5-8-0,4* 5 6 3* 1,5,1.0,False,control>lesion
2807,0-3-5-8-7-0,1 4 6 3* 2* 1,6,1.0,False,control>lesion
2808,1-0-3-8-7-8,2 1 4 3* 2* 3*,6,1.0,False,control>lesion
2809,1-3-4-5-4-8,2 4 5 6 5 3*,6,1.0,False,control>lesion
2810,1-8-0-1-8-1,2 3* 1 2 3* 2,6,1.0,False,lesion>control
2811,1-8-1-0-3-8,2 3* 2 1 4 3*,6,1.0,False,control>lesion
2812,1-8-3-2-1-8,2 3* 4 3 2 3*,6,1.0,False,lesion>control
2813,1-8-9-1-8-1,2 3* 4* 2 3* 2,6,1.0,False,control>lesion
2814,2-7-8-9-8-3,3 2* 3* 4* 3* 4,6,1.0,False,lesion>control
2815,2-9-8-3-8-3,3 4* 3* 4 3* 4,6,1.0,False,lesion>control
2816,3-1-8-1-8-9,4 2 3* 2 3* 4*,6,1.0,False,control>lesion
2817,3-1-8-9-1-8,4 2 3* 4* 2 3*,6,1.0,False,lesion>control
2818,3-8-3-3-8-7,4 3* 4 4 3* 2*,6,1.0,False,lesion>control
2819,3-8-3-5-3-8,4 3* 4 6 4 3*,6,1.0,False,control>lesion
2820,3-8-3-8-0-7,4 3* 4 3* 1 2*,6,1.0,False,lesion>control
2821,4-5-0-1-8-9,5 6 1 2 3* 4*,6,1.0,False,lesion>control
2822,4-5-4-8-3-8,5 6 5 3* 4 3*,6,1.0,False,control>lesion
2823,4-5-8-3-8-7,5 6 3* 4 3* 2*,6,1.0,False,control>lesion
2824,5-4-5-4-3-8,6 5 6 5 4 3*,6,1.0,False,control>lesion
2825,7-0-8-1-0-1,2* 1 3* 2 1 2,6,1.0,False,lesion>control
2826,7-8-7-3-8-7,2* 3* 2* 4 3* 2*,6,1.0,False,lesion>control
2827,7-8-9-1-8-1,2* 3* 4* 2 3* 2,6,1.0,False,control>lesion
2828,8-1-3-8-3-2,3* 2 4 3* 4 3,6,1.0,False,lesion>control
2829,8-1-4-8-1-3,3* 2 5 3* 2 4,6,1.0,False,lesion>control
2830,8-1-4-8-1-8,3* 2 5 3* 2 3*,6,1.0,False,lesion>control
2831,8-1-8-1-5-8,3* 2 3* 2 6 3*,6,1.0,False,lesion>control
2832,8-1-8-9-5-4,3* 2 3* 4* 6 5,6,1.0,False,control>lesion
2833,8-3-1-8-1-8,3* 4 2 3* 2 3*,6,1.0,False,control>lesion
2834,8-3-5-4-3-8,3* 4 6 5 4 3*,6,1.0,False,control>lesion
2835,8-3-8-3-3-8,3* 4 3* 4 4 3*,6,1.0,False,lesion>control
2836,8-3-8-3-5-3,3* 4 3* 4 6 4,6,1.0,False,control>lesion
2837,8-3-8-5-3-8,3* 4 3* 6 4 3*,6,1.0,False,control>lesion
2838,8-5-3-8-3-8,3* 6 4 3* 4 3*,6,1.0,False,control>lesion
2839,8-7-0-1-0-8,3* 2* 1 2 1 3*,6,1.0,False,control>lesion
2840,8-7-0-8-9-1,3* 2* 1 3* 4* 2,6,1.0,False,lesion>control
2841,8-7-8-1-0-3,3* 2* 3* 2 1 4,6,1.0,False,control>lesion
2842,8-9-3-8-7-8,3* 4* 4 3* 2* 3*,6,1.0,False,control>lesion
2843,8-9-4-5-8-0,3* 4* 5 6 3* 1,6,1.0,False,control>lesion
2844,8-9-5-8-3-8,3* 4* 6 3* 4 3*,6,1.0,False,control>lesion
2845,9-3-8-7-0-1,4* 4 3* 2* 1 2,6,1.0,False,lesion>control
2846,9-8-0-1-8-9,4* 3* 1 2 3* 4*,6,1.0,False,control>lesion
2847,9-8-3-3-8-7,4* 3* 4 4 3* 2*,6,1.0,False,control>lesion
2848,7-1,2* 2,2,1.0,False,lesion>control
2849,0-2-7,1 3 2*,3,1.0,False,control>lesion
2850,3-2-5,4 3 6,3,1.0,False,lesion>control
2851,4-9-8,5 4* 3*,3,1.0,False,control>lesion
2852,8-7-1,3* 2* 2,3,1.0,False,lesion>control
2853,0-2-3-8,1 3 4 3*,4,1.0,False,lesion>control
2854,0-3-1-3,1 4 2 4,4,1.0,False,lesion>control
2855,0-3-8-4,1 4 3* 5,4,1.0,False,lesion>control
2856,0-5-0-1,1 6 1 2,4,1.0,False,lesion>control
2857,0-8-0-5,1 3* 1 6,4,1.0,False,lesion>control
2858,0-8-5-4,1 3* 6 5,4,1.0,False,control>lesion
2859,1-0-1-4,2 1 2 5,4,1.0,False,control>lesion
2860,1-0-8-3,2 1 3* 4,4,1.0,False,lesion>control
2861,1-4-3-8,2 5 4 3*,4,1.0,False,lesion>control
2862,1-5-3-1,2 6 4 2,4,1.0,False,control>lesion
2863,1-8-0-8,2 3* 1 3*,4,1.0,False,control>lesion
2864,1-8-4-2,2 3* 5 3,4,1.0,False,lesion>control
2865,2-1-0-3,3 2 1 4,4,1.0,False,lesion>control
2866,2-7-3-8,3 2* 4 3*,4,1.0,False,lesion>control
2867,3-0-5-1,4 1 6 2,4,1.0,False,control>lesion
2868,3-0-8-7,4 1 3* 2*,4,1.0,False,lesion>control
2869,3-1-0-4,4 2 1 5,4,1.0,False,lesion>control
2870,3-1-8-5,4 2 3* 6,4,1.0,False,control>lesion
2871,3-4-0-8,4 5 1 3*,4,1.0,False,lesion>control
2872,3-4-3-4,4 5 4 5,4,1.0,False,lesion>control
2873,3-5-4-0,4 6 5 1,4,1.0,False,control>lesion
2874,4-0-1-0,5 1 2 1,4,1.0,False,control>lesion
2875,4-0-1-8,5 1 2 3*,4,1.0,False,lesion>control
2876,4-0-3-8,5 1 4 3*,4,1.0,False,lesion>control
2877,4-3-8-5,5 4 3* 6,4,1.0,False,lesion>control
2878,4-8-1-4,5 3* 2 5,4,1.0,False,lesion>control
2879,5-1-0-4,6 2 1 5,4,1.0,False,lesion>control
2880,5-3-5-3,6 4 6 4,4,1.0,False,lesion>control
2881,5-3-5-8,6 4 6 3*,4,1.0,False,control>lesion
2882,5-3-8-5,6 4 3* 6,4,1.0,False,lesion>control
2883,5-4-5-0,6 5 6 1,4,1.0,False,lesion>control
2884,5-8-4-5,6 3* 5 6,4,1.0,False,lesion>control
2885,5-9-8-7,6 4* 3* 2*,4,1.0,False,control>lesion
2886,7-0-8-4,2* 1 3* 5,4,1.0,False,control>lesion
2887,7-3-1-0,2* 4 2 1,4,1.0,False,lesion>control
2888,8-0-2-3,3* 1 3 4,4,1.0,False,lesion>control
2889,8-5-0-5,3* 6 1 6,4,1.0,False,lesion>control
2890,8-5-1-0,3* 6 2 1,4,1.0,False,lesion>control
2891,9-8-3-0,4* 3* 4 1,4,1.0,False,lesion>control
2892,9-8-4-8,4* 3* 5 3*,4,1.0,False,lesion>control
2893,0-1-0-5-8,1 2 1 6 3*,5,1.0,False,lesion>control
2894,0-1-3-4-8,1 2 4 5 3*,5,1.0,False,control>lesion
2895,0-1-3-8-5,1 2 4 3* 6,5,1.0,False,control>lesion
2896,0-3-1-0-8,1 4 2 1 3*,5,1.0,False,control>lesion
2897,0-3-4-3-8,1 4 5 4 3*,5,1.0,False,lesion>control
2898,0-4-3-8-7,1 5 4 3* 2*,5,1.0,False,lesion>control
2899,0-5-0-3-8,1 6 1 4 3*,5,1.0,False,lesion>control
2900,0-5-0-4-5,1 6 1 5 6,5,1.0,False,lesion>control
2901,0-5-0-5-1,1 6 1 6 2,5,1.0,False,lesion>control
2902,0-7-8-9-4,1 2* 3* 4* 5,5,1.0,False,control>lesion
2903,1-0-1-5-8,2 1 2 6 3*,5,1.0,False,lesion>control
2904,1-3-5-4-8,2 4 6 5 3*,5,1.0,False,control>lesion
2905,1-8-1-2-1,2 3* 2 3 2,5,1.0,False,lesion>control
2906,1-8-1-3-4,2 3* 2 4 5,5,1.0,False,lesion>control
2907,1-8-9-1-0,2 3* 4* 2 1,5,1.0,False,control>lesion
2908,3-1-8-9-4,4 2 3* 4* 5,5,1.0,False,lesion>control
2909,3-3-8-3-8,4 4 3* 4 3*,5,1.0,False,control>lesion
2910,3-3-8-7-8,4 4 3* 2* 3*,5,1.0,False,lesion>control
2911,3-4-5-0-1,4 5 6 1 2,5,1.0,False,lesion>control
2912,3-5-8-7-3,4 6 3* 2* 4,5,1.0,False,control>lesion
2913,3-8-7-5-3,4 3* 2* 6 4,5,1.0,False,lesion>control
2914,4-3-8-7-5,5 4 3* 2* 6,5,1.0,False,lesion>control
2915,4-5-4-1-0,5 6 5 2 1,5,1.0,False,control>lesion
2916,4-5-8-0-3,5 6 3* 1 4,5,1.0,False,control>lesion
2917,4-8-1-8-9,5 3* 2 3* 4*,5,1.0,False,lesion>control
2918,4-8-3-4-5,5 3* 4 5 6,5,1.0,False,lesion>control
2919,4-8-7-8-7,5 3* 2* 3* 2*,5,1.0,False,lesion>control
2920,5-1-0-8-1,6 2 1 3* 2,5,1.0,False,control>lesion
2921,5-3-8-0-5,6 4 3* 1 6,5,1.0,False,lesion>control
2922,5-4-1-0-1,6 5 2 1 2,5,1.0,False,control>lesion
2923,5-4-1-0-8,6 5 2 1 3*,5,1.0,False,lesion>control
2924,5-4-5-4-5,6 5 6 5 6,5,1.0,False,lesion>control
2925,5-4-5-8-0,6 5 6 3* 1,5,1.0,False,lesion>control
2926,5-8-1-4-8,6 3* 2 5 3*,5,1.0,False,lesion>control
2927,7-0-1-0-5,2* 1 2 1 6,5,1.0,False,control>lesion
2928,7-0-3-8-1,2* 1 4 3* 2,5,1.0,False,lesion>control
2929,7-0-4-3-8,2* 1 5 4 3*,5,1.0,False,lesion>control
2930,7-0-5-8-1,2* 1 6 3* 2,5,1.0,False,lesion>control
2931,7-5-3-8-7,2* 6 4 3* 2*,5,1.0,False,lesion>control
2932,8-1-0-5-4,3* 2 1 6 5,5,1.0,False,lesion>control
2933,8-1-5-4-8,3* 2 6 5 3*,5,1.0,False,lesion>control
2934,8-3-5-8-3,3* 4 6 3* 4,5,1.0,False,lesion>control
2935,8-3-8-0-3,3* 4 3* 1 4,5,1.0,False,lesion>control
2936,8-5-4-1-0,3* 6 5 2 1,5,1.0,False,lesion>control
2937,8-5-9-8-7,3* 6 4* 3* 2*,5,1.0,False,control>lesion
2938,8-7-0-1-5,3* 2* 1 2 6,5,1.0,False,control>lesion
2939,8-7-0-8-4,3* 2* 1 3* 5,5,1.0,False,control>lesion
2940,8-9-8-4-8,3* 4* 3* 5 3*,5,1.0,False,lesion>control
2941,9-3-8-3-8,4* 4 3* 4 3*,5,1.0,False,control>lesion
2942,9-4-5-0-1,4* 5 6 1 2,5,1.0,False,lesion>control
2943,9-5-3-8-3,4* 6 4 3* 4,5,1.0,False,control>lesion
2944,9-8-7-3-5,4* 3* 2* 4 6,5,1.0,False,control>lesion
2945,9-8-7-4-8,4* 3* 2* 5 3*,5,1.0,False,lesion>control
2946,0-1-8-9-5-4,1 2 3* 4* 6 5,6,1.0,False,control>lesion
2947,0-3-0-3-0-3,1 4 1 4 1 4,6,1.0,False,lesion>control
2948,0-3-4-3-8-7,1 4 5 4 3* 2*,6,1.0,False,lesion>control
2949,0-3-4-5-4-3,1 4 5 6 5 4,6,1.0,False,lesion>control
2950,0-3-5-4-3-8,1 4 6 5 4 3*,6,1.0,False,control>lesion
2951,0-3-5-4-8-7,1 4 6 5 3* 2*,6,1.0,False,control>lesion
2952,0-7-8-9-8-7,1 2* 3* 4* 3* 2*,6,1.0,False,control>lesion
2953,1-0-3-8-3-8,2 1 4 3* 4 3*,6,1.0,False,control>lesion
2954,1-0-5-8-1-8,2 1 6 3* 2 3*,6,1.0,False,lesion>control
2955,1-3-8-3-2-7,2 4 3* 4 3 2*,6,1.0,False,lesion>control
2956,1-5-8-1-8-1,2 6 3* 2 3* 2,6,1.0,False,control>lesion
2957,1-8-1-8-9-5,2 3* 2 3* 4* 6,6,1.0,False,lesion>control
2958,2-1-8-9-8-7,3 2 3* 4* 3* 2*,6,1.0,False,control>lesion
2959,3-4-5-8-3-8,4 5 6 3* 4 3*,6,1.0,False,lesion>control
2960,3-4-8-7-0-3,4 5 3* 2* 1 4,6,1.0,False,lesion>control
2961,3-4-8-7-3-8,4 5 3* 2* 4 3*,6,1.0,False,lesion>control
2962,3-8-3-1-8-1,4 3* 4 2 3* 2,6,1.0,False,control>lesion
2963,3-8-3-5-8-7,4 3* 4 6 3* 2*,6,1.0,False,control>lesion
2964,3-8-3-8-4-8,4 3* 4 3* 5 3*,6,1.0,False,lesion>control
2965,3-8-3-8-5-3,4 3* 4 3* 6 4,6,1.0,False,lesion>control
2966,3-8-3-8-7-5,4 3* 4 3* 2* 6,6,1.0,False,lesion>control
2967,3-8-5-3-8-7,4 3* 6 4 3* 2*,6,1.0,False,control>lesion
2968,3-8-7-0-4-8,4 3* 2* 1 5 3*,6,1.0,False,lesion>control
2969,3-8-7-5-3-8,4 3* 2* 6 4 3*,6,1.0,False,lesion>control
2970,3-8-7-8-7-3,4 3* 2* 3* 2* 4,6,1.0,False,lesion>control
2971,3-8-9-8-3-8,4 3* 4* 3* 4 3*,6,1.0,False,lesion>control
2972,4-5-4-8-3-4,5 6 5 3* 4 5,6,1.0,False,lesion>control
2973,4-5-8-7-8-1,5 6 3* 2* 3* 2,6,1.0,False,control>lesion
2974,4-8-1-0-5-3,5 3* 2 1 6 4,6,1.0,False,lesion>control
2975,5-0-1-8-9-4,6 1 2 3* 4* 5,6,1.0,False,lesion>control
2976,5-4-3-8-3-4,6 5 4 3* 4 5,6,1.0,False,control>lesion
2977,5-4-8-7-0-8,6 5 3* 2* 1 3*,6,1.0,False,control>lesion
2978,5-4-8-7-8-1,6 5 3* 2* 3* 2,6,1.0,False,lesion>control
2979,5-8-7-8-1-0,6 3* 2* 3* 2 1,6,1.0,False,control>lesion
2980,5-8-9-8-3-8,6 3* 4* 3* 4 3*,6,1.0,False,lesion>control
2981,7-0-1-3-5-4,2* 1 2 4 6 5,6,1.0,False,control>lesion
2982,7-0-1-8-9-3,2* 1 2 3* 4* 4,6,1.0,False,control>lesion
2983,7-8-0-1-8-9,2* 3* 1 2 3* 4*,6,1.0,False,control>lesion
2984,8-0-1-3-4-5,3* 1 2 4 5 6,6,1.0,False,control>lesion
2985,8-0-1-3-8-7,3* 1 2 4 3* 2*,6,1.0,False,lesion>control
2986,8-0-7-8-9-4,3* 1 2* 3* 4* 5,6,1.0,False,control>lesion
2987,8-1-0-3-8-3,3* 2 1 4 3* 4,6,1.0,False,control>lesion
2988,8-1-8-1-2-1,3* 2 3* 2 3 2,6,1.0,False,lesion>control
2989,8-1-8-5-4-3,3* 2 3* 6 5 4,6,1.0,False,control>lesion
2990,8-3-1-8-9-1,3* 4 2 3* 4* 2,6,1.0,False,lesion>control
2991,8-3-3-8-7-0,3* 4 4 3* 2* 1,6,1.0,False,lesion>control
2992,8-3-3-8-7-8,3* 4 4 3* 2* 3*,6,1.0,False,lesion>control
2993,8-4-3-8-3-8,3* 5 4 3* 4 3*,6,1.0,False,lesion>control
2994,8-5-3-8-7-0,3* 6 4 3* 2* 1,6,1.0,False,control>lesion
2995,8-7-0-1-0-5,3* 2* 1 2 1 6,6,1.0,False,control>lesion
2996,8-7-0-3-4-8,3* 2* 1 4 5 3*,6,1.0,False,control>lesion
2997,8-7-0-4-3-8,3* 2* 1 5 4 3*,6,1.0,False,lesion>control
2998,8-7-0-5-8-1,3* 2* 1 6 3* 2,6,1.0,False,lesion>control
2999,8-9-3-8-3-8,3* 4* 4 3* 4 3*,6,1.0,False,control>lesion
3000,8-9-4-5-0-1,3* 4* 5 6 1 2,6,1.0,False,lesion>control
3001,8-9-8-7-4-8,3* 4* 3* 2* 5 3*,6,1.0,False,lesion>control
3002,9-4-5-4-8-3,4* 5 6 5 3* 4,6,1.0,False,control>lesion
3003,9-8-3-5-8-7,4* 3* 4 6 3* 2*,6,1.0,False,control>lesion
3004,1-9,2 4*,2,1.0,False,lesion>control
3005,2-8,3 3*,2,1.0,False,lesion>control
3006,5-7,6 2*,2,1.0,False,lesion>control
3007,0-3-2,1 4 3,3,1.0,False,lesion>control
3008,0-7-3,1 2* 4,3,1.0,False,lesion>control
3009,1-4-0,2 5 1,3,1.0,False,lesion>control
3010,1-8-8,2 3* 3*,3,1.0,False,control>lesion
3011,4-2-0,5 3 1,3,1.0,False,control>lesion
3012,4-5-2,5 6 3,3,1.0,False,lesion>control
3013,5-0-2,6 1 3,3,1.0,False,lesion>control
3014,5-1-4,6 2 5,3,1.0,False,lesion>control
3015,7-8-3,2* 3* 4,3,1.0,False,control>lesion
3016,9-0-1,4* 1 2,3,1.0,False,control>lesion
3017,9-5-1,4* 6 2,3,1.0,False,control>lesion
3018,0-2-9-8,1 3 4* 3*,4,1.0,False,control>lesion
3019,0-4-1-0,1 5 2 1,4,1.0,False,lesion>control
3020,0-4-5-3,1 5 6 4,4,1.0,False,lesion>control
3021,0-4-5-4,1 5 6 5,4,1.0,False,lesion>control
3022,0-7-8-1,1 2* 3* 2,4,1.0,False,lesion>control
3023,0-8-0-1,1 3* 1 2,4,1.0,False,control>lesion
3024,0-8-5-2,1 3* 6 3,4,1.0,False,lesion>control
3025,1-0-4-1,2 1 5 2,4,1.0,False,lesion>control
3026,1-3-0-1,2 4 1 2,4,1.0,False,lesion>control
3027,1-4-8-0,2 5 3* 1,4,1.0,False,lesion>control
3028,1-5-0-5,2 6 1 6,4,1.0,False,control>lesion
3029,1-8-0-2,2 3* 1 3,4,1.0,False,lesion>control
3030,1-8-4-3,2 3* 5 4,4,1.0,False,lesion>control
3031,1-8-5-3,2 3* 6 4,4,1.0,False,control>lesion
3032,2-3-2-7,3 4 3 2*,4,1.0,False,lesion>control
3033,2-3-8-3,3 4 3* 4,4,1.0,False,lesion>control
3034,3-0-4-5,4 1 5 6,4,1.0,False,lesion>control
3035,3-1-3-4,4 2 4 5,4,1.0,False,lesion>control
3036,3-4-0-1,4 5 1 2,4,1.0,False,control>lesion
3037,3-4-3-1,4 5 4 2,4,1.0,False,control>lesion
3038,3-5-0-4,4 6 1 5,4,1.0,False,lesion>control
3039,3-8-4-5,4 3* 5 6,4,1.0,False,lesion>control
3040,4-0-5-8,5 1 6 3*,4,1.0,False,control>lesion
3041,4-1-8-1,5 2 3* 2,4,1.0,False,lesion>control
3042,4-5-3-5,5 6 4 6,4,1.0,False,lesion>control
3043,5-0-1-0,6 1 2 1,4,1.0,False,control>lesion
3044,5-0-8-0,6 1 3* 1,4,1.0,False,control>lesion
3045,5-2-1-8,6 3 2 3*,4,1.0,False,lesion>control
3046,5-3-5-4,6 4 6 5,4,1.0,False,lesion>control
3047,5-3-8-4,6 4 3* 5,4,1.0,False,lesion>control
3048,5-4-0-5,6 5 1 6,4,1.0,False,lesion>control
3049,5-8-0-2,6 3* 1 3,4,1.0,False,lesion>control
3050,7-3-5-3,2* 4 6 4,4,1.0,False,control>lesion
3051,7-5-4-8,2* 6 5 3*,4,1.0,False,lesion>control
3052,7-5-8-9,2* 6 3* 4*,4,1.0,False,lesion>control
3053,7-8-4-3,2* 3* 5 4,4,1.0,False,control>lesion
3054,7-8-5-3,2* 3* 6 4,4,1.0,False,lesion>control
3055,8-0-2-1,3* 1 3 2,4,1.0,False,lesion>control
3056,8-0-3-1,3* 1 4 2,4,1.0,False,control>lesion
3057,8-0-5-1,3* 1 6 2,4,1.0,False,lesion>control
3058,8-0-8-0,3* 1 3* 1,4,1.0,False,lesion>control
3059,8-3-5-1,3* 4 6 2,4,1.0,False,control>lesion
3060,8-3-8-8,3* 4 3* 3*,4,1.0,False,control>lesion
3061,8-4-5-3,3* 5 6 4,4,1.0,False,control>lesion
3062,8-4-8-4,3* 5 3* 5,4,1.0,False,lesion>control
3063,8-7-8-3,3* 2* 3* 4,4,1.0,False,control>lesion
3064,8-8-7-0,3* 3* 2* 1,4,1.0,False,control>lesion
3065,8-9-0-8,3* 4* 1 3*,4,1.0,False,lesion>control
3066,9-5-0-1,4* 6 1 2,4,1.0,False,lesion>control
3067,9-8-5-8,4* 3* 6 3*,4,1.0,False,lesion>control
3068,9-8-9-4,4* 3* 4* 5,4,1.0,False,control>lesion
3069,0-1-3-1-0,1 2 4 2 1,5,1.0,False,control>lesion
3070,0-1-5-4-3,1 2 6 5 4,5,1.0,False,control>lesion
3071,0-1-8-9-0,1 2 3* 4* 1,5,1.0,False,lesion>control
3072,0-3-0-8-3,1 4 1 3* 4,5,1.0,False,lesion>control
3073,0-3-1-0-5,1 4 2 1 6,5,1.0,False,control>lesion
3074,0-3-5-3-5,1 4 6 4 6,5,1.0,False,control>lesion
3075,0-3-8-0-3,1 4 3* 1 4,5,1.0,False,lesion>control
3076,0-5-0-3-5,1 6 1 4 6,5,1.0,False,lesion>control
3077,0-5-3-0-5,1 6 4 1 6,5,1.0,False,control>lesion
3078,0-8-1-3-5,1 3* 2 4 6,5,1.0,False,control>lesion
3079,0-8-7-0-1,1 3* 2* 1 2,5,1.0,False,control>lesion
3080,0-8-7-0-8,1 3* 2* 1 3*,5,1.0,False,lesion>control
3081,1-0-1-3-1,2 1 2 4 2,5,1.0,False,lesion>control
3082,1-0-4-5-1,2 1 5 6 2,5,1.0,False,lesion>control
3083,1-0-5-3-1,2 1 6 4 2,5,1.0,False,control>lesion
3084,1-0-5-4-8,2 1 6 5 3*,5,1.0,False,control>lesion
3085,1-3-4-5-0,2 4 5 6 1,5,1.0,False,control>lesion
3086,1-3-8-1-0,2 4 3* 2 1,5,1.0,False,lesion>control
3087,1-8-0-1-3,2 3* 1 2 4,5,1.0,False,lesion>control
3088,1-8-1-8-3,2 3* 2 3* 4,5,1.0,False,lesion>control
3089,1-8-4-2-1,2 3* 5 3 2,5,1.0,False,control>lesion
3090,1-8-4-3-8,2 3* 5 4 3*,5,1.0,False,lesion>control
3091,1-8-4-5-8,2 3* 5 6 3*,5,1.0,False,control>lesion
3092,1-8-5-9-8,2 3* 6 4* 3*,5,1.0,False,control>lesion
3093,3-0-3-5-0,4 1 4 6 1,5,1.0,False,lesion>control
3094,3-1-0-1-3,4 2 1 2 4,5,1.0,False,control>lesion
3095,3-1-0-3-8,4 2 1 4 3*,5,1.0,False,lesion>control
3096,3-1-0-5-3,4 2 1 6 4,5,1.0,False,control>lesion
3097,3-2-1-8-1,4 3 2 3* 2,5,1.0,False,control>lesion
3098,3-4-5-8-0,4 5 6 3* 1,5,1.0,False,lesion>control
3099,3-4-8-3-4,4 5 3* 4 5,5,1.0,False,lesion>control
3100,3-5-0-3-5,4 6 1 4 6,5,1.0,False,control>lesion
3101,3-5-0-5-0,4 6 1 6 1,5,1.0,False,lesion>control
3102,3-5-4-5-3,4 6 5 6 4,5,1.0,False,control>lesion
3103,3-5-4-5-4,4 6 5 6 5,5,1.0,False,control>lesion
3104,3-8-5-2-3,4 3* 6 3 4,5,1.0,False,lesion>control
3105,3-8-5-8-3,4 3* 6 3* 4,5,1.0,False,lesion>control
3106,3-8-5-8-7,4 3* 6 3* 2*,5,1.0,False,lesion>control
3107,3-8-7-8-3,4 3* 2* 3* 4,5,1.0,False,control>lesion
3108,4-0-5-0-3,5 1 6 1 4,5,1.0,False,control>lesion
3109,4-1-0-1-3,5 2 1 2 4,5,1.0,False,control>lesion
3110,4-3-1-0-1,5 4 2 1 2,5,1.0,False,control>lesion
3111,4-5-0-8-3,5 6 1 3* 4,5,1.0,False,lesion>control
3112,4-5-1-8-9,5 6 2 3* 4*,5,1.0,False,lesion>control
3113,4-5-3-1-0,5 6 4 2 1,5,1.0,False,control>lesion
3114,4-5-4-8-1,5 6 5 3* 2,5,1.0,False,control>lesion
3115,4-5-8-1-8,5 6 3* 2 3*,5,1.0,False,lesion>control
3116,4-8-7-3-4,5 3* 2* 4 5,5,1.0,False,control>lesion
3117,5-0-3-4-0,6 1 4 5 1,5,1.0,False,lesion>control
3118,5-3-0-5-0,6 4 1 6 1,5,1.0,False,lesion>control
3119,5-4-3-4-3,6 5 4 5 4,5,1.0,False,control>lesion
3120,5-4-3-5-4,6 5 4 6 5,5,1.0,False,control>lesion
3121,5-8-0-3-8,6 3* 1 4 3*,5,1.0,False,lesion>control
3122,5-8-3-1-0,6 3* 4 2 1,5,1.0,False,control>lesion
3123,7-0-3-1-0,2* 1 4 2 1,5,1.0,False,lesion>control
3124,7-0-3-4-3,2* 1 4 5 4,5,1.0,False,lesion>control
3125,7-0-4-8-1,2* 1 5 3* 2,5,1.0,False,lesion>control
3126,7-3-5-3-8,2* 4 6 4 3*,5,1.0,False,control>lesion
3127,7-3-5-8-3,2* 4 6 3* 4,5,1.0,False,lesion>control
3128,7-3-8-1-8,2* 4 3* 2 3*,5,1.0,False,lesion>control
3129,7-5-8-1-3,2* 6 3* 2 4,5,1.0,False,lesion>control
3130,7-8-4-3-8,2* 3* 5 4 3*,5,1.0,False,control>lesion
3131,7-8-5-2-9,2* 3* 6 3 4*,5,1.0,False,lesion>control
3132,7-8-5-3-8,2* 3* 6 4 3*,5,1.0,False,lesion>control
3133,8-0-1-8-4,3* 1 2 3* 5,5,1.0,False,control>lesion
3134,8-0-8-7-0,3* 1 3* 2* 1,5,1.0,False,control>lesion
3135,8-0-9-8-7,3* 1 4* 3* 2*,5,1.0,False,control>lesion
3136,8-1-0-3-4,3* 2 1 4 5,5,1.0,False,lesion>control
3137,8-1-3-4-8,3* 2 4 5 3*,5,1.0,False,control>lesion
3138,8-1-8-5-8,3* 2 3* 6 3*,5,1.0,False,lesion>control
3139,8-1-8-5-9,3* 2 3* 6 4*,5,1.0,False,lesion>control
3140,8-3-1-0-1,3* 4 2 1 2,5,1.0,False,control>lesion
3141,8-3-4-5-1,3* 4 5 6 2,5,1.0,False,control>lesion
3142,8-4-8-3-8,3* 5 3* 4 3*,5,1.0,False,lesion>control
3143,8-5-2-1-8,3* 6 3 2 3*,5,1.0,False,lesion>control
3144,8-5-3-8-0,3* 6 4 3* 1,5,1.0,False,lesion>control
3145,8-5-8-7-8,3* 6 3* 2* 3*,5,1.0,False,lesion>control
3146,8-7-3-5-3,3* 2* 4 6 4,5,1.0,False,control>lesion
3147,8-7-8-4-3,3* 2* 3* 5 4,5,1.0,False,control>lesion
3148,8-7-8-5-2,3* 2* 3* 6 3,5,1.0,False,lesion>control
3149,8-9-5-0-1,3* 4* 6 1 2,5,1.0,False,lesion>control
3150,8-9-8-0-7,3* 4* 3* 1 2*,5,1.0,False,control>lesion
3151,8-9-8-3-0,3* 4* 3* 4 1,5,1.0,False,lesion>control
3152,8-9-8-5-2,3* 4* 3* 6 3,5,1.0,False,lesion>control
3153,8-9-8-5-8,3* 4* 3* 6 3*,5,1.0,False,lesion>control
3154,8-9-8-9-4,3* 4* 3* 4* 5,5,1.0,False,control>lesion
3155,9-1-0-1-8,4* 2 1 2 3*,5,1.0,False,control>lesion
3156,9-1-8-9-1,4* 2 3* 4* 2,5,1.0,False,lesion>control
3157,9-4-8-3-4,4* 5 3* 4 5,5,1.0,False,lesion>control
3158,9-4-8-7-3,4* 5 3* 2* 4,5,1.0,False,lesion>control
3159,9-8-0-7-8,4* 3* 1 2* 3*,5,1.0,False,control>lesion
3160,9-8-7-3-4,4* 3* 2* 4 5,5,1.0,False,lesion>control
3161,0-1-0-1-3-8,1 2 1 2 4 3*,6,1.0,False,lesion>control
3162,0-1-0-1-8-1,1 2 1 2 3* 2,6,1.0,False,lesion>control
3163,0-1-0-8-1-0,1 2 1 3* 2 1,6,1.0,False,control>lesion
3164,0-1-3-8-3-4,1 2 4 3* 4 5,6,1.0,False,control>lesion
3165,0-1-3-8-7-3,1 2 4 3* 2* 4,6,1.0,False,lesion>control
3166,0-1-8-9-3-8,1 2 3* 4* 4 3*,6,1.0,False,control>lesion
3167,0-1-8-9-8-0,1 2 3* 4* 3* 1,6,1.0,False,control>lesion
3168,0-1-8-9-8-9,1 2 3* 4* 3* 4*,6,1.0,False,lesion>control
3169,0-3-5-3-8-7,1 4 6 4 3* 2*,6,1.0,False,lesion>control
3170,0-8-1-0-1-3,1 3* 2 1 2 4,6,1.0,False,control>lesion
3171,0-8-1-8-1-0,1 3* 2 3* 2 1,6,1.0,False,lesion>control
3172,0-8-3-8-7-8,1 3* 4 3* 2* 3*,6,1.0,False,control>lesion
3173,0-8-9-4-8-7,1 3* 4* 5 3* 2*,6,1.0,False,lesion>control
3174,1-0-1-3-8-3,2 1 2 4 3* 4,6,1.0,False,control>lesion
3175,1-0-3-5-8-7,2 1 4 6 3* 2*,6,1.0,False,control>lesion
3176,1-0-5-4-8-1,2 1 6 5 3* 2,6,1.0,False,control>lesion
3177,1-3-4-5-4-3,2 4 5 6 5 4,6,1.0,False,control>lesion
3178,1-3-4-8-7-8,2 4 5 3* 2* 3*,6,1.0,False,control>lesion
3179,1-3-5-4-8-7,2 4 6 5 3* 2*,6,1.0,False,control>lesion
3180,1-4-8-1-8-1,2 5 3* 2 3* 2,6,1.0,False,lesion>control
3181,1-5-3-8-7-8,2 6 4 3* 2* 3*,6,1.0,False,lesion>control
3182,1-5-4-8-1-0,2 6 5 3* 2 1,6,1.0,False,control>lesion
3183,1-5-8-1-8-9,2 6 3* 2 3* 4*,6,1.0,False,control>lesion
3184,1-8-1-3-8-1,2 3* 2 4 3* 2,6,1.0,False,lesion>control
3185,1-8-9-3-8-3,2 3* 4* 4 3* 4,6,1.0,False,control>lesion
3186,1-8-9-8-0-1,2 3* 4* 3* 1 2,6,1.0,False,control>lesion
3187,2-7-8-1-8-1,3 2* 3* 2 3* 2,6,1.0,False,lesion>control
3188,3-4-8-7-0-8,4 5 3* 2* 1 3*,6,1.0,False,control>lesion
3189,3-5-8-7-8-1,4 6 3* 2* 3* 2,6,1.0,False,control>lesion
3190,3-8-1-8-1-8,4 3* 2 3* 2 3*,6,1.0,False,lesion>control
3191,3-8-3-5-4-3,4 3* 4 6 5 4,6,1.0,False,control>lesion
3192,3-8-3-8-5-8,4 3* 4 3* 6 3*,6,1.0,False,lesion>control
3193,3-8-5-8-3-8,4 3* 6 3* 4 3*,6,1.0,False,lesion>control
3194,3-8-7-0-4-3,4 3* 2* 1 5 4,6,1.0,False,lesion>control
3195,4-3-4-3-8-7,5 4 5 4 3* 2*,6,1.0,False,control>lesion
3196,4-5-8-3-8-3,5 6 3* 4 3* 4,6,1.0,False,lesion>control
3197,4-8-9-8-7-8,5 3* 4* 3* 2* 3*,6,1.0,False,lesion>control
3198,5-0-1-8-9-8,6 1 2 3* 4* 3*,6,1.0,False,control>lesion
3199,5-4-8-3-8-3,6 5 3* 4 3* 4,6,1.0,False,lesion>control
3200,5-8-1-0-1-8,6 3* 2 1 2 3*,6,1.0,False,lesion>control
3201,5-8-1-5-8-1,6 3* 2 6 3* 2,6,1.0,False,lesion>control
3202,5-8-3-8-3-8,6 3* 4 3* 4 3*,6,1.0,False,control>lesion
3203,5-8-3-8-7-0,6 3* 4 3* 2* 1,6,1.0,False,lesion>control
3204,7-0-1-0-1-3,2* 1 2 1 2 4,6,1.0,False,lesion>control
3205,7-0-1-0-5-4,2* 1 2 1 6 5,6,1.0,False,control>lesion
3206,7-0-3-4-8-7,2* 1 4 5 3* 2*,6,1.0,False,lesion>control
3207,7-0-8-9-4-8,2* 1 3* 4* 5 3*,6,1.0,False,lesion>control
3208,7-4-8-9-8-7,2* 5 3* 4* 3* 2*,6,1.0,False,lesion>control
3209,7-5-8-1-3-8,2* 6 3* 2 4 3*,6,1.0,False,lesion>control
3210,7-8-1-0-3-8,2* 3* 2 1 4 3*,6,1.0,False,control>lesion
3211,7-8-1-8-0-1,2* 3* 2 3* 1 2,6,1.0,False,lesion>control
3212,7-8-1-8-1-2,2* 3* 2 3* 2 3,6,1.0,False,lesion>control
3213,7-8-9-8-5-4,2* 3* 4* 3* 6 5,6,1.0,False,control>lesion
3214,7-8-9-8-7-4,2* 3* 4* 3* 2* 5,6,1.0,False,control>lesion
3215,8-0-8-3-8-7,3* 1 3* 4 3* 2*,6,1.0,False,control>lesion
3216,8-1-0-1-0-1,3* 2 1 2 1 2,6,1.0,False,control>lesion
3217,8-1-0-5-8-0,3* 2 1 6 3* 1,6,1.0,False,lesion>control
3218,8-3-0-1-8-9,3* 4 1 2 3* 4*,6,1.0,False,lesion>control
3219,8-3-3-8-3-8,3* 4 4 3* 4 3*,6,1.0,False,control>lesion
3220,8-3-5-4-8-7,3* 4 6 5 3* 2*,6,1.0,False,control>lesion
3221,8-3-8-7-8-0,3* 4 3* 2* 3* 1,6,1.0,False,control>lesion
3222,8-7-0-3-4-3,3* 2* 1 4 5 4,6,1.0,False,lesion>control
3223,8-7-0-3-8-1,3* 2* 1 4 3* 2,6,1.0,False,lesion>control
3224,8-7-0-4-8-1,3* 2* 1 5 3* 2,6,1.0,False,lesion>control
3225,8-7-3-5-3-8,3* 2* 4 6 4 3*,6,1.0,False,control>lesion
3226,8-7-3-8-1-8,3* 2* 4 3* 2 3*,6,1.0,False,lesion>control
3227,8-7-8-4-3-8,3* 2* 3* 5 4 3*,6,1.0,False,control>lesion
3228,8-9-1-0-1-8,3* 4* 2 1 2 3*,6,1.0,False,control>lesion
3229,8-9-1-8-9-1,3* 4* 2 3* 4* 2,6,1.0,False,lesion>control
3230,8-9-4-8-3-4,3* 4* 5 3* 4 5,6,1.0,False,lesion>control
3231,8-9-5-3-8-3,3* 4* 6 4 3* 4,6,1.0,False,control>lesion
3232,8-9-8-0-7-8,3* 4* 3* 1 2* 3*,6,1.0,False,control>lesion
3233,8-9-8-7-3-4,3* 4* 3* 2* 4 5,6,1.0,False,lesion>control
3234,9-4-3-8-7-3,4* 5 4 3* 2* 4,6,1.0,False,lesion>control
3235,9-4-5-0-1-8,4* 5 6 1 2 3*,6,1.0,False,lesion>control
3236,9-4-5-8-3-8,4* 5 6 3* 4 3*,6,1.0,False,control>lesion
3237,9-5-3-8-3-8,4* 6 4 3* 4 3*,6,1.0,False,control>lesion
3238,9-5-8-3-8-7,4* 6 3* 4 3* 2*,6,1.0,False,control>lesion
3239,9-8-0-7-8-9,4* 3* 1 2* 3* 4*,6,1.0,False,control>lesion
3240,9-8-7-8-5-8,4* 3* 2* 3* 6 3*,6,1.0,False,lesion>control
3241,9-8-7-8-7-3,4* 3* 2* 3* 2* 4,6,1.0,False,lesion>control
3242,3-7,4 2*,2,1.0,False,lesion>control
3243,1-2-5,2 3 6,3,1.0,False,lesion>control
3244,1-4-1,2 5 2,3,1.0,False,lesion>control
3245,2-0-3,3 1 4,3,1.0,False,lesion>control
3246,2-3-0,3 4 1,3,1.0,False,lesion>control
3247,2-3-4,3 4 5,3,1.0,False,lesion>control
3248,4-1-5,5 2 6,3,1.0,False,lesion>control
3249,4-2-9,5 3 4*,3,1.0,False,lesion>control
3250,5-4-2,6 5 3,3,1.0,False,lesion>control
3251,0-1-5-1,1 2 6 2,4,1.0,False,lesion>control
3252,0-3-1-5,1 4 2 6,4,1.0,False,lesion>control
3253,0-5-1-3,1 6 2 4,4,1.0,False,lesion>control
3254,0-5-2-0,1 6 3 1,4,1.0,False,lesion>control
3255,0-5-4-1,1 6 5 2,4,1.0,False,control>lesion
3256,0-8-0-2,1 3* 1 3,4,1.0,False,lesion>control
3257,0-8-0-8,1 3* 1 3*,4,1.0,False,lesion>control
3258,0-8-7-3,1 3* 2* 4,4,1.0,False,lesion>control
3259,1-0-8-0,2 1 3* 1,4,1.0,False,lesion>control
3260,1-3-5-1,2 4 6 2,4,1.0,False,lesion>control
3261,1-5-0-8,2 6 1 3*,4,1.0,False,lesion>control
3262,1-8-5-0,2 3* 6 1,4,1.0,False,control>lesion
3263,2-1-2-1,3 2 3 2,4,1.0,False,lesion>control
3264,2-1-5-8,3 2 6 3*,4,1.0,False,lesion>control
3265,2-7-0-3,3 2* 1 4,4,1.0,False,lesion>control
3266,2-7-0-8,3 2* 1 3*,4,1.0,False,lesion>control
3267,3-0-3-1,4 1 4 2,4,1.0,False,lesion>control
3268,3-1-8-3,4 2 3* 4,4,1.0,False,control>lesion
3269,3-4-3-0,4 5 4 1,4,1.0,False,control>lesion
3270,3-5-1-3,4 6 2 4,4,1.0,False,control>lesion
3271,3-5-4-1,4 6 5 2,4,1.0,False,control>lesion
3272,3-8-0-2,4 3* 1 3,4,1.0,False,control>lesion
3273,4-3-0-8,5 4 1 3*,4,1.0,False,control>lesion
3274,4-3-4-8,5 4 5 3*,4,1.0,False,control>lesion
3275,4-5-0-4,5 6 1 5,4,1.0,False,lesion>control
3276,4-8-0-2,5 3* 1 3,4,1.0,False,control>lesion
3277,4-9-8-7,5 4* 3* 2*,4,1.0,False,control>lesion
3278,5-0-4-0,6 1 5 1,4,1.0,False,control>lesion
3279,5-0-5-4,6 1 6 5,4,1.0,False,control>lesion
3280,5-0-8-1,6 1 3* 2,4,1.0,False,lesion>control
3281,5-0-8-9,6 1 3* 4*,4,1.0,False,lesion>control
3282,5-1-3-1,6 2 4 2,4,1.0,False,control>lesion
3283,5-1-5-1,6 2 6 2,4,1.0,False,lesion>control
3284,5-2-0-5,6 3 1 6,4,1.0,False,lesion>control
3285,5-2-9-8,6 3 4* 3*,4,1.0,False,lesion>control
3286,5-3-0-3,6 4 1 4,4,1.0,False,lesion>control
3287,5-3-1-3,6 4 2 4,4,1.0,False,lesion>control
3288,5-3-4-0,6 4 5 1,4,1.0,False,lesion>control
3289,5-4-8-5,6 5 3* 6,4,1.0,False,lesion>control
3290,5-8-5-0,6 3* 6 1,4,1.0,False,lesion>control
3291,7-3-4-3,2* 4 5 4,4,1.0,False,control>lesion
3292,7-8-1-4,2* 3* 2 5,4,1.0,False,lesion>control
3293,7-8-3-2,2* 3* 4 3,4,1.0,False,lesion>control
3294,8-0-2-0,3* 1 3 1,4,1.0,False,lesion>control
3295,8-0-2-7,3* 1 3 2*,4,1.0,False,control>lesion
3296,8-0-2-9,3* 1 3 4*,4,1.0,False,control>lesion
3297,8-0-3-4,3* 1 4 5,4,1.0,False,lesion>control
3298,8-0-5-2,3* 1 6 3,4,1.0,False,lesion>control
3299,8-0-7-3,3* 1 2* 4,4,1.0,False,lesion>control
3300,8-0-8-5,3* 1 3* 6,4,1.0,False,lesion>control
3301,8-3-4-1,3* 4 5 2,4,1.0,False,lesion>control
3302,8-4-2-9,3* 5 3 4*,4,1.0,False,lesion>control
3303,8-4-8-9,3* 5 3* 4*,4,1.0,False,lesion>control
3304,8-5-2-5,3* 6 3 6,4,1.0,False,lesion>control
3305,8-5-4-5,3* 6 5 6,4,1.0,False,control>lesion
3306,8-5-8-5,3* 6 3* 6,4,1.0,False,lesion>control
3307,8-9-0-1,3* 4* 1 2,4,1.0,False,lesion>control
3308,8-9-5-1,3* 4* 6 2,4,1.0,False,control>lesion
3309,9-1-0-8,4* 2 1 3*,4,1.0,False,lesion>control
3310,9-3-4-5,4* 4 5 6,4,1.0,False,lesion>control
3311,9-8-4-3,4* 3* 5 4,4,1.0,False,lesion>control
3312,9-8-7-1,4* 3* 2* 2,4,1.0,False,control>lesion
3313,0-1-4-5-4,1 2 5 6 5,5,1.0,False,control>lesion
3314,0-2-3-8-7,1 3 4 3* 2*,5,1.0,False,lesion>control
3315,0-3-1-0-3,1 4 2 1 4,5,1.0,False,lesion>control
3316,0-3-4-0-5,1 4 5 1 6,5,1.0,False,lesion>control
3317,0-3-5-4-5,1 4 6 5 6,5,1.0,False,lesion>control
3318,0-3-8-7-4,1 4 3* 2* 5,5,1.0,False,lesion>control
3319,0-3-8-7-5,1 4 3* 2* 6,5,1.0,False,lesion>control
3320,0-4-5-1-0,1 5 6 2 1,5,1.0,False,lesion>control
3321,0-5-0-3-1,1 6 1 4 2,5,1.0,False,control>lesion
3322,0-5-4-5-4,1 6 5 6 5,5,1.0,False,control>lesion
3323,0-5-8-0-5,1 6 3* 1 6,5,1.0,False,lesion>control
3324,0-5-8-1-3,1 6 3* 2 4,5,1.0,False,lesion>control
3325,0-7-8-1-8,1 2* 3* 2 3*,5,1.0,False,lesion>control
3326,0-8-1-0-5,1 3* 2 1 6,5,1.0,False,lesion>control
3327,0-8-1-3-4,1 3* 2 4 5,5,1.0,False,control>lesion
3328,0-8-1-5-3,1 3* 2 6 4,5,1.0,False,lesion>control
3329,0-8-3-5-0,1 3* 4 6 1,5,1.0,False,lesion>control
3330,0-8-4-5-4,1 3* 5 6 5,5,1.0,False,lesion>control
3331,0-8-9-1-0,1 3* 4* 2 1,5,1.0,False,lesion>control
3332,0-9-8-7-8,1 4* 3* 2* 3*,5,1.0,False,lesion>control
3333,1-0-3-5-0,2 1 4 6 1,5,1.0,False,lesion>control
3334,1-0-3-8-0,2 1 4 3* 1,5,1.0,False,lesion>control
3335,1-0-5-0-3,2 1 6 1 4,5,1.0,False,control>lesion
3336,1-0-5-4-5,2 1 6 5 6,5,1.0,False,control>lesion
3337,1-0-5-8-9,2 1 6 3* 4*,5,1.0,False,lesion>control
3338,1-3-1-8-9,2 4 2 3* 4*,5,1.0,False,lesion>control
3339,1-3-5-3-8,2 4 6 4 3*,5,1.0,False,control>lesion
3340,1-3-5-8-0,2 4 6 3* 1,5,1.0,False,control>lesion
3341,1-3-5-8-3,2 4 6 3* 4,5,1.0,False,control>lesion
3342,1-4-8-1-0,2 5 3* 2 1,5,1.0,False,lesion>control
3343,1-5-8-1-4,2 6 3* 2 5,5,1.0,False,lesion>control
3344,1-8-5-8-1,2 3* 6 3* 2,5,1.0,False,lesion>control
3345,2-1-0-3-8,3 2 1 4 3*,5,1.0,False,lesion>control
3346,2-1-3-8-7,3 2 4 3* 2*,5,1.0,False,lesion>control
3347,2-7-3-8-7,3 2* 4 3* 2*,5,1.0,False,lesion>control
3348,3-0-1-3-5,4 1 2 4 6,5,1.0,False,lesion>control
3349,3-0-3-8-7,4 1 4 3* 2*,5,1.0,False,lesion>control
3350,3-0-5-0-4,4 1 6 1 5,5,1.0,False,control>lesion
3351,3-1-0-5-0,4 2 1 6 1,5,1.0,False,control>lesion
3352,3-1-5-8-1,4 2 6 3* 2,5,1.0,False,lesion>control
3353,3-4-0-3-5,4 5 1 4 6,5,1.0,False,lesion>control
3354,3-4-0-3-8,4 5 1 4 3*,5,1.0,False,lesion>control
3355,3-4-1-0-3,4 5 2 1 4,5,1.0,False,lesion>control
3356,3-4-3-8-0,4 5 4 3* 1,5,1.0,False,control>lesion
3357,3-4-5-4-5,4 5 6 5 6,5,1.0,False,lesion>control
3358,3-5-0-1-8,4 6 1 2 3*,5,1.0,False,control>lesion
3359,3-5-4-3-1,4 6 5 4 2,5,1.0,False,control>lesion
3360,3-5-4-3-5,4 6 5 4 6,5,1.0,False,control>lesion
3361,3-8-0-8-3,4 3* 1 3* 4,5,1.0,False,control>lesion
3362,3-8-1-0-1,4 3* 2 1 2,5,1.0,False,lesion>control
3363,3-8-3-0-1,4 3* 4 1 2,5,1.0,False,control>lesion
3364,4-3-1-0-3,5 4 2 1 4,5,1.0,False,control>lesion
3365,4-3-4-5-4,5 4 5 6 5,5,1.0,False,control>lesion
3366,4-3-8-1-0,5 4 3* 2 1,5,1.0,False,lesion>control
3367,4-3-8-5-4,5 4 3* 6 5,5,1.0,False,lesion>control
3368,4-5-1-0-3,5 6 2 1 4,5,1.0,False,control>lesion
3369,4-5-3-4-5,5 6 4 5 6,5,1.0,False,lesion>control
3370,4-5-4-0-1,5 6 5 1 2,5,1.0,False,control>lesion
3371,4-5-8-1-3,5 6 3* 2 4,5,1.0,False,lesion>control
3372,4-8-0-1-3,5 3* 1 2 4,5,1.0,False,control>lesion
3373,4-8-0-8-3,5 3* 1 3* 4,5,1.0,False,lesion>control
3374,4-8-1-5-8,5 3* 2 6 3*,5,1.0,False,lesion>control
3375,4-8-3-1-8,5 3* 4 2 3*,5,1.0,False,lesion>control
3376,4-8-3-4-3,5 3* 4 5 4,5,1.0,False,lesion>control
3377,5-0-3-8-7,6 1 4 3* 2*,5,1.0,False,lesion>control
3378,5-0-5-1-0,6 1 6 2 1,5,1.0,False,lesion>control
3379,5-1-0-5-0,6 2 1 6 1,5,1.0,False,lesion>control
3380,5-1-0-5-8,6 2 1 6 3*,5,1.0,False,lesion>control
3381,5-3-8-0-1,6 4 3* 1 2,5,1.0,False,control>lesion
3382,5-3-8-3-4,6 4 3* 4 5,5,1.0,False,lesion>control
3383,5-4-1-0-5,6 5 2 1 6,5,1.0,False,control>lesion
3384,5-4-3-8-5,6 5 4 3* 6,5,1.0,False,lesion>control
3385,5-4-8-1-3,6 5 3* 2 4,5,1.0,False,lesion>control
3386,5-9-8-7-8,6 4* 3* 2* 3*,5,1.0,False,control>lesion
3387,7-0-1-3-1,2* 1 2 4 2,5,1.0,False,control>lesion
3388,7-0-1-4-5,2* 1 2 5 6,5,1.0,False,lesion>control
3389,7-0-3-5-3,2* 1 4 6 4,5,1.0,False,lesion>control
3390,7-0-3-5-8,2* 1 4 6 3*,5,1.0,False,lesion>control
3391,7-0-3-8-5,2* 1 4 3* 6,5,1.0,False,control>lesion
3392,7-8-0-1-3,2* 3* 1 2 4,5,1.0,False,lesion>control
3393,7-8-1-8-4,2* 3* 2 3* 5,5,1.0,False,control>lesion
3394,7-8-3-2-1,2* 3* 4 3 2,5,1.0,False,lesion>control
3395,7-8-4-2-9,2* 3* 5 3 4*,5,1.0,False,lesion>control
3396,7-8-5-8-1,2* 3* 6 3* 2,5,1.0,False,lesion>control
3397,7-8-9-1-0,2* 3* 4* 2 1,5,1.0,False,lesion>control
3398,7-8-9-3-4,2* 3* 4* 4 5,5,1.0,False,lesion>control
3399,8-0-2-3-8,3* 1 3 4 3*,5,1.0,False,lesion>control
3400,8-0-3-1-0,3* 1 4 2 1,5,1.0,False,control>lesion
3401,8-0-3-5-8,3* 1 4 6 3*,5,1.0,False,lesion>control
3402,8-0-5-4-8,3* 1 6 5 3*,5,1.0,False,lesion>control
3403,8-0-7-8-1,3* 1 2* 3* 2,5,1.0,False,lesion>control
3404,8-1-0-3-1,3* 2 1 4 2,5,1.0,False,lesion>control
3405,8-1-3-4-5,3* 2 4 5 6,5,1.0,False,control>lesion
3406,8-1-8-0-2,3* 2 3* 1 3,5,1.0,False,lesion>control
3407,8-1-8-5-2,3* 2 3* 6 3,5,1.0,False,lesion>control
3408,8-3-0-3-0,3* 4 1 4 1,5,1.0,False,lesion>control
3409,8-3-8-4-3,3* 4 3* 5 4,5,1.0,False,lesion>control
3410,8-3-8-8-7,3* 4 3* 3* 2*,5,1.0,False,control>lesion
3411,8-4-5-4-8,3* 5 6 5 3*,5,1.0,False,control>lesion
3412,8-4-5-8-1,3* 5 6 3* 2,5,1.0,False,lesion>control
3413,8-4-8-9-8,3* 5 3* 4* 3*,5,1.0,False,lesion>control
3414,8-7-3-1-0,3* 2* 4 2 1,5,1.0,False,lesion>control
3415,8-7-3-4-3,3* 2* 4 5 4,5,1.0,False,control>lesion
3416,8-7-5-8-9,3* 2* 6 3* 4*,5,1.0,False,lesion>control
3417,8-7-8-1-4,3* 2* 3* 2 5,5,1.0,False,lesion>control
3418,8-7-8-3-2,3* 2* 3* 4 3,5,1.0,False,lesion>control
3419,8-7-8-5-3,3* 2* 3* 6 4,5,1.0,False,lesion>control
3420,8-8-7-8-9,3* 3* 2* 3* 4*,5,1.0,False,control>lesion
3421,8-9-1-0-8,3* 4* 2 1 3*,5,1.0,False,lesion>control
3422,8-9-3-4-5,3* 4* 4 5 6,5,1.0,False,lesion>control
3423,8-9-8-4-3,3* 4* 3* 5 4,5,1.0,False,lesion>control
3424,8-9-8-7-1,3* 4* 3* 2* 2,5,1.0,False,control>lesion
3425,9-1-3-8-7,4* 2 4 3* 2*,5,1.0,False,lesion>control
3426,9-5-0-1-8,4* 6 1 2 3*,5,1.0,False,lesion>control
3427,9-8-4-3-8,4* 3* 5 4 3*,5,1.0,False,lesion>control
3428,9-8-5-4-3,4* 3* 6 5 4,5,1.0,False,control>lesion
3429,0-1-3-5-4-8,1 2 4 6 5 3*,6,1.0,False,control>lesion
3430,0-1-3-5-8-0,1 2 4 6 3* 1,6,1.0,False,control>lesion
3431,0-1-8-0-1-8,1 2 3* 1 2 3*,6,1.0,False,control>lesion
3432,0-1-8-1-0-8,1 2 3* 2 1 3*,6,1.0,False,lesion>control
3433,0-2-3-8-7-8,1 3 4 3* 2* 3*,6,1.0,False,lesion>control
3434,0-3-0-3-5-0,1 4 1 4 6 1,6,1.0,False,lesion>control
3435,0-3-4-8-7-0,1 4 5 3* 2* 1,6,1.0,False,lesion>control
3436,0-3-8-3-4-5,1 4 3* 4 5 6,6,1.0,False,lesion>control
3437,0-4-3-8-7-0,1 5 4 3* 2* 1,6,1.0,False,lesion>control
3438,0-5-0-5-0-3,1 6 1 6 1 4,6,1.0,False,lesion>control
3439,0-5-8-1-3-8,1 6 3* 2 4 3*,6,1.0,False,lesion>control
3440,0-8-1-3-8-3,1 3* 2 4 3* 4,6,1.0,False,lesion>control
3441,1-0-1-0-8-1,2 1 2 1 3* 2,6,1.0,False,lesion>control
3442,1-0-1-3-5-4,2 1 2 4 6 5,6,1.0,False,control>lesion
3443,1-0-5-8-1-5,2 1 6 3* 2 6,6,1.0,False,lesion>control
3444,1-3-8-3-1-8,2 4 3* 4 2 3*,6,1.0,False,lesion>control
3445,1-8-1-0-1-0,2 3* 2 1 2 1,6,1.0,False,control>lesion
3446,1-8-1-8-3-2,2 3* 2 3* 4 3,6,1.0,False,lesion>control
3447,1-8-1-8-9-1,2 3* 2 3* 4* 2,6,1.0,False,control>lesion
3448,1-8-4-5-4-3,2 3* 5 6 5 4,6,1.0,False,control>lesion
3449,1-8-9-4-3-4,2 3* 4* 5 4 5,6,1.0,False,control>lesion
3450,1-8-9-5-8-3,2 3* 4* 6 3* 4,6,1.0,False,lesion>control
3451,2-1-8-1-8-1,3 2 3* 2 3* 2,6,1.0,False,control>lesion
3452,2-3-8-7-8-9,3 4 3* 2* 3* 4*,6,1.0,False,lesion>control
3453,3-0-3-0-3-0,4 1 4 1 4 1,6,1.0,False,lesion>control
3454,3-1-0-8-9-4,4 2 1 3* 4* 5,6,1.0,False,control>lesion
3455,3-2-1-8-1-8,4 3 2 3* 2 3*,6,1.0,False,control>lesion
3456,3-3-8-3-8-7,4 4 3* 4 3* 2*,6,1.0,False,control>lesion
3457,3-3-8-7-8-9,4 4 3* 2* 3* 4*,6,1.0,False,lesion>control
3458,3-4-5-4-3-0,4 5 6 5 4 1,6,1.0,False,control>lesion
3459,3-4-5-8-7-3,4 5 6 3* 2* 4,6,1.0,False,lesion>control
3460,3-5-3-8-3-8,4 6 4 3* 4 3*,6,1.0,False,control>lesion
3461,3-5-4-8-3-8,4 6 5 3* 4 3*,6,1.0,False,control>lesion
3462,3-5-4-8-7-3,4 6 5 3* 2* 4,6,1.0,False,control>lesion
3463,3-5-8-3-8-7,4 6 3* 4 3* 2*,6,1.0,False,control>lesion
3464,3-5-8-7-0-3,4 6 3* 2* 1 4,6,1.0,False,lesion>control
3465,3-5-8-7-0-8,4 6 3* 2* 1 3*,6,1.0,False,lesion>control
3466,3-5-8-7-3-8,4 6 3* 2* 4 3*,6,1.0,False,control>lesion
3467,3-8-0-3-8-3,4 3* 1 4 3* 4,6,1.0,False,lesion>control
3468,3-8-0-3-8-7,4 3* 1 4 3* 2*,6,1.0,False,lesion>control
3469,3-8-3-1-0-8,4 3* 4 2 1 3*,6,1.0,False,lesion>control
3470,3-8-3-2-7-0,4 3* 4 3 2* 1,6,1.0,False,lesion>control
3471,3-8-3-4-5-8,4 3* 4 5 6 3*,6,1.0,False,lesion>control
3472,3-8-3-5-4-8,4 3* 4 6 5 3*,6,1.0,False,control>lesion
3473,3-8-3-8-3-3,4 3* 4 3* 4 4,6,1.0,False,control>lesion
3474,3-8-7-0-3-1,4 3* 2* 1 4 2,6,1.0,False,lesion>control
3475,3-8-7-3-5-8,4 3* 2* 4 6 3*,6,1.0,False,control>lesion
3476,3-8-7-8-1-5,4 3* 2* 3* 2 6,6,1.0,False,lesion>control
3477,3-8-7-8-3-2,4 3* 2* 3* 4 3,6,1.0,False,lesion>control
3478,4-5-4-3-0-1,5 6 5 4 1 2,6,1.0,False,control>lesion
3479,4-5-4-5-4-3,5 6 5 6 5 4,6,1.0,False,control>lesion
3480,4-5-8-7-0-3,5 6 3* 2* 1 4,6,1.0,False,lesion>control
3481,4-5-8-7-3-4,5 6 3* 2* 4 5,6,1.0,False,lesion>control
3482,4-8-1-0-1-8,5 3* 2 1 2 3*,6,1.0,False,control>lesion
3483,4-8-7-0-1-0,5 3* 2* 1 2 1,6,1.0,False,lesion>control
3484,4-8-7-8-7-0,5 3* 2* 3* 2* 1,6,1.0,False,lesion>control
3485,5-0-3-0-3-0,6 1 4 1 4 1,6,1.0,False,lesion>control
3486,5-0-3-5-0-5,6 1 4 6 1 6,6,1.0,False,control>lesion
3487,5-3-8-0-1-8,6 4 3* 1 2 3*,6,1.0,False,control>lesion
3488,5-4-8-1-0-1,6 5 3* 2 1 2,6,1.0,False,control>lesion
3489,5-4-8-1-0-8,6 5 3* 2 1 3*,6,1.0,False,lesion>control
3490,5-4-8-7-3-8,6 5 3* 2* 4 3*,6,1.0,False,lesion>control
3491,5-8-1-8-1-0,6 3* 2 3* 2 1,6,1.0,False,control>lesion
3492,5-8-7-0-3-8,6 3* 2* 1 4 3*,6,1.0,False,lesion>control
3493,5-8-7-3-8-7,6 3* 2* 4 3* 2*,6,1.0,False,control>lesion
3494,5-8-9-8-7-8,6 3* 4* 3* 2* 3*,6,1.0,False,lesion>control
3495,7-0-1-0-8-1,2* 1 2 1 3* 2,6,1.0,False,control>lesion
3496,7-0-3-4-3-8,2* 1 4 5 4 3*,6,1.0,False,lesion>control
3497,7-0-3-4-5-4,2* 1 4 5 6 5,6,1.0,False,lesion>control
3498,7-0-3-4-5-8,2* 1 4 5 6 3*,6,1.0,False,lesion>control
3499,7-0-3-5-4-3,2* 1 4 6 5 4,6,1.0,False,lesion>control
3500,7-0-3-5-8-7,2* 1 4 6 3* 2*,6,1.0,False,lesion>control
3501,7-0-3-8-7-5,2* 1 4 3* 2* 6,6,1.0,False,lesion>control
3502,7-0-4-3-8-7,2* 1 5 4 3* 2*,6,1.0,False,lesion>control
3503,7-0-8-9-1-0,2* 1 3* 4* 2 1,6,1.0,False,lesion>control
3504,7-3-5-3-8-7,2* 4 6 4 3* 2*,6,1.0,False,control>lesion
3505,7-3-8-7-3-1,2* 4 3* 2* 4 2,6,1.0,False,lesion>control
3506,7-3-8-7-8-7,2* 4 3* 2* 3* 2*,6,1.0,False,lesion>control
3507,7-8-4-3-8-7,2* 3* 5 4 3* 2*,6,1.0,False,control>lesion
3508,7-8-5-8-1-8,2* 3* 6 3* 2 3*,6,1.0,False,lesion>control
3509,8-0-3-8-7-8,3* 1 4 3* 2* 3*,6,1.0,False,control>lesion
3510,8-0-7-8-1-8,3* 1 2* 3* 2 3*,6,1.0,False,lesion>control
3511,8-1-0-1-0-8,3* 2 1 2 1 3*,6,1.0,False,control>lesion
3512,8-1-0-3-5-3,3* 2 1 4 6 4,6,1.0,False,control>lesion
3513,8-1-3-4-8-7,3* 2 4 5 3* 2*,6,1.0,False,lesion>control
3514,8-1-5-4-8-1,3* 2 6 5 3* 2,6,1.0,False,lesion>control
3515,8-1-5-8-1-0,3* 2 6 3* 2 1,6,1.0,False,lesion>control
3516,8-1-5-8-1-5,3* 2 6 3* 2 6,6,1.0,False,lesion>control
3517,8-1-8-1-0-3,3* 2 3* 2 1 4,6,1.0,False,control>lesion
3518,8-1-8-9-8-5,3* 2 3* 4* 3* 6,6,1.0,False,lesion>control
3519,8-3-1-0-8-9,3* 4 2 1 3* 4*,6,1.0,False,lesion>control
3520,8-3-2-1-8-1,3* 4 3 2 3* 2,6,1.0,False,control>lesion
3521,8-3-5-4-8-3,3* 4 6 5 3* 4,6,1.0,False,control>lesion
3522,8-3-8-3-1-0,3* 4 3* 4 2 1,6,1.0,False,lesion>control
3523,8-3-8-3-5-4,3* 4 3* 4 6 5,6,1.0,False,control>lesion
3524,8-3-8-7-3-4,3* 4 3* 2* 4 5,6,1.0,False,control>lesion
3525,8-3-8-7-8-3,3* 4 3* 2* 3* 4,6,1.0,False,control>lesion
3526,8-4-8-1-8-9,3* 5 3* 2 3* 4*,6,1.0,False,lesion>control
3527,8-4-8-7-8-9,3* 5 3* 2* 3* 4*,6,1.0,False,lesion>control
3528,8-5-9-8-7-8,3* 6 4* 3* 2* 3*,6,1.0,False,control>lesion
3529,8-7-0-1-3-1,3* 2* 1 2 4 2,6,1.0,False,control>lesion
3530,8-7-0-1-4-5,3* 2* 1 2 5 6,6,1.0,False,lesion>control
3531,8-7-0-3-5-3,3* 2* 1 4 6 4,6,1.0,False,lesion>control
3532,8-7-0-3-5-8,3* 2* 1 4 6 3*,6,1.0,False,lesion>control
3533,8-7-0-3-8-5,3* 2* 1 4 3* 6,6,1.0,False,control>lesion
3534,8-7-5-3-8-7,3* 2* 6 4 3* 2*,6,1.0,False,lesion>control
3535,8-7-5-8-1-3,3* 2* 6 3* 2 4,6,1.0,False,lesion>control
3536,8-7-8-0-1-3,3* 2* 3* 1 2 4,6,1.0,False,lesion>control
3537,8-7-8-1-8-4,3* 2* 3* 2 3* 5,6,1.0,False,control>lesion
3538,8-7-8-3-2-1,3* 2* 3* 4 3 2,6,1.0,False,lesion>control
3539,8-7-8-4-2-9,3* 2* 3* 5 3 4*,6,1.0,False,lesion>control
3540,8-7-8-5-3-8,3* 2* 3* 6 4 3*,6,1.0,False,lesion>control
3541,8-7-8-5-8-1,3* 2* 3* 6 3* 2,6,1.0,False,lesion>control
3542,8-7-8-9-1-0,3* 2* 3* 4* 2 1,6,1.0,False,lesion>control
3543,8-7-8-9-3-4,3* 2* 3* 4* 4 5,6,1.0,False,lesion>control
3544,8-8-7-8-9-8,3* 3* 2* 3* 4* 3*,6,1.0,False,control>lesion
3545,8-9-1-3-8-7,3* 4* 2 4 3* 2*,6,1.0,False,lesion>control
3546,8-9-4-8-7-3,3* 4* 5 3* 2* 4,6,1.0,False,lesion>control
3547,8-9-5-0-1-8,3* 4* 6 1 2 3*,6,1.0,False,lesion>control
3548,8-9-8-4-3-8,3* 4* 3* 5 4 3*,6,1.0,False,lesion>control
3549,9-1-8-9-1-8,4* 2 3* 4* 2 3*,6,1.0,False,lesion>control
3550,9-3-8-7-8-1,4* 4 3* 2* 3* 2,6,1.0,False,control>lesion
3551,9-4-3-8-3-4,4* 5 4 3* 4 5,6,1.0,False,lesion>control
3552,9-5-4-3-8-3,4* 6 5 4 3* 4,6,1.0,False,control>lesion
3553,9-8-3-4-8-3,4* 3* 4 5 3* 4,6,1.0,False,control>lesion
3554,9-8-7-8-5-4,4* 3* 2* 3* 6 5,6,1.0,False,control>lesion
3555,1-1,2 2,2,1.0,False,lesion>control
3556,0-7-0,1 2* 1,3,1.0,False,lesion>control
3557,1-0-2,2 1 3,3,1.0,False,lesion>control
3558,1-9-8,2 4* 3*,3,1.0,False,lesion>control
3559,2-1-4,3 2 5,3,1.0,False,lesion>control
3560,2-3-5,3 4 6,3,1.0,False,control>lesion
3561,2-5-3,3 6 4,3,1.0,False,control>lesion
3562,2-9-1,3 4* 2,3,1.0,False,control>lesion
3563,2-9-5,3 4* 6,3,1.0,False,lesion>control
3564,5-3-2,6 4 3,3,1.0,False,control>lesion
3565,7-3-0,2* 4 1,3,1.0,False,lesion>control
3566,7-4-5,2* 5 6,3,1.0,False,control>lesion
3567,8-8-0,3* 3* 1,3,1.0,False,control>lesion
3568,0-2-5-0,1 3 6 1,4,1.0,False,control>lesion
3569,0-4-0-3,1 5 1 4,4,1.0,False,lesion>control
3570,0-4-0-5,1 5 1 6,4,1.0,False,control>lesion
3571,0-8-1-4,1 3* 2 5,4,1.0,False,lesion>control
3572,0-8-3-1,1 3* 4 2,4,1.0,False,lesion>control
3573,0-8-5-8,1 3* 6 3*,4,1.0,False,lesion>control
3574,0-8-7-5,1 3* 2* 6,4,1.0,False,control>lesion
3575,1-0-4-0,2 1 5 1,4,1.0,False,control>lesion
3576,1-0-8-4,2 1 3* 5,4,1.0,False,lesion>control
3577,1-3-1-4,2 4 2 5,4,1.0,False,lesion>control
3578,1-3-4-1,2 4 5 2,4,1.0,False,lesion>control
3579,1-3-8-4,2 4 3* 5,4,1.0,False,lesion>control
3580,1-4-8-9,2 5 3* 4*,4,1.0,False,lesion>control
3581,1-5-0-1,2 6 1 2,4,1.0,False,lesion>control
3582,1-5-1-0,2 6 2 1,4,1.0,False,lesion>control
3583,1-5-1-8,2 6 2 3*,4,1.0,False,control>lesion
3584,1-5-4-0,2 6 5 1,4,1.0,False,control>lesion
3585,1-5-4-5,2 6 5 6,4,1.0,False,control>lesion
3586,2-0-5-2,3 1 6 3,4,1.0,False,lesion>control
3587,2-1-8-5,3 2 3* 6,4,1.0,False,lesion>control
3588,2-9-5-8,3 4* 6 3*,4,1.0,False,lesion>control
3589,3-0-1-4,4 1 2 5,4,1.0,False,control>lesion
3590,3-0-8-0,4 1 3* 1,4,1.0,False,control>lesion
3591,3-1-5-0,4 2 6 1,4,1.0,False,lesion>control
3592,3-1-5-1,4 2 6 2,4,1.0,False,lesion>control
3593,3-5-1-5,4 6 2 6,4,1.0,False,control>lesion
3594,3-5-1-8,4 6 2 3*,4,1.0,False,control>lesion
3595,3-5-3-4,4 6 4 5,4,1.0,False,control>lesion
3596,3-8-1-4,4 3* 2 5,4,1.0,False,lesion>control
3597,3-8-4-2,4 3* 5 3,4,1.0,False,lesion>control
3598,3-8-5-1,4 3* 6 2,4,1.0,False,lesion>control
3599,4-0-8-9,5 1 3* 4*,4,1.0,False,control>lesion
3600,4-1-8-9,5 2 3* 4*,4,1.0,False,lesion>control
3601,4-2-9-8,5 3 4* 3*,4,1.0,False,lesion>control
3602,4-5-1-5,5 6 2 6,4,1.0,False,control>lesion
3603,4-5-8-4,5 6 3* 5,4,1.0,False,lesion>control
3604,4-5-8-5,5 6 3* 6,4,1.0,False,lesion>control
3605,4-8-4-8,5 3* 5 3*,4,1.0,False,lesion>control
3606,4-8-5-3,5 3* 6 4,4,1.0,False,control>lesion
3607,4-8-5-8,5 3* 6 3*,4,1.0,False,lesion>control
3608,5-0-8-5,6 1 3* 6,4,1.0,False,lesion>control
3609,5-1-3-4,6 2 4 5,4,1.0,False,control>lesion
3610,5-1-3-5,6 2 4 6,4,1.0,False,lesion>control
3611,5-1-5-0,6 2 6 1,4,1.0,False,lesion>control
3612,5-1-8-0,6 2 3* 1,4,1.0,False,control>lesion
3613,5-2-1-3,6 3 2 4,4,1.0,False,lesion>control
3614,5-2-1-5,6 3 2 6,4,1.0,False,lesion>control
3615,5-3-0-8,6 4 1 3*,4,1.0,False,control>lesion
3616,5-8-0-9,6 3* 1 4*,4,1.0,False,control>lesion
3617,7-0-4-5,2* 1 5 6,4,1.0,False,lesion>control
3618,7-0-8-3,2* 1 3* 4,4,1.0,False,lesion>control
3619,7-8-5-9,2* 3* 6 4*,4,1.0,False,control>lesion
3620,8-0-2-5,3* 1 3 6,4,1.0,False,lesion>control
3621,8-0-5-3,3* 1 6 4,4,1.0,False,lesion>control
3622,8-1-4-3,3* 2 5 4,4,1.0,False,lesion>control
3623,8-1-4-5,3* 2 5 6,4,1.0,False,lesion>control
3624,8-1-5-0,3* 2 6 1,4,1.0,False,control>lesion
3625,8-4-2-7,3* 5 3 2*,4,1.0,False,lesion>control
3626,8-4-5-0,3* 5 6 1,4,1.0,False,control>lesion
3627,8-5-0-1,3* 6 1 2,4,1.0,False,lesion>control
3628,8-5-0-3,3* 6 1 4,4,1.0,False,control>lesion
3629,8-5-0-4,3* 6 1 5,4,1.0,False,control>lesion
3630,8-5-1-8,3* 6 2 3*,4,1.0,False,lesion>control
3631,8-5-3-1,3* 6 4 2,4,1.0,False,control>lesion
3632,8-5-4-2,3* 6 5 3,4,1.0,False,control>lesion
3633,8-8-9-8,3* 3* 4* 3*,4,1.0,False,control>lesion
3634,9-0-8-3,4* 1 3* 4,4,1.0,False,lesion>control
3635,9-4-5-1,4* 5 6 2,4,1.0,False,lesion>control
3636,9-4-8-0,4* 5 3* 1,4,1.0,False,lesion>control
3637,9-5-1-0,4* 6 2 1,4,1.0,False,control>lesion
3638,9-5-8-0,4* 6 3* 1,4,1.0,False,control>lesion
3639,9-8-4-2,4* 3* 5 3,4,1.0,False,control>lesion
3640,0-1-3-0-5,1 2 4 1 6,5,1.0,False,control>lesion
3641,0-1-3-1-8,1 2 4 2 3*,5,1.0,False,control>lesion
3642,0-1-3-5-0,1 2 4 6 1,5,1.0,False,lesion>control
3643,0-1-3-8-1,1 2 4 3* 2,5,1.0,False,lesion>control
3644,0-1-4-5-8,1 2 5 6 3*,5,1.0,False,control>lesion
3645,0-1-5-8-9,1 2 6 3* 4*,5,1.0,False,control>lesion
3646,0-3-1-3-8,1 4 2 4 3*,5,1.0,False,lesion>control
3647,0-3-4-0-3,1 4 5 1 4,5,1.0,False,lesion>control
3648,0-3-4-1-0,1 4 5 2 1,5,1.0,False,lesion>control
3649,0-3-4-5-3,1 4 5 6 4,5,1.0,False,lesion>control
3650,0-3-5-8-0,1 4 6 3* 1,5,1.0,False,control>lesion
3651,0-3-5-8-3,1 4 6 3* 4,5,1.0,False,control>lesion
3652,0-3-8-3-0,1 4 3* 4 1,5,1.0,False,lesion>control
3653,0-4-5-0-3,1 5 6 1 4,5,1.0,False,lesion>control
3654,0-4-8-1-8,1 5 3* 2 3*,5,1.0,False,lesion>control
3655,0-5-0-8-7,1 6 1 3* 2*,5,1.0,False,control>lesion
3656,0-5-1-0-8,1 6 2 1 3*,5,1.0,False,control>lesion
3657,0-5-3-1-0,1 6 4 2 1,5,1.0,False,control>lesion
3658,0-5-3-8-0,1 6 4 3* 1,5,1.0,False,lesion>control
3659,0-5-8-0-3,1 6 3* 1 4,5,1.0,False,lesion>control
3660,0-5-8-9-8,1 6 3* 4* 3*,5,1.0,False,control>lesion
3661,0-8-1-8-7,1 3* 2 3* 2*,5,1.0,False,lesion>control
3662,0-8-3-0-1,1 3* 4 1 2,5,1.0,False,lesion>control
3663,0-8-3-5-8,1 3* 4 6 3*,5,1.0,False,lesion>control
3664,0-8-7-0-3,1 3* 2* 1 4,5,1.0,False,lesion>control
3665,0-8-7-8-1,1 3* 2* 3* 2,5,1.0,False,lesion>control
3666,1-0-1-3-0,2 1 2 4 1,5,1.0,False,control>lesion
3667,1-0-3-1-0,2 1 4 2 1,5,1.0,False,control>lesion
3668,1-3-0-3-0,2 4 1 4 1,5,1.0,False,lesion>control
3669,1-3-0-3-8,2 4 1 4 3*,5,1.0,False,lesion>control
3670,1-3-0-8-3,2 4 1 3* 4,5,1.0,False,lesion>control
3671,1-3-1-0-5,2 4 2 1 6,5,1.0,False,control>lesion
3672,1-3-8-0-3,2 4 3* 1 4,5,1.0,False,lesion>control
3673,1-3-8-1-4,2 4 3* 2 5,5,1.0,False,lesion>control
3674,1-3-8-5-3,2 4 3* 6 4,5,1.0,False,control>lesion
3675,1-4-3-8-7,2 5 4 3* 2*,5,1.0,False,lesion>control
3676,1-8-1-4-8,2 3* 2 5 3*,5,1.0,False,lesion>control
3677,1-8-4-8-1,2 3* 5 3* 2,5,1.0,False,lesion>control
3678,1-8-4-8-9,2 3* 5 3* 4*,5,1.0,False,lesion>control
3679,1-8-5-3-8,2 3* 6 4 3*,5,1.0,False,control>lesion
3680,1-8-7-0-3,2 3* 2* 1 4,5,1.0,False,lesion>control
3681,1-8-9-3-4,2 3* 4* 4 5,5,1.0,False,control>lesion
3682,1-8-9-5-0,2 3* 4* 6 1,5,1.0,False,lesion>control
3683,2-3-8-3-8,3 4 3* 4 3*,5,1.0,False,lesion>control
3684,3-0-1-3-4,4 1 2 4 5,5,1.0,False,control>lesion
3685,3-0-3-5-4,4 1 4 6 5,5,1.0,False,lesion>control
3686,3-0-5-0-8,4 1 6 1 3*,5,1.0,False,lesion>control
3687,3-0-8-3-0,4 1 3* 4 1,5,1.0,False,lesion>control
3688,3-0-8-3-8,4 1 3* 4 3*,5,1.0,False,lesion>control
3689,3-1-0-1-5,4 2 1 2 6,5,1.0,False,control>lesion
3690,3-1-0-3-4,4 2 1 4 5,5,1.0,False,lesion>control
3691,3-1-0-5-1,4 2 1 6 2,5,1.0,False,lesion>control
3692,3-1-0-8-5,4 2 1 3* 6,5,1.0,False,control>lesion
3693,3-1-3-1-3,4 2 4 2 4,5,1.0,False,lesion>control
3694,3-1-3-8-1,4 2 4 3* 2,5,1.0,False,lesion>control
3695,3-2-1-8-9,4 3 2 3* 4*,5,1.0,False,lesion>control
3696,3-2-7-0-1,4 3 2* 1 2,5,1.0,False,lesion>control
3697,3-4-0-5-8,4 5 1 6 3*,5,1.0,False,control>lesion
3698,3-4-1-0-1,4 5 2 1 2,5,1.0,False,control>lesion
3699,3-4-5-3-0,4 5 6 4 1,5,1.0,False,control>lesion
3700,3-4-5-4-1,4 5 6 5 2,5,1.0,False,control>lesion
3701,3-4-8-0-3,4 5 3* 1 4,5,1.0,False,lesion>control
3702,3-4-8-3-1,4 5 3* 4 2,5,1.0,False,lesion>control
3703,3-5-0-1-5,4 6 1 2 6,5,1.0,False,control>lesion
3704,3-5-0-4-5,4 6 1 5 6,5,1.0,False,lesion>control
3705,3-5-0-5-3,4 6 1 6 4,5,1.0,False,control>lesion
3706,3-5-3-5-0,4 6 4 6 1,5,1.0,False,control>lesion
3707,3-5-3-8-0,4 6 4 3* 1,5,1.0,False,control>lesion
3708,3-5-8-0-3,4 6 3* 1 4,5,1.0,False,control>lesion
3709,3-5-8-3-4,4 6 3* 4 5,5,1.0,False,lesion>control
3710,3-5-8-3-5,4 6 3* 4 6,5,1.0,False,control>lesion
3711,3-8-0-1-5,4 3* 1 2 6,5,1.0,False,control>lesion
3712,3-8-0-3-0,4 3* 1 4 1,5,1.0,False,lesion>control
3713,3-8-3-0-8,4 3* 4 1 3*,5,1.0,False,lesion>control
3714,3-8-3-2-1,4 3* 4 3 2,5,1.0,False,lesion>control
3715,3-8-5-4-8,4 3* 6 5 3*,5,1.0,False,lesion>control
3716,4-0-3-8-3,5 1 4 3* 4,5,1.0,False,lesion>control
3717,4-1-0-1-8,5 2 1 2 3*,5,1.0,False,control>lesion
3718,4-1-0-3-5,5 2 1 4 6,5,1.0,False,control>lesion
3719,4-1-0-5-8,5 2 1 6 3*,5,1.0,False,lesion>control
3720,4-1-0-8-1,5 2 1 3* 2,5,1.0,False,lesion>control
3721,4-1-0-8-9,5 2 1 3* 4*,5,1.0,False,lesion>control
3722,4-1-8-1-8,5 2 3* 2 3*,5,1.0,False,lesion>control
3723,4-2-1-8-1,5 3 2 3* 2,5,1.0,False,control>lesion
3724,4-3-0-1-3,5 4 1 2 4,5,1.0,False,control>lesion
3725,4-3-0-8-3,5 4 1 3* 4,5,1.0,False,control>lesion
3726,4-3-4-8-7,5 4 5 3* 2*,5,1.0,False,control>lesion
3727,4-3-8-0-3,5 4 3* 1 4,5,1.0,False,lesion>control
3728,4-3-8-0-7,5 4 3* 1 2*,5,1.0,False,lesion>control
3729,4-3-8-3-0,5 4 3* 4 1,5,1.0,False,control>lesion
3730,4-3-8-3-5,5 4 3* 4 6,5,1.0,False,lesion>control
3731,4-5-0-1-3,5 6 1 2 4,5,1.0,False,lesion>control
3732,4-5-0-3-0,5 6 1 4 1,5,1.0,False,lesion>control
3733,4-5-0-3-8,5 6 1 4 3*,5,1.0,False,lesion>control
3734,4-5-1-0-1,5 6 2 1 2,5,1.0,False,control>lesion
3735,4-5-1-3-0,5 6 2 4 1,5,1.0,False,lesion>control
3736,4-5-8-1-0,5 6 3* 2 1,5,1.0,False,lesion>control
3737,4-5-8-3-1,5 6 3* 4 2,5,1.0,False,lesion>control
3738,4-8-1-4-8,5 3* 2 5 3*,5,1.0,False,lesion>control
3739,4-8-3-8-0,5 3* 4 3* 1,5,1.0,False,lesion>control
3740,4-9-8-7-8,5 4* 3* 2* 3*,5,1.0,False,control>lesion
3741,5-0-1-5-0,6 1 2 6 1,5,1.0,False,lesion>control
3742,5-0-3-0-5,6 1 4 1 6,5,1.0,False,lesion>control
3743,5-0-5-1-5,6 1 6 2 6,5,1.0,False,lesion>control
3744,5-0-8-7-0,6 1 3* 2* 1,5,1.0,False,lesion>control
3745,5-1-0-3-4,6 2 1 4 5,5,1.0,False,control>lesion
3746,5-1-0-3-5,6 2 1 4 6,5,1.0,False,control>lesion
3747,5-1-0-3-8,6 2 1 4 3*,5,1.0,False,control>lesion
3748,5-1-0-5-1,6 2 1 6 2,5,1.0,False,lesion>control
3749,5-1-3-0-3,6 2 4 1 4,5,1.0,False,lesion>control
3750,5-1-5-8-1,6 2 6 3* 2,5,1.0,False,lesion>control
3751,5-1-8-9-8,6 2 3* 4* 3*,5,1.0,False,lesion>control
3752,5-2-1-5-8,6 3 2 6 3*,5,1.0,False,lesion>control
3753,5-3-1-0-5,6 4 2 1 6,5,1.0,False,control>lesion
3754,5-3-1-8-9,6 4 2 3* 4*,5,1.0,False,control>lesion
3755,5-3-4-5-8,6 4 5 6 3*,5,1.0,False,control>lesion
3756,5-3-8-4-3,6 4 3* 5 4,5,1.0,False,lesion>control
3757,5-4-8-1-5,6 5 3* 2 6,5,1.0,False,lesion>control
3758,5-8-0-8-7,6 3* 1 3* 2*,5,1.0,False,lesion>control
3759,5-8-1-8-0,6 3* 2 3* 1,5,1.0,False,lesion>control
3760,5-8-1-8-5,6 3* 2 3* 6,5,1.0,False,lesion>control
3761,5-8-3-4-8,6 3* 4 5 3*,5,1.0,False,control>lesion
3762,5-8-3-5-8,6 3* 4 6 3*,5,1.0,False,lesion>control
3763,5-8-5-2-0,6 3* 6 3 1,5,1.0,False,lesion>control
3764,5-8-5-2-3,6 3* 6 3 4,5,1.0,False,lesion>control
3765,5-8-7-0-5,6 3* 2* 1 6,5,1.0,False,lesion>control
3766,5-8-9-4-8,6 3* 4* 5 3*,5,1.0,False,lesion>control
3767,5-8-9-8-5,6 3* 4* 3* 6,5,1.0,False,lesion>control
3768,7-0-1-5-8,2* 1 2 6 3*,5,1.0,False,control>lesion
3769,7-0-3-8-4,2* 1 4 3* 5,5,1.0,False,lesion>control
3770,7-0-8-4-5,2* 1 3* 5 6,5,1.0,False,control>lesion
3771,7-3-5-4-3,2* 4 6 5 4,5,1.0,False,control>lesion
3772,7-3-8-3-1,2* 4 3* 4 2,5,1.0,False,lesion>control
3773,7-4-8-1-0,2* 5 3* 2 1,5,1.0,False,control>lesion
3774,7-4-8-1-3,2* 5 3* 2 4,5,1.0,False,lesion>control
3775,7-5-4-8-1,2* 6 5 3* 2,5,1.0,False,control>lesion
3776,7-5-8-9-8,2* 6 3* 4* 3*,5,1.0,False,lesion>control
3777,7-8-1-0-5,2* 3* 2 1 6,5,1.0,False,control>lesion
3778,7-8-1-4-8,2* 3* 2 5 3*,5,1.0,False,lesion>control
3779,7-8-4-2-1,2* 3* 5 3 2,5,1.0,False,control>lesion
3780,7-8-5-8-9,2* 3* 6 3* 4*,5,1.0,False,lesion>control
3781,8-0-1-0-8,3* 1 2 1 3*,5,1.0,False,lesion>control
3782,8-0-1-3-0,3* 1 2 4 1,5,1.0,False,control>lesion
3783,8-0-1-8-0,3* 1 2 3* 1,5,1.0,False,control>lesion
3784,8-0-2-1-8,3* 1 3 2 3*,5,1.0,False,lesion>control
3785,8-0-2-9-8,3* 1 3 4* 3*,5,1.0,False,control>lesion
3786,8-0-5-0-8,3* 1 6 1 3*,5,1.0,False,control>lesion
3787,8-0-5-1-0,3* 1 6 2 1,5,1.0,False,lesion>control
3788,8-1-2-1-2,3* 2 3 2 3,5,1.0,False,lesion>control
3789,8-1-3-1-8,3* 2 4 2 3*,5,1.0,False,control>lesion
3790,8-1-3-5-8,3* 2 4 6 3*,5,1.0,False,control>lesion
3791,8-1-3-8-5,3* 2 4 3* 6,5,1.0,False,control>lesion
3792,8-1-4-3-8,3* 2 5 4 3*,5,1.0,False,lesion>control
3793,8-1-8-0-8,3* 2 3* 1 3*,5,1.0,False,control>lesion
3794,8-1-8-4-3,3* 2 3* 5 4,5,1.0,False,lesion>control
3795,8-1-8-5-3,3* 2 3* 6 4,5,1.0,False,lesion>control
3796,8-4-2-9-8,3* 5 3 4* 3*,5,1.0,False,lesion>control
3797,8-5-2-0-5,3* 6 3 1 6,5,1.0,False,lesion>control
3798,8-5-2-1-0,3* 6 3 2 1,5,1.0,False,lesion>control
3799,8-5-4-8-7,3* 6 5 3* 2*,5,1.0,False,lesion>control
3800,8-5-8-1-0,3* 6 3* 2 1,5,1.0,False,lesion>control
3801,8-7-0-4-5,3* 2* 1 5 6,5,1.0,False,lesion>control
3802,8-7-0-8-3,3* 2* 1 3* 4,5,1.0,False,lesion>control
3803,8-7-5-4-8,3* 2* 6 5 3*,5,1.0,False,control>lesion
3804,8-7-8-5-9,3* 2* 3* 6 4*,5,1.0,False,control>lesion
3805,8-8-7-0-1,3* 3* 2* 1 2,5,1.0,False,control>lesion
3806,8-9-4-5-1,3* 4* 5 6 2,5,1.0,False,lesion>control
3807,8-9-4-8-0,3* 4* 5 3* 1,5,1.0,False,lesion>control
3808,8-9-8-4-2,3* 4* 3* 5 3,5,1.0,False,control>lesion
3809,9-1-3-8-3,4* 2 4 3* 4,5,1.0,False,lesion>control
3810,9-1-8-1-0,4* 2 3* 2 1,5,1.0,False,control>lesion
3811,9-4-3-4-3,4* 5 4 5 4,5,1.0,False,control>lesion
3812,9-4-5-3-4,4* 5 6 4 5,5,1.0,False,control>lesion
3813,9-5-8-7-0,4* 6 3* 2* 1,5,1.0,False,control>lesion
3814,9-8-3-8-4,4* 3* 4 3* 5,5,1.0,False,control>lesion
3815,0-1-0-1-0-1,1 2 1 2 1 2,6,1.0,False,control>lesion
3816,0-1-0-1-0-5,1 2 1 2 1 6,6,1.0,False,lesion>control
3817,0-1-0-5-4-3,1 2 1 6 5 4,6,1.0,False,control>lesion
3818,0-1-0-8-9-5,1 2 1 3* 4* 6,6,1.0,False,control>lesion
3819,0-1-5-4-3-8,1 2 6 5 4 3*,6,1.0,False,control>lesion
3820,0-1-8-1-8-5,1 2 3* 2 3* 6,6,1.0,False,control>lesion
3821,0-1-8-9-1-8,1 2 3* 4* 2 3*,6,1.0,False,lesion>control
3822,0-1-8-9-5-3,1 2 3* 4* 6 4,6,1.0,False,control>lesion
3823,0-3-0-3-0-5,1 4 1 4 1 6,6,1.0,False,lesion>control
3824,0-3-8-1-0-1,1 4 3* 2 1 2,6,1.0,False,lesion>control
3825,0-3-8-7-0-4,1 4 3* 2* 1 5,6,1.0,False,lesion>control
3826,0-5-0-3-0-3,1 6 1 4 1 4,6,1.0,False,lesion>control
3827,0-5-0-4-5-0,1 6 1 5 6 1,6,1.0,False,lesion>control
3828,0-5-0-5-1-0,1 6 1 6 2 1,6,1.0,False,lesion>control
3829,0-5-1-0-5-8,1 6 2 1 6 3*,6,1.0,False,lesion>control
3830,0-5-8-1-0-3,1 6 3* 2 1 4,6,1.0,False,lesion>control
3831,0-5-8-1-5-8,1 6 3* 2 6 3*,6,1.0,False,lesion>control
3832,0-5-8-7-0-5,1 6 3* 2* 1 6,6,1.0,False,lesion>control
3833,0-8-1-0-1-0,1 3* 2 1 2 1,6,1.0,False,control>lesion
3834,0-8-3-0-1-8,1 3* 4 1 2 3*,6,1.0,False,lesion>control
3835,0-8-3-5-8-3,1 3* 4 6 3* 4,6,1.0,False,lesion>control
3836,0-8-3-8-3-8,1 3* 4 3* 4 3*,6,1.0,False,control>lesion
3837,0-8-7-8-9-8,1 3* 2* 3* 4* 3*,6,1.0,False,lesion>control
3838,0-8-9-4-5-3,1 3* 4* 5 6 4,6,1.0,False,lesion>control
3839,0-8-9-8-3-4,1 3* 4* 3* 4 5,6,1.0,False,control>lesion
3840,1-0-1-0-5-8,2 1 2 1 6 3*,6,1.0,False,lesion>control
3841,1-0-1-5-8-1,2 1 2 6 3* 2,6,1.0,False,lesion>control
3842,1-0-3-5-0-3,2 1 4 6 1 4,6,1.0,False,lesion>control
3843,1-0-3-5-3-8,2 1 4 6 4 3*,6,1.0,False,control>lesion
3844,1-0-3-5-4-8,2 1 4 6 5 3*,6,1.0,False,control>lesion
3845,1-0-8-1-3-4,2 1 3* 2 4 5,6,1.0,False,control>lesion
3846,1-0-8-9-4-3,2 1 3* 4* 5 4,6,1.0,False,control>lesion
3847,1-3-5-3-8-7,2 4 6 4 3* 2*,6,1.0,False,control>lesion
3848,1-3-5-8-7-0,2 4 6 3* 2* 1,6,1.0,False,control>lesion
3849,1-5-8-1-5-8,2 6 3* 2 6 3*,6,1.0,False,lesion>control
3850,1-8-1-2-1-2,2 3* 2 3 2 3,6,1.0,False,lesion>control
3851,1-8-1-8-0-1,2 3* 2 3* 1 2,6,1.0,False,lesion>control
3852,1-8-1-8-5-4,2 3* 2 3* 6 5,6,1.0,False,control>lesion
3853,1-8-1-8-5-8,2 3* 2 3* 6 3*,6,1.0,False,control>lesion
3854,1-8-1-8-9-3,2 3* 2 3* 4* 4,6,1.0,False,control>lesion
3855,1-8-4-2-1-8,2 3* 5 3 2 3*,6,1.0,False,control>lesion
3856,1-8-4-8-9-8,2 3* 5 3* 4* 3*,6,1.0,False,lesion>control
3857,1-8-5-2-1-8,2 3* 6 3 2 3*,6,1.0,False,lesion>control
3858,1-8-9-1-3-8,2 3* 4* 2 4 3*,6,1.0,False,lesion>control
3859,1-8-9-4-5-0,2 3* 4* 5 6 1,6,1.0,False,lesion>control
3860,1-8-9-5-4-8,2 3* 4* 6 5 3*,6,1.0,False,control>lesion
3861,1-8-9-8-5-3,2 3* 4* 3* 6 4,6,1.0,False,control>lesion
3862,1-8-9-8-7-4,2 3* 4* 3* 2* 5,6,1.0,False,lesion>control
3863,2-7-8-1-8-9,3 2* 3* 2 3* 4*,6,1.0,False,lesion>control
3864,3-1-0-8-9-8,4 2 1 3* 4* 3*,6,1.0,False,lesion>control
3865,3-2-1-8-9-8,4 3 2 3* 4* 3*,6,1.0,False,lesion>control
3866,3-4-5-4-1-0,4 5 6 5 2 1,6,1.0,False,control>lesion
3867,3-4-8-3-4-8,4 5 3* 4 5 3*,6,1.0,False,lesion>control
3868,3-5-0-3-5-0,4 6 1 4 6 1,6,1.0,False,control>lesion
3869,3-5-3-1-0-8,4 6 4 2 1 3*,6,1.0,False,control>lesion
3870,3-5-4-8-7-8,4 6 5 3* 2* 3*,6,1.0,False,control>lesion
3871,3-5-8-0-3-5,4 6 3* 1 4 6,6,1.0,False,control>lesion
3872,3-5-8-3-8-3,4 6 3* 4 3* 4,6,1.0,False,control>lesion
3873,3-8-0-1-8-1,4 3* 1 2 3* 2,6,1.0,False,control>lesion
3874,3-8-0-7-8-1,4 3* 1 2* 3* 2,6,1.0,False,lesion>control
3875,3-8-0-8-3-8,4 3* 1 3* 4 3*,6,1.0,False,control>lesion
3876,3-8-0-8-7-8,4 3* 1 3* 2* 3*,6,1.0,False,lesion>control
3877,3-8-1-8-1-3,4 3* 2 3* 2 4,6,1.0,False,lesion>control
3878,3-8-3-8-4-3,4 3* 4 3* 5 4,6,1.0,False,control>lesion
3879,3-8-3-8-5-4,4 3* 4 3* 6 5,6,1.0,False,control>lesion
3880,3-8-4-8-3-8,4 3* 5 3* 4 3*,6,1.0,False,lesion>control
3881,3-8-5-2-7-8,4 3* 6 3 2* 3*,6,1.0,False,lesion>control
3882,3-8-5-3-8-3,4 3* 6 4 3* 4,6,1.0,False,control>lesion
3883,3-8-5-8-7-8,4 3* 6 3* 2* 3*,6,1.0,False,lesion>control
3884,3-8-7-0-1-5,4 3* 2* 1 2 6,6,1.0,False,control>lesion
3885,3-8-7-0-4-5,4 3* 2* 1 5 6,6,1.0,False,lesion>control
3886,3-8-7-3-5-4,4 3* 2* 4 6 5,6,1.0,False,control>lesion
3887,3-8-7-8-4-2,4 3* 2* 3* 5 3,6,1.0,False,control>lesion
3888,4-3-1-0-1-8,5 4 2 1 2 3*,6,1.0,False,control>lesion
3889,4-3-4-5-4-3,5 4 5 6 5 4,6,1.0,False,control>lesion
3890,4-3-8-0-7-8,5 4 3* 1 2* 3*,6,1.0,False,lesion>control
3891,4-3-8-7-0-4,5 4 3* 2* 1 5,6,1.0,False,lesion>control
3892,4-3-8-7-5-4,5 4 3* 2* 6 5,6,1.0,False,control>lesion
3893,4-3-8-7-8-7,5 4 3* 2* 3* 2*,6,1.0,False,control>lesion
3894,4-5-1-0-1-8,5 6 2 1 2 3*,6,1.0,False,control>lesion
3895,4-5-4-8-1-0,5 6 5 3* 2 1,6,1.0,False,control>lesion
3896,4-8-1-0-5-8,5 3* 2 1 6 3*,6,1.0,False,lesion>control
3897,4-8-1-0-8-1,5 3* 2 1 3* 2,6,1.0,False,lesion>control
3898,4-8-1-3-8-1,5 3* 2 4 3* 2,6,1.0,False,lesion>control
3899,4-8-1-3-8-3,5 3* 2 4 3* 4,6,1.0,False,lesion>control
3900,4-8-3-4-3-8,5 3* 4 5 4 3*,6,1.0,False,lesion>control
3901,4-8-7-0-3-5,5 3* 2* 1 4 6,6,1.0,False,lesion>control
3902,4-8-7-3-8-3,5 3* 2* 4 3* 4,6,1.0,False,lesion>control
3903,5-0-4-5-0-5,6 1 5 6 1 6,6,1.0,False,lesion>control
3904,5-0-5-0-3-5,6 1 6 1 4 6,6,1.0,False,lesion>control
3905,5-1-0-5-8-1,6 2 1 6 3* 2,6,1.0,False,lesion>control
3906,5-3-1-0-1-8,6 4 2 1 2 3*,6,1.0,False,control>lesion
3907,5-3-8-3-8-0,6 4 3* 4 3* 1,6,1.0,False,control>lesion
3908,5-3-8-4-3-8,6 4 3* 5 4 3*,6,1.0,False,lesion>control
3909,5-4-3-0-1-3,6 5 4 1 2 4,6,1.0,False,control>lesion
3910,5-4-3-1-0-3,6 5 4 2 1 4,6,1.0,False,control>lesion
3911,5-4-3-8-5-4,6 5 4 3* 6 5,6,1.0,False,control>lesion
3912,5-4-8-1-0-3,6 5 3* 2 1 4,6,1.0,False,control>lesion
3913,5-4-8-7-0-3,6 5 3* 2* 1 4,6,1.0,False,control>lesion
3914,5-8-3-4-5-8,6 3* 4 5 6 3*,6,1.0,False,lesion>control
3915,5-8-7-0-1-3,6 3* 2* 1 2 4,6,1.0,False,control>lesion
3916,5-8-7-0-3-4,6 3* 2* 1 4 5,6,1.0,False,lesion>control
3917,5-8-7-0-8-1,6 3* 2* 1 3* 2,6,1.0,False,control>lesion
3918,5-8-9-8-7-0,6 3* 4* 3* 2* 1,6,1.0,False,lesion>control
3919,7-0-1-8-9-1,2* 1 2 3* 4* 2,6,1.0,False,lesion>control
3920,7-0-3-5-3-8,2* 1 4 6 4 3*,6,1.0,False,lesion>control
3921,7-0-3-8-1-0,2* 1 4 3* 2 1,6,1.0,False,lesion>control
3922,7-0-4-8-1-0,2* 1 5 3* 2 1,6,1.0,False,lesion>control
3923,7-0-5-8-1-0,2* 1 6 3* 2 1,6,1.0,False,lesion>control
3924,7-0-8-1-8-7,2* 1 3* 2 3* 2*,6,1.0,False,lesion>control
3925,7-3-4-8-7-8,2* 4 5 3* 2* 3*,6,1.0,False,lesion>control
3926,7-3-5-4-3-8,2* 4 6 5 4 3*,6,1.0,False,control>lesion
3927,7-3-5-8-3-8,2* 4 6 3* 4 3*,6,1.0,False,lesion>control
3928,7-3-8-1-8-1,2* 4 3* 2 3* 2,6,1.0,False,lesion>control
3929,7-4-3-8-7-3,2* 5 4 3* 2* 4,6,1.0,False,lesion>control
3930,7-4-8-1-3-8,2* 5 3* 2 4 3*,6,1.0,False,lesion>control
3931,7-8-1-3-8-0,2* 3* 2 4 3* 1,6,1.0,False,control>lesion
3932,7-8-4-2-1-8,2* 3* 5 3 2 3*,6,1.0,False,control>lesion
3933,7-8-4-2-9-8,2* 3* 5 3 4* 3*,6,1.0,False,lesion>control
3934,7-8-9-8-0-7,2* 3* 4* 3* 1 2*,6,1.0,False,control>lesion
3935,7-8-9-8-4-3,2* 3* 4* 3* 5 4,6,1.0,False,control>lesion
3936,7-8-9-8-7-1,2* 3* 4* 3* 2* 2,6,1.0,False,control>lesion
3937,8-0-1-0-1-8,3* 1 2 1 2 3*,6,1.0,False,control>lesion
3938,8-0-2-3-8-7,3* 1 3 4 3* 2*,6,1.0,False,lesion>control
3939,8-0-3-8-7-0,3* 1 4 3* 2* 1,6,1.0,False,lesion>control
3940,8-0-8-7-8-9,3* 1 3* 2* 3* 4*,6,1.0,False,control>lesion
3941,8-1-0-3-5-4,3* 2 1 4 6 5,6,1.0,False,control>lesion
3942,8-1-0-8-1-5,3* 2 1 3* 2 6,6,1.0,False,lesion>control
3943,8-1-3-5-8-7,3* 2 4 6 3* 2*,6,1.0,False,control>lesion
3944,8-1-3-8-3-1,3* 2 4 3* 4 2,6,1.0,False,lesion>control
3945,8-1-5-8-1-4,3* 2 6 3* 2 5,6,1.0,False,lesion>control
3946,8-1-8-1-4-8,3* 2 3* 2 5 3*,6,1.0,False,lesion>control
3947,8-1-8-4-3-8,3* 2 3* 5 4 3*,6,1.0,False,lesion>control
3948,8-1-8-4-8-1,3* 2 3* 5 3* 2,6,1.0,False,lesion>control
3949,8-1-8-5-2-1,3* 2 3* 6 3 2,6,1.0,False,lesion>control
3950,8-1-8-5-8-1,3* 2 3* 6 3* 2,6,1.0,False,lesion>control
3951,8-1-8-5-9-8,3* 2 3* 6 4* 3*,6,1.0,False,lesion>control
3952,8-1-8-9-8-0,3* 2 3* 4* 3* 1,6,1.0,False,lesion>control
3953,8-1-8-9-8-4,3* 2 3* 4* 3* 5,6,1.0,False,lesion>control
3954,8-3-1-8-1-0,3* 4 2 3* 2 1,6,1.0,False,control>lesion
3955,8-3-2-1-8-9,3* 4 3 2 3* 4*,6,1.0,False,lesion>control
3956,8-3-4-5-8-7,3* 4 5 6 3* 2*,6,1.0,False,control>lesion
3957,8-3-4-8-3-1,3* 4 5 3* 4 2,6,1.0,False,lesion>control
3958,8-3-4-8-3-4,3* 4 5 3* 4 5,6,1.0,False,lesion>control
3959,8-3-5-8-3-4,3* 4 6 3* 4 5,6,1.0,False,lesion>control
3960,8-3-8-0-3-8,3* 4 3* 1 4 3*,6,1.0,False,lesion>control
3961,8-3-8-4-3-8,3* 4 3* 5 4 3*,6,1.0,False,lesion>control
3962,8-3-8-4-8-7,3* 4 3* 5 3* 2*,6,1.0,False,control>lesion
3963,8-3-8-5-8-3,3* 4 3* 6 3* 4,6,1.0,False,lesion>control
3964,8-4-2-1-8-1,3* 5 3 2 3* 2,6,1.0,False,control>lesion
3965,8-4-3-8-7-0,3* 5 4 3* 2* 1,6,1.0,False,lesion>control
3966,8-4-3-8-7-3,3* 5 4 3* 2* 4,6,1.0,False,lesion>control
3967,8-5-4-3-8-3,3* 6 5 4 3* 4,6,1.0,False,control>lesion
3968,8-5-8-3-8-3,3* 6 3* 4 3* 4,6,1.0,False,lesion>control
3969,8-5-8-7-8-9,3* 6 3* 2* 3* 4*,6,1.0,False,lesion>control
3970,8-7-0-3-1-0,3* 2* 1 4 2 1,6,1.0,False,lesion>control
3971,8-7-0-3-8-4,3* 2* 1 4 3* 5,6,1.0,False,lesion>control
3972,8-7-0-8-4-5,3* 2* 1 3* 5 6,6,1.0,False,control>lesion
3973,8-7-3-5-4-3,3* 2* 4 6 5 4,6,1.0,False,control>lesion
3974,8-7-3-5-8-3,3* 2* 4 6 3* 4,6,1.0,False,lesion>control
3975,8-7-3-8-3-1,3* 2* 4 3* 4 2,6,1.0,False,lesion>control
3976,8-7-5-8-9-8,3* 2* 6 3* 4* 3*,6,1.0,False,lesion>control
3977,8-7-8-1-0-5,3* 2* 3* 2 1 6,6,1.0,False,control>lesion
3978,8-7-8-1-4-8,3* 2* 3* 2 5 3*,6,1.0,False,lesion>control
3979,8-7-8-5-8-9,3* 2* 3* 6 3* 4*,6,1.0,False,lesion>control
3980,8-9-1-8-1-0,3* 4* 2 3* 2 1,6,1.0,False,control>lesion
3981,8-9-4-3-4-3,3* 4* 5 4 5 4,6,1.0,False,control>lesion
3982,8-9-4-5-3-4,3* 4* 5 6 4 5,6,1.0,False,control>lesion
3983,8-9-5-8-7-0,3* 4* 6 3* 2* 1,6,1.0,False,control>lesion
3984,8-9-8-3-8-4,3* 4* 3* 4 3* 5,6,1.0,False,control>lesion
3985,8-9-8-7-3-5,3* 4* 3* 2* 4 6,6,1.0,False,control>lesion
3986,8-9-8-7-5-8,3* 4* 3* 2* 6 3*,6,1.0,False,lesion>control
3987,9-1-0-1-8-9,4* 2 1 2 3* 4*,6,1.0,False,control>lesion
3988,9-4-5-8-0-1,4* 5 6 3* 1 2,6,1.0,False,control>lesion
3989,9-4-5-8-3-4,4* 5 6 3* 4 5,6,1.0,False,lesion>control
3990,9-8-3-1-8-1,4* 3* 4 2 3* 2,6,1.0,False,control>lesion
3991,9-8-3-3-8-3,4* 3* 4 4 3* 4,6,1.0,False,control>lesion
3992,9-8-3-5-4-8,4* 3* 4 6 5 3*,6,1.0,False,lesion>control
3993,9-8-3-8-3-2,4* 3* 4 3* 4 3,6,1.0,False,control>lesion
3994,9-8-5-3-8-7,4* 3* 6 4 3* 2*,6,1.0,False,control>lesion
3995,9-8-5-4-3-8,4* 3* 6 5 4 3*,6,1.0,False,control>lesion
3996,0-1-2,1 2 3,3,1.0,False,lesion>control
3997,0-9-5,1 4* 6,3,1.0,False,lesion>control
3998,1-2-0,2 3 1,3,1.0,False,control>lesion
3999,1-4-2,2 5 3,3,1.0,False,lesion>control
4000,1-5-2,2 6 3,3,1.0,False,lesion>control
4001,2-0-7,3 1 2*,3,1.0,False,lesion>control
4002,2-0-8,3 1 3*,3,1.0,False,control>lesion
4003,2-0-9,3 1 4*,3,1.0,False,lesion>control
4004,2-4-3,3 5 4,3,1.0,False,lesion>control
4005,2-5-4,3 6 5,3,1.0,False,lesion>control
4006,2-8-7,3 3* 2*,3,1.0,False,lesion>control
4007,3-0-7,4 1 2*,3,1.0,False,lesion>control
4008,3-5-2,4 6 3,3,1.0,False,lesion>control
4009,4-0-4,5 1 5,3,1.0,False,lesion>control
4010,4-2-3,5 3 4,3,1.0,False,lesion>control
4011,4-8-8,5 3* 3*,3,1.0,False,control>lesion
4012,5-1-2,6 2 3,3,1.0,False,control>lesion
4013,5-2-4,6 3 5,3,1.0,False,lesion>control
4014,5-4-9,6 5 4*,3,1.0,False,lesion>control
4015,5-7-8,6 2* 3*,3,1.0,False,lesion>control
4016,7-1-0,2* 2 1,3,1.0,False,lesion>control
4017,8-1-9,3* 2 4*,3,1.0,False,lesion>control
4018,8-5-7,3* 6 2*,3,1.0,False,lesion>control
4019,9-0-5,4* 1 6,3,1.0,False,control>lesion
4020,9-1-5,4* 2 6,3,1.0,False,lesion>control
4021,9-3-0,4* 4 1,3,1.0,False,lesion>control
4022,9-3-1,4* 4 2,3,1.0,False,control>lesion
4023,9-4-0,4* 5 1,3,1.0,False,lesion>control
4024,9-4-1,4* 5 2,3,1.0,False,lesion>control
4025,9-8-8,4* 3* 3*,3,1.0,False,lesion>control
4026,0-1-4-3,1 2 5 4,4,1.0,False,control>lesion
4027,0-2-0-2,1 3 1 3,4,1.0,False,lesion>control
4028,0-2-0-5,1 3 1 6,4,1.0,False,lesion>control
4029,0-3-1-8,1 4 2 3*,4,1.0,False,lesion>control
4030,0-4-0-1,1 5 1 2,4,1.0,False,control>lesion
4031,0-4-8-7,1 5 3* 2*,4,1.0,False,lesion>control
4032,0-5-1-8,1 6 2 3*,4,1.0,False,control>lesion
4033,0-7-3-5,1 2* 4 6,4,1.0,False,lesion>control
4034,0-8-9-3,1 3* 4* 4,4,1.0,False,lesion>control
4035,1-0-3-0,2 1 4 1,4,1.0,False,lesion>control
4036,1-0-4-3,2 1 5 4,4,1.0,False,lesion>control
4037,1-2-3-4,2 3 4 5,4,1.0,False,lesion>control
4038,1-3-0-4,2 4 1 5,4,1.0,False,lesion>control
4039,1-3-8-9,2 4 3* 4*,4,1.0,False,lesion>control
4040,1-4-5-0,2 5 6 1,4,1.0,False,lesion>control
4041,1-4-5-3,2 5 6 4,4,1.0,False,lesion>control
4042,1-5-0-3,2 6 1 4,4,1.0,False,control>lesion
4043,1-5-1-3,2 6 2 4,4,1.0,False,lesion>control
4044,1-8-5-1,2 3* 6 2,4,1.0,False,lesion>control
4045,1-8-8-0,2 3* 3* 1,4,1.0,False,lesion>control
4046,2-0-2-9,3 1 3 4*,4,1.0,False,lesion>control
4047,2-0-9-8,3 1 4* 3*,4,1.0,False,lesion>control
4048,2-1-0-1,3 2 1 2,4,1.0,False,lesion>control
4049,2-1-2-9,3 2 3 4*,4,1.0,False,lesion>control
4050,3-0-4-0,4 1 5 1,4,1.0,False,lesion>control
4051,3-0-8-5,4 1 3* 6,4,1.0,False,lesion>control
4052,3-1-3-5,4 2 4 6,4,1.0,False,lesion>control
4053,3-1-4-5,4 2 5 6,4,1.0,False,control>lesion
4054,3-2-7-3,4 3 2* 4,4,1.0,False,control>lesion
4055,3-4-1-8,4 5 2 3*,4,1.0,False,lesion>control
4056,3-5-8-4,4 6 3* 5,4,1.0,False,lesion>control
4057,3-5-8-5,4 6 3* 6,4,1.0,False,control>lesion
4058,4-0-5-4,5 1 6 5,4,1.0,False,lesion>control
4059,4-0-8-0,5 1 3* 1,4,1.0,False,control>lesion
4060,4-0-8-7,5 1 3* 2*,4,1.0,False,lesion>control
4061,4-1-3-8,5 2 4 3*,4,1.0,False,lesion>control
4062,4-2-0-2,5 3 1 3,4,1.0,False,lesion>control
4063,4-3-1-5,5 4 2 6,4,1.0,False,control>lesion
4064,4-3-5-0,5 4 6 1,4,1.0,False,control>lesion
4065,4-3-8-4,5 4 3* 5,4,1.0,False,lesion>control
4066,4-8-0-5,5 3* 1 6,4,1.0,False,lesion>control
4067,4-8-3-0,5 3* 4 1,4,1.0,False,lesion>control
4068,4-8-3-5,5 3* 4 6,4,1.0,False,control>lesion
4069,4-8-7-5,5 3* 2* 6,4,1.0,False,lesion>control
4070,4-8-9-4,5 3* 4* 5,4,1.0,False,control>lesion
4071,5-1-3-8,6 2 4 3*,4,1.0,False,lesion>control
4072,5-1-5-4,6 2 6 5,4,1.0,False,control>lesion
4073,5-2-0-2,6 3 1 3,4,1.0,False,lesion>control
4074,5-2-0-3,6 3 1 4,4,1.0,False,lesion>control
4075,5-2-7-5,6 3 2* 6,4,1.0,False,lesion>control
4076,5-2-9-1,6 3 4* 2,4,1.0,False,lesion>control
4077,5-3-0-4,6 4 1 5,4,1.0,False,control>lesion
4078,5-3-1-5,6 4 2 6,4,1.0,False,lesion>control
4079,5-3-4-8,6 4 5 3*,4,1.0,False,lesion>control
4080,5-4-1-3,6 5 2 4,4,1.0,False,lesion>control
4081,5-4-1-8,6 5 2 3*,4,1.0,False,lesion>control
4082,5-4-2-1,6 5 3 2,4,1.0,False,control>lesion
4083,5-8-5-3,6 3* 6 4,4,1.0,False,lesion>control
4084,5-8-5-4,6 3* 6 5,4,1.0,False,lesion>control
4085,5-9-8-3,6 4* 3* 4,4,1.0,False,lesion>control
4086,7-0-8-0,2* 1 3* 1,4,1.0,False,control>lesion
4087,7-5-4-5,2* 6 5 6,4,1.0,False,control>lesion
4088,7-5-8-0,2* 6 3* 1,4,1.0,False,lesion>control
4089,7-8-4-5,2* 3* 5 6,4,1.0,False,control>lesion
4090,8-0-1-4,3* 1 2 5,4,1.0,False,lesion>control
4091,8-0-8-4,3* 1 3* 5,4,1.0,False,lesion>control
4092,8-0-9-5,3* 1 4* 6,4,1.0,False,lesion>control
4093,8-1-0-2,3* 2 1 3,4,1.0,False,lesion>control
4094,8-1-5-1,3* 2 6 2,4,1.0,False,lesion>control
4095,8-1-8-8,3* 2 3* 3*,4,1.0,False,lesion>control
4096,8-3-2-5,3* 4 3 6,4,1.0,False,control>lesion
4097,8-4-0-8,3* 5 1 3*,4,1.0,False,lesion>control
4098,8-4-2-0,3* 5 3 1,4,1.0,False,control>lesion
4099,8-4-8-0,3* 5 3* 1,4,1.0,False,lesion>control
4100,8-5-0-2,3* 6 1 3,4,1.0,False,lesion>control
4101,8-5-3-5,3* 6 4 6,4,1.0,False,lesion>control
4102,8-7-1-0,3* 2* 2 1,4,1.0,False,lesion>control
4103,8-9-0-5,3* 4* 1 6,4,1.0,False,control>lesion
4104,8-9-3-1,3* 4* 4 2,4,1.0,False,control>lesion
4105,8-9-4-1,3* 4* 5 2,4,1.0,False,lesion>control
4106,9-0-1-8,4* 1 2 3*,4,1.0,False,control>lesion
4107,9-8-0-2,4* 3* 1 3,4,1.0,False,lesion>control
4108,0-1-0-1-4,1 2 1 2 5,5,1.0,False,control>lesion
4109,0-1-3-0-3,1 2 4 1 4,5,1.0,False,lesion>control
4110,0-1-3-0-8,1 2 4 1 3*,5,1.0,False,lesion>control
4111,0-1-3-4-0,1 2 4 5 1,5,1.0,False,control>lesion
4112,0-1-3-8-0,1 2 4 3* 1,5,1.0,False,lesion>control
4113,0-1-4-8-0,1 2 5 3* 1,5,1.0,False,lesion>control
4114,0-1-4-8-1,1 2 5 3* 2,5,1.0,False,lesion>control
4115,0-1-5-4-5,1 2 6 5 6,5,1.0,False,control>lesion
4116,0-1-8-5-2,1 2 3* 6 3,5,1.0,False,control>lesion
4117,0-1-8-5-8,1 2 3* 6 3*,5,1.0,False,control>lesion
4118,0-2-1-8-1,1 3 2 3* 2,5,1.0,False,lesion>control
4119,0-3-4-5-1,1 4 5 6 2,5,1.0,False,control>lesion
4120,0-3-5-3-0,1 4 6 4 1,5,1.0,False,control>lesion
4121,0-3-8-5-0,1 4 3* 6 1,5,1.0,False,lesion>control
4122,0-3-8-5-3,1 4 3* 6 4,5,1.0,False,lesion>control
4123,0-4-0-3-0,1 5 1 4 1,5,1.0,False,lesion>control
4124,0-4-0-5-0,1 5 1 6 1,5,1.0,False,control>lesion
4125,0-4-5-8-1,1 5 6 3* 2,5,1.0,False,lesion>control
4126,0-4-8-1-3,1 5 3* 2 4,5,1.0,False,lesion>control
4127,0-4-8-7-0,1 5 3* 2* 1,5,1.0,False,lesion>control
4128,0-5-0-8-0,1 6 1 3* 1,5,1.0,False,lesion>control
4129,0-5-1-0-3,1 6 2 1 4,5,1.0,False,control>lesion
4130,0-5-3-5-8,1 6 4 6 3*,5,1.0,False,lesion>control
4131,0-5-4-3-5,1 6 5 4 6,5,1.0,False,lesion>control
4132,0-5-4-5-8,1 6 5 6 3*,5,1.0,False,lesion>control
4133,0-5-4-8-0,1 6 5 3* 1,5,1.0,False,lesion>control
4134,0-5-4-8-5,1 6 5 3* 6,5,1.0,False,lesion>control
4135,0-5-8-4-5,1 6 3* 5 6,5,1.0,False,control>lesion
4136,0-8-3-1-0,1 3* 4 2 1,5,1.0,False,lesion>control
4137,0-8-9-5-3,1 3* 4* 6 4,5,1.0,False,control>lesion
4138,0-8-9-8-5,1 3* 4* 3* 6,5,1.0,False,control>lesion
4139,0-8-9-8-9,1 3* 4* 3* 4*,5,1.0,False,control>lesion
4140,1-0-1-4-8,2 1 2 5 3*,5,1.0,False,lesion>control
4141,1-0-3-1-3,2 1 4 2 4,5,1.0,False,lesion>control
4142,1-0-8-4-5,2 1 3* 5 6,5,1.0,False,lesion>control
4143,1-0-8-5-4,2 1 3* 6 5,5,1.0,False,control>lesion
4144,1-0-8-9-1,2 1 3* 4* 2,5,1.0,False,lesion>control
4145,1-2-1-2-1,2 3 2 3 2,5,1.0,False,control>lesion
4146,1-3-0-5-1,2 4 1 6 2,5,1.0,False,control>lesion
4147,1-3-1-0-8,2 4 2 1 3*,5,1.0,False,control>lesion
4148,1-3-1-8-1,2 4 2 3* 2,5,1.0,False,lesion>control
4149,1-3-4-8-3,2 4 5 3* 4,5,1.0,False,lesion>control
4150,1-3-8-0-1,2 4 3* 1 2,5,1.0,False,control>lesion
4151,1-3-8-0-8,2 4 3* 1 3*,5,1.0,False,lesion>control
4152,1-3-8-4-3,2 4 3* 5 4,5,1.0,False,lesion>control
4153,1-3-8-5-4,2 4 3* 6 5,5,1.0,False,lesion>control
4154,1-4-5-4-8,2 5 6 5 3*,5,1.0,False,control>lesion
4155,1-4-5-8-1,2 5 6 3* 2,5,1.0,False,lesion>control
4156,1-4-8-1-5,2 5 3* 2 6,5,1.0,False,lesion>control
4157,1-4-8-9-8,2 5 3* 4* 3*,5,1.0,False,lesion>control
4158,1-5-4-8-0,2 6 5 3* 1,5,1.0,False,control>lesion
4159,1-5-8-0-5,2 6 3* 1 6,5,1.0,False,lesion>control
4160,1-5-8-9-5,2 6 3* 4* 6,5,1.0,False,lesion>control
4161,1-8-0-1-0,2 3* 1 2 1,5,1.0,False,lesion>control
4162,1-8-1-0-5,2 3* 2 1 6,5,1.0,False,control>lesion
4163,1-8-1-4-3,2 3* 2 5 4,5,1.0,False,lesion>control
4164,1-8-5-4-1,2 3* 6 5 2,5,1.0,False,lesion>control
4165,1-8-5-8-9,2 3* 6 3* 4*,5,1.0,False,control>lesion
4166,1-8-9-0-8,2 3* 4* 1 3*,5,1.0,False,lesion>control
4167,2-1-2-1-2,3 2 3 2 3,5,1.0,False,lesion>control
4168,2-1-2-9-8,3 2 3 4* 3*,5,1.0,False,lesion>control
4169,2-1-3-8-3,3 2 4 3* 4,5,1.0,False,lesion>control
4170,2-1-5-8-1,3 2 6 3* 2,5,1.0,False,lesion>control
4171,2-1-8-1-3,3 2 3* 2 4,5,1.0,False,lesion>control
4172,2-3-2-7-8,3 4 3 2* 3*,5,1.0,False,lesion>control
4173,2-7-0-1-8,3 2* 1 2 3*,5,1.0,False,lesion>control
4174,2-7-0-8-9,3 2* 1 3* 4*,5,1.0,False,lesion>control
4175,2-9-5-8-7,3 4* 6 3* 2*,5,1.0,False,lesion>control
4176,3-0-1-3-0,4 1 2 4 1,5,1.0,False,lesion>control
4177,3-0-1-5-3,4 1 2 6 4,5,1.0,False,control>lesion
4178,3-0-1-8-0,4 1 2 3* 1,5,1.0,False,lesion>control
4179,3-0-3-1-0,4 1 4 2 1,5,1.0,False,lesion>control
4180,3-0-5-0-3,4 1 6 1 4,5,1.0,False,lesion>control
4181,3-0-5-3-5,4 1 6 4 6,5,1.0,False,lesion>control
4182,3-0-8-3-5,4 1 3* 4 6,5,1.0,False,lesion>control
4183,3-1-0-4-5,4 2 1 5 6,5,1.0,False,lesion>control
4184,3-1-0-5-4,4 2 1 6 5,5,1.0,False,control>lesion
4185,3-1-4-8-1,4 2 5 3* 2,5,1.0,False,lesion>control
4186,3-1-8-9-5,4 2 3* 4* 6,5,1.0,False,lesion>control
4187,3-2-1-0-3,4 3 2 1 4,5,1.0,False,lesion>control
4188,3-2-7-0-3,4 3 2* 1 4,5,1.0,False,lesion>control
4189,3-2-7-3-8,4 3 2* 4 3*,5,1.0,False,control>lesion
4190,3-4-0-1-0,4 5 1 2 1,5,1.0,False,lesion>control
4191,3-4-0-5-0,4 5 1 6 1,5,1.0,False,lesion>control
4192,3-4-0-8-3,4 5 1 3* 4,5,1.0,False,lesion>control
4193,3-4-1-0-5,4 5 2 1 6,5,1.0,False,lesion>control
4194,3-4-3-1-0,4 5 4 2 1,5,1.0,False,lesion>control
4195,3-4-3-4-5,4 5 4 5 6,5,1.0,False,lesion>control
4196,3-4-5-0-5,4 5 6 1 6,5,1.0,False,control>lesion
4197,3-4-5-0-8,4 5 6 1 3*,5,1.0,False,lesion>control
4198,3-4-5-1-3,4 5 6 2 4,5,1.0,False,lesion>control
4199,3-4-5-1-8,4 5 6 2 3*,5,1.0,False,lesion>control
4200,3-5-0-3-8,4 6 1 4 3*,5,1.0,False,control>lesion
4201,3-5-1-0-5,4 6 2 1 6,5,1.0,False,control>lesion
4202,3-5-3-5-3,4 6 4 6 4,5,1.0,False,lesion>control
4203,3-5-4-1-0,4 6 5 2 1,5,1.0,False,control>lesion
4204,3-5-4-5-8,4 6 5 6 3*,5,1.0,False,lesion>control
4205,3-5-8-3-0,4 6 3* 4 1,5,1.0,False,lesion>control
4206,3-8-0-3-5,4 3* 1 4 6,5,1.0,False,lesion>control
4207,3-8-0-5-1,4 3* 1 6 2,5,1.0,False,lesion>control
4208,3-8-0-5-4,4 3* 1 6 5,5,1.0,False,lesion>control
4209,3-8-0-5-8,4 3* 1 6 3*,5,1.0,False,lesion>control
4210,3-8-1-0-5,4 3* 2 1 6,5,1.0,False,lesion>control
4211,3-8-1-4-8,4 3* 2 5 3*,5,1.0,False,lesion>control
4212,3-8-3-4-0,4 3* 4 5 1,5,1.0,False,control>lesion
4213,3-8-3-8-8,4 3* 4 3* 3*,5,1.0,False,control>lesion
4214,3-8-4-5-8,4 3* 5 6 3*,5,1.0,False,lesion>control
4215,3-8-5-4-1,4 3* 6 5 2,5,1.0,False,lesion>control
4216,4-0-1-3-4,5 1 2 4 5,5,1.0,False,control>lesion
4217,4-1-8-9-8,5 2 3* 4* 3*,5,1.0,False,lesion>control
4218,4-3-0-5-0,5 4 1 6 1,5,1.0,False,lesion>control
4219,4-5-0-3-4,5 6 1 4 5,5,1.0,False,lesion>control
4220,4-5-1-0-4,5 6 2 1 5,5,1.0,False,lesion>control
4221,4-5-3-1-8,5 6 4 2 3*,5,1.0,False,control>lesion
4222,4-5-4-0-8,5 6 5 1 3*,5,1.0,False,control>lesion
4223,4-5-4-3-1,5 6 5 4 2,5,1.0,False,control>lesion
4224,4-8-0-1-0,5 3* 1 2 1,5,1.0,False,control>lesion
4225,4-8-1-0-4,5 3* 2 1 5,5,1.0,False,lesion>control
4226,4-8-1-5-3,5 3* 2 6 4,5,1.0,False,lesion>control
4227,4-8-1-8-0,5 3* 2 3* 1,5,1.0,False,control>lesion
4228,4-8-3-8-9,5 3* 4 3* 4*,5,1.0,False,lesion>control
4229,4-8-5-3-8,5 3* 6 4 3*,5,1.0,False,lesion>control
4230,5-0-1-3-4,6 1 2 4 5,5,1.0,False,control>lesion
4231,5-0-3-0-8,6 1 4 1 3*,5,1.0,False,control>lesion
4232,5-0-3-1-0,6 1 4 2 1,5,1.0,False,control>lesion
4233,5-0-3-5-4,6 1 4 6 5,5,1.0,False,control>lesion
4234,5-0-5-0-1,6 1 6 1 2,5,1.0,False,lesion>control
4235,5-0-5-3-0,6 1 6 4 1,5,1.0,False,control>lesion
4236,5-0-5-8-4,6 1 6 3* 5,5,1.0,False,lesion>control
4237,5-0-8-0-5,6 1 3* 1 6,5,1.0,False,lesion>control
4238,5-0-8-3-4,6 1 3* 4 5,5,1.0,False,lesion>control
4239,5-0-8-3-5,6 1 3* 4 6,5,1.0,False,lesion>control
4240,5-1-0-1-3,6 2 1 2 4,5,1.0,False,lesion>control
4241,5-1-0-4-1,6 2 1 5 2,5,1.0,False,lesion>control
4242,5-1-0-8-9,6 2 1 3* 4*,5,1.0,False,lesion>control
4243,5-2-0-5-2,6 3 1 6 3,5,1.0,False,lesion>control
4244,5-2-1-3-8,6 3 2 4 3*,5,1.0,False,lesion>control
4245,5-2-1-8-1,6 3 2 3* 2,5,1.0,False,lesion>control
4246,5-2-9-8-7,6 3 4* 3* 2*,5,1.0,False,lesion>control
4247,5-3-1-3-8,6 4 2 4 3*,5,1.0,False,lesion>control
4248,5-3-5-0-5,6 4 6 1 6,5,1.0,False,control>lesion
4249,5-3-5-3-0,6 4 6 4 1,5,1.0,False,control>lesion
4250,5-3-8-7-5,6 4 3* 2* 6,5,1.0,False,lesion>control
4251,5-4-0-1-8,6 5 1 2 3*,5,1.0,False,control>lesion
4252,5-4-3-0-5,6 5 4 1 6,5,1.0,False,control>lesion
4253,5-4-3-0-8,6 5 4 1 3*,5,1.0,False,control>lesion
4254,5-4-3-5-0,6 5 4 6 1,5,1.0,False,control>lesion
4255,5-4-3-8-1,6 5 4 3* 2,5,1.0,False,lesion>control
4256,5-4-5-3-1,6 5 6 4 2,5,1.0,False,lesion>control
4257,5-4-5-8-1,6 5 6 3* 2,5,1.0,False,lesion>control
4258,5-4-5-8-7,6 5 6 3* 2*,5,1.0,False,control>lesion
4259,5-4-8-0-8,6 5 3* 1 3*,5,1.0,False,lesion>control
4260,5-4-8-1-8,6 5 3* 2 3*,5,1.0,False,control>lesion
4261,5-8-0-3-1,6 3* 1 4 2,5,1.0,False,control>lesion
4262,5-8-0-8-3,6 3* 1 3* 4,5,1.0,False,lesion>control
4263,5-8-0-9-8,6 3* 1 4* 3*,5,1.0,False,control>lesion
4264,5-8-3-0-1,6 3* 4 1 2,5,1.0,False,control>lesion
4265,5-8-3-8-0,6 3* 4 3* 1,5,1.0,False,control>lesion
4266,5-8-3-8-5,6 3* 4 3* 6,5,1.0,False,lesion>control
4267,5-8-4-5-4,6 3* 5 6 5,5,1.0,False,lesion>control
4268,5-8-4-8-4,6 3* 5 3* 5,5,1.0,False,lesion>control
4269,5-8-9-5-8,6 3* 4* 6 3*,5,1.0,False,lesion>control
4270,5-8-9-8-0,6 3* 4* 3* 1,5,1.0,False,lesion>control
4271,5-9-8-3-8,6 4* 3* 4 3*,5,1.0,False,lesion>control
4272,7-0-1-8-5,2* 1 2 3* 6,5,1.0,False,control>lesion
4273,7-0-8-9-3,2* 1 3* 4* 4,5,1.0,False,lesion>control
4274,7-3-1-0-3,2* 4 2 1 4,5,1.0,False,control>lesion
4275,7-3-1-3-1,2* 4 2 4 2,5,1.0,False,lesion>control
4276,7-3-4-3-8,2* 4 5 4 3*,5,1.0,False,control>lesion
4277,7-3-4-5-4,2* 4 5 6 5,5,1.0,False,control>lesion
4278,7-3-4-5-8,2* 4 5 6 3*,5,1.0,False,lesion>control
4279,7-3-4-8-3,2* 4 5 3* 4,5,1.0,False,lesion>control
4280,7-3-5-4-8,2* 4 6 5 3*,5,1.0,False,control>lesion
4281,7-3-5-8-7,2* 4 6 3* 2*,5,1.0,False,lesion>control
4282,7-3-8-0-1,2* 4 3* 1 2,5,1.0,False,control>lesion
4283,7-3-8-3-4,2* 4 3* 4 5,5,1.0,False,lesion>control
4284,7-3-8-4-8,2* 4 3* 5 3*,5,1.0,False,lesion>control
4285,7-8-1-5-3,2* 3* 2 6 4,5,1.0,False,control>lesion
4286,7-8-5-9-8,2* 3* 6 4* 3*,5,1.0,False,control>lesion
4287,7-8-7-0-3,2* 3* 2* 1 4,5,1.0,False,lesion>control
4288,7-8-9-1-3,2* 3* 4* 2 4,5,1.0,False,lesion>control
4289,8-0-3-5-0,3* 1 4 6 1,5,1.0,False,lesion>control
4290,8-0-3-8-0,3* 1 4 3* 1,5,1.0,False,lesion>control
4291,8-0-5-4-3,3* 1 6 5 4,5,1.0,False,lesion>control
4292,8-0-8-3-0,3* 1 3* 4 1,5,1.0,False,lesion>control
4293,8-0-8-3-4,3* 1 3* 4 5,5,1.0,False,lesion>control
4294,8-0-8-9-4,3* 1 3* 4* 5,5,1.0,False,control>lesion
4295,8-1-0-4-5,3* 2 1 5 6,5,1.0,False,lesion>control
4296,8-1-3-8-4,3* 2 4 3* 5,5,1.0,False,lesion>control
4297,8-1-5-3-1,3* 2 6 4 2,5,1.0,False,control>lesion
4298,8-1-5-4-3,3* 2 6 5 4,5,1.0,False,lesion>control
4299,8-1-8-4-2,3* 2 3* 5 3,5,1.0,False,lesion>control
4300,8-1-8-4-5,3* 2 3* 5 6,5,1.0,False,lesion>control
4301,8-3-0-5-0,3* 4 1 6 1,5,1.0,False,lesion>control
4302,8-3-0-8-3,3* 4 1 3* 4,5,1.0,False,lesion>control
4303,8-3-1-0-5,3* 4 2 1 6,5,1.0,False,lesion>control
4304,8-3-1-3-8,3* 4 2 4 3*,5,1.0,False,lesion>control
4305,8-3-1-8-5,3* 4 2 3* 6,5,1.0,False,lesion>control
4306,8-3-4-3-1,3* 4 5 4 2,5,1.0,False,lesion>control
4307,8-3-5-0-3,3* 4 6 1 4,5,1.0,False,lesion>control
4308,8-3-8-0-5,3* 4 3* 1 6,5,1.0,False,control>lesion
4309,8-3-8-3-0,3* 4 3* 4 1,5,1.0,False,lesion>control
4310,8-3-8-4-5,3* 4 3* 5 6,5,1.0,False,lesion>control
4311,8-4-5-4-5,3* 5 6 5 6,5,1.0,False,lesion>control
4312,8-4-5-8-7,3* 5 6 3* 2*,5,1.0,False,lesion>control
4313,8-5-0-3-8,3* 6 1 4 3*,5,1.0,False,control>lesion
4314,8-5-2-1-3,3* 6 3 2 4,5,1.0,False,lesion>control
4315,8-5-2-9-1,3* 6 3 4* 2,5,1.0,False,lesion>control
4316,8-5-2-9-8,3* 6 3 4* 3*,5,1.0,False,lesion>control
4317,8-5-4-2-1,3* 6 5 3 2,5,1.0,False,control>lesion
4318,8-5-8-0-1,3* 6 3* 1 2,5,1.0,False,lesion>control
4319,8-5-8-5-2,3* 6 3* 6 3,5,1.0,False,lesion>control
4320,8-5-9-8-3,3* 6 4* 3* 4,5,1.0,False,lesion>control
4321,8-7-0-8-0,3* 2* 1 3* 1,5,1.0,False,control>lesion
4322,8-7-5-4-5,3* 2* 6 5 6,5,1.0,False,control>lesion
4323,8-7-5-8-0,3* 2* 6 3* 1,5,1.0,False,lesion>control
4324,8-7-8-4-5,3* 2* 3* 5 6,5,1.0,False,control>lesion
4325,8-8-7-8-1,3* 3* 2* 3* 2,5,1.0,False,control>lesion
4326,8-9-0-1-8,3* 4* 1 2 3*,5,1.0,False,control>lesion
4327,8-9-0-8-3,3* 4* 1 3* 4,5,1.0,False,lesion>control
4328,8-9-5-1-0,3* 4* 6 2 1,5,1.0,False,control>lesion
4329,8-9-5-8-0,3* 4* 6 3* 1,5,1.0,False,control>lesion
4330,8-9-8-0-2,3* 4* 3* 1 3,5,1.0,False,lesion>control
4331,9-1-8-9-4,4* 2 3* 4* 5,5,1.0,False,lesion>control
4332,9-3-8-3-4,4* 4 3* 4 5,5,1.0,False,lesion>control
4333,9-5-8-7-3,4* 6 3* 2* 4,5,1.0,False,lesion>control
4334,9-8-0-2-3,4* 3* 1 3 4,5,1.0,False,lesion>control
4335,9-8-3-0-1,4* 3* 4 1 2,5,1.0,False,control>lesion
4336,9-8-3-1-0,4* 3* 4 2 1,5,1.0,False,control>lesion
4337,9-8-7-3-1,4* 3* 2* 4 2,5,1.0,False,lesion>control
4338,0-1-0-1-5-4,1 2 1 2 6 5,6,1.0,False,control>lesion
4339,0-1-0-5-4-8,1 2 1 6 5 3*,6,1.0,False,control>lesion
4340,0-1-0-5-8-1,1 2 1 6 3* 2,6,1.0,False,lesion>control
4341,0-1-0-8-1-3,1 2 1 3* 2 4,6,1.0,False,lesion>control
4342,0-1-0-8-1-8,1 2 1 3* 2 3*,6,1.0,False,lesion>control
4343,0-1-0-8-9-8,1 2 1 3* 4* 3*,6,1.0,False,lesion>control
4344,0-1-3-4-5-0,1 2 4 5 6 1,6,1.0,False,control>lesion
4345,0-1-8-0-1-3,1 2 3* 1 2 4,6,1.0,False,lesion>control
4346,0-1-8-1-3-4,1 2 3* 2 4 5,6,1.0,False,lesion>control
4347,0-1-8-4-5-8,1 2 3* 5 6 3*,6,1.0,False,control>lesion
4348,0-1-8-9-1-0,1 2 3* 4* 2 1,6,1.0,False,control>lesion
4349,0-1-8-9-1-3,1 2 3* 4* 2 4,6,1.0,False,lesion>control
4350,0-1-8-9-5-0,1 2 3* 4* 6 1,6,1.0,False,lesion>control
4351,0-3-4-5-3-8,1 4 5 6 4 3*,6,1.0,False,lesion>control
4352,0-3-4-5-8-7,1 4 5 6 3* 2*,6,1.0,False,lesion>control
4353,0-3-5-0-5-0,1 4 6 1 6 1,6,1.0,False,lesion>control
4354,0-3-5-3-5-0,1 4 6 4 6 1,6,1.0,False,control>lesion
4355,0-3-5-4-3-1,1 4 6 5 4 2,6,1.0,False,lesion>control
4356,0-3-8-1-0-3,1 4 3* 2 1 4,6,1.0,False,lesion>control
4357,0-3-8-7-5-4,1 4 3* 2* 6 5,6,1.0,False,lesion>control
4358,0-4-0-5-0-3,1 5 1 6 1 4,6,1.0,False,control>lesion
4359,0-4-8-1-0-3,1 5 3* 2 1 4,6,1.0,False,lesion>control
4360,0-4-8-1-3-8,1 5 3* 2 4 3*,6,1.0,False,lesion>control
4361,0-4-8-1-8-1,1 5 3* 2 3* 2,6,1.0,False,lesion>control
4362,0-5-0-3-5-0,1 6 1 4 6 1,6,1.0,False,lesion>control
4363,0-5-0-5-8-5,1 6 1 6 3* 6,6,1.0,False,lesion>control
4364,0-5-1-0-5-0,1 6 2 1 6 1,6,1.0,False,lesion>control
4365,0-5-4-3-8-3,1 6 5 4 3* 4,6,1.0,False,control>lesion
4366,0-5-8-1-8-1,1 6 3* 2 3* 2,6,1.0,False,lesion>control
4367,0-8-1-0-3-5,1 3* 2 1 4 6,6,1.0,False,control>lesion
4368,0-8-1-0-5-8,1 3* 2 1 6 3*,6,1.0,False,lesion>control
4369,0-8-1-8-9-4,1 3* 2 3* 4* 5,6,1.0,False,control>lesion
4370,0-8-3-4-5-4,1 3* 4 5 6 5,6,1.0,False,control>lesion
4371,0-8-7-0-1-8,1 3* 2* 1 2 3*,6,1.0,False,control>lesion
4372,0-8-7-0-8-9,1 3* 2* 1 3* 4*,6,1.0,False,lesion>control
4373,0-8-9-8-3-5,1 3* 4* 3* 4 6,6,1.0,False,control>lesion
4374,0-9-8-7-8-1,1 4* 3* 2* 3* 2,6,1.0,False,lesion>control
4375,1-0-1-3-4-3,2 1 2 4 5 4,6,1.0,False,lesion>control
4376,1-0-1-3-5-3,2 1 2 4 6 4,6,1.0,False,control>lesion
4377,1-0-1-8-1-3,2 1 2 3* 2 4,6,1.0,False,control>lesion
4378,1-0-3-4-5-4,2 1 4 5 6 5,6,1.0,False,lesion>control
4379,1-0-4-5-1-0,2 1 5 6 2 1,6,1.0,False,lesion>control
4380,1-0-4-5-8-1,2 1 5 6 3* 2,6,1.0,False,lesion>control
4381,1-0-4-8-1-8,2 1 5 3* 2 3*,6,1.0,False,lesion>control
4382,1-0-5-4-5-4,2 1 6 5 6 5,6,1.0,False,control>lesion
4383,1-0-5-8-1-3,2 1 6 3* 2 4,6,1.0,False,lesion>control
4384,1-0-8-1-5-3,2 1 3* 2 6 4,6,1.0,False,lesion>control
4385,1-0-8-9-1-8,2 1 3* 4* 2 3*,6,1.0,False,lesion>control
4386,1-0-8-9-4-8,2 1 3* 4* 5 3*,6,1.0,False,lesion>control
4387,1-3-0-3-8-7,2 4 1 4 3* 2*,6,1.0,False,lesion>control
4388,1-3-4-5-8-3,2 4 5 6 3* 4,6,1.0,False,lesion>control
4389,1-3-4-8-7-0,2 4 5 3* 2* 1,6,1.0,False,control>lesion
4390,1-3-5-8-7-8,2 4 6 3* 2* 3*,6,1.0,False,control>lesion
4391,1-3-8-0-3-8,2 4 3* 1 4 3*,6,1.0,False,lesion>control
4392,1-3-8-1-4-8,2 4 3* 2 5 3*,6,1.0,False,lesion>control
4393,1-3-8-3-4-3,2 4 3* 4 5 4,6,1.0,False,control>lesion
4394,1-3-8-3-4-8,2 4 3* 4 5 3*,6,1.0,False,lesion>control
4395,1-3-8-7-0-4,2 4 3* 2* 1 5,6,1.0,False,lesion>control
4396,1-5-3-8-7-0,2 6 4 3* 2* 1,6,1.0,False,control>lesion
4397,1-5-4-3-8-7,2 6 5 4 3* 2*,6,1.0,False,lesion>control
4398,1-5-8-1-0-1,2 6 3* 2 1 2,6,1.0,False,lesion>control
4399,1-5-8-1-4-8,2 6 3* 2 5 3*,6,1.0,False,lesion>control
4400,1-8-1-4-3-8,2 3* 2 5 4 3*,6,1.0,False,lesion>control
4401,1-8-1-8-5-2,2 3* 2 3* 6 3,6,1.0,False,lesion>control
4402,1-8-4-3-8-7,2 3* 5 4 3* 2*,6,1.0,False,lesion>control
4403,1-8-5-3-8-7,2 3* 6 4 3* 2*,6,1.0,False,lesion>control
4404,1-8-5-8-1-8,2 3* 6 3* 2 3*,6,1.0,False,lesion>control
4405,1-8-5-9-8-7,2 3* 6 4* 3* 2*,6,1.0,False,control>lesion
4406,1-8-9-1-0-1,2 3* 4* 2 1 2,6,1.0,False,control>lesion
4407,1-8-9-5-0-1,2 3* 4* 6 1 2,6,1.0,False,lesion>control
4408,1-8-9-8-3-0,2 3* 4* 3* 4 1,6,1.0,False,lesion>control
4409,1-8-9-8-4-8,2 3* 4* 3* 5 3*,6,1.0,False,lesion>control
4410,2-1-0-3-8-7,3 2 1 4 3* 2*,6,1.0,False,lesion>control
4411,2-3-8-7-8-1,3 4 3* 2* 3* 2,6,1.0,False,lesion>control
4412,3-0-1-8-9-5,4 1 2 3* 4* 6,6,1.0,False,control>lesion
4413,3-1-0-5-0-3,4 2 1 6 1 4,6,1.0,False,control>lesion
4414,3-1-0-5-1-0,4 2 1 6 2 1,6,1.0,False,lesion>control
4415,3-1-3-8-7-3,4 2 4 3* 2* 4,6,1.0,False,lesion>control
4416,3-1-8-1-0-1,4 2 3* 2 1 2,6,1.0,False,control>lesion
4417,3-1-8-1-8-1,4 2 3* 2 3* 2,6,1.0,False,lesion>control
4418,3-1-8-9-4-5,4 2 3* 4* 5 6,6,1.0,False,lesion>control
4419,3-2-1-0-3-8,4 3 2 1 4 3*,6,1.0,False,lesion>control
4420,3-2-3-2-7-8,4 3 4 3 2* 3*,6,1.0,False,lesion>control
4421,3-2-7-0-1-8,4 3 2* 1 2 3*,6,1.0,False,lesion>control
4422,3-4-0-3-8-3,4 5 1 4 3* 4,6,1.0,False,lesion>control
4423,3-4-3-8-3-4,4 5 4 3* 4 5,6,1.0,False,lesion>control
4424,3-4-3-8-7-3,4 5 4 3* 2* 4,6,1.0,False,control>lesion
4425,3-4-5-0-1-8,4 5 6 1 2 3*,6,1.0,False,lesion>control
4426,3-4-5-0-3-5,4 5 6 1 4 6,6,1.0,False,control>lesion
4427,3-4-5-0-8-3,4 5 6 1 3* 4,6,1.0,False,lesion>control
4428,3-5-0-1-8-9,4 6 1 2 3* 4*,6,1.0,False,control>lesion
4429,3-5-0-5-0-3,4 6 1 6 1 4,6,1.0,False,lesion>control
4430,3-5-4-3-1-0,4 6 5 4 2 1,6,1.0,False,control>lesion
4431,3-5-4-5-4-5,4 6 5 6 5 6,6,1.0,False,lesion>control
4432,3-5-8-3-4-5,4 6 3* 4 5 6,6,1.0,False,lesion>control
4433,3-8-3-0-1-8,4 3* 4 1 2 3*,6,1.0,False,lesion>control
4434,3-8-3-1-0-3,4 3* 4 2 1 4,6,1.0,False,lesion>control
4435,3-8-3-3-8-3,4 3* 4 4 3* 4,6,1.0,False,lesion>control
4436,3-8-3-8-0-3,4 3* 4 3* 1 4,6,1.0,False,lesion>control
4437,3-8-3-8-0-8,4 3* 4 3* 1 3*,6,1.0,False,lesion>control
4438,3-8-3-8-7-4,4 3* 4 3* 2* 5,6,1.0,False,lesion>control
4439,3-8-3-8-8-7,4 3* 4 3* 3* 2*,6,1.0,False,control>lesion
4440,3-8-4-3-8-3,4 3* 5 4 3* 4,6,1.0,False,lesion>control
4441,3-8-4-8-7-8,4 3* 5 3* 2* 3*,6,1.0,False,control>lesion
4442,3-8-5-3-8-0,4 3* 6 4 3* 1,6,1.0,False,lesion>control
4443,3-8-7-0-8-4,4 3* 2* 1 3* 5,6,1.0,False,control>lesion
4444,3-8-7-5-4-8,4 3* 2* 6 5 3*,6,1.0,False,lesion>control
4445,3-8-7-5-8-9,4 3* 2* 6 3* 4*,6,1.0,False,lesion>control
4446,3-8-7-8-1-4,4 3* 2* 3* 2 5,6,1.0,False,lesion>control
4447,4-1-0-1-8-9,5 2 1 2 3* 4*,6,1.0,False,lesion>control
4448,4-3-4-8-7-0,5 4 5 3* 2* 1,6,1.0,False,control>lesion
4449,4-3-8-1-0-3,5 4 3* 2 1 4,6,1.0,False,lesion>control
4450,4-3-8-3-4-3,5 4 3* 4 5 4,6,1.0,False,lesion>control
4451,4-3-8-5-4-3,5 4 3* 6 5 4,6,1.0,False,control>lesion
4452,4-3-8-7-3-5,5 4 3* 2* 4 6,6,1.0,False,control>lesion
4453,4-5-0-3-8-3,5 6 1 4 3* 4,6,1.0,False,lesion>control
4454,4-5-0-8-3-4,5 6 1 3* 4 5,6,1.0,False,lesion>control
4455,4-5-3-8-3-4,5 6 4 3* 4 5,6,1.0,False,lesion>control
4456,4-5-4-1-0-8,5 6 5 2 1 3*,6,1.0,False,lesion>control
4457,4-5-4-3-0-8,5 6 5 4 1 3*,6,1.0,False,control>lesion
4458,4-5-4-5-4-8,5 6 5 6 5 3*,6,1.0,False,lesion>control
4459,4-8-0-1-0-1,5 3* 1 2 1 2,6,1.0,False,control>lesion
4460,4-8-0-1-8-9,5 3* 1 2 3* 4*,6,1.0,False,control>lesion
4461,4-8-0-8-3-8,5 3* 1 3* 4 3*,6,1.0,False,control>lesion
4462,4-8-1-4-8-1,5 3* 2 5 3* 2,6,1.0,False,lesion>control
4463,4-8-1-5-3-8,5 3* 2 6 4 3*,6,1.0,False,lesion>control
4464,4-8-1-5-8-1,5 3* 2 6 3* 2,6,1.0,False,lesion>control
4465,4-8-3-4-5-4,5 3* 4 5 6 5,6,1.0,False,lesion>control
4466,4-8-3-4-8-7,5 3* 4 5 3* 2*,6,1.0,False,lesion>control
4467,4-8-3-8-3-4,5 3* 4 3* 4 5,6,1.0,False,lesion>control
4468,4-8-9-8-7-0,5 3* 4* 3* 2* 1,6,1.0,False,control>lesion
4469,5-0-3-5-0-3,6 1 4 6 1 4,6,1.0,False,lesion>control
4470,5-0-3-8-3-8,6 1 4 3* 4 3*,6,1.0,False,lesion>control
4471,5-0-3-8-7-0,6 1 4 3* 2* 1,6,1.0,False,lesion>control
4472,5-0-4-5-0-3,6 1 5 6 1 4,6,1.0,False,lesion>control
4473,5-0-5-0-3-0,6 1 6 1 4 1,6,1.0,False,control>lesion
4474,5-0-5-1-0-5,6 1 6 2 1 6,6,1.0,False,lesion>control
4475,5-1-0-8-1-0,6 2 1 3* 2 1,6,1.0,False,control>lesion
4476,5-3-0-5-0-5,6 4 1 6 1 6,6,1.0,False,lesion>control
4477,5-3-1-0-8-1,6 4 2 1 3* 2,6,1.0,False,control>lesion
4478,5-3-8-3-4-5,6 4 3* 4 5 6,6,1.0,False,lesion>control
4479,5-3-8-7-0-4,6 4 3* 2* 1 5,6,1.0,False,lesion>control
4480,5-3-8-7-8-7,6 4 3* 2* 3* 2*,6,1.0,False,lesion>control
4481,5-4-1-0-1-8,6 5 2 1 2 3*,6,1.0,False,control>lesion
4482,5-4-1-0-8-9,6 5 2 1 3* 4*,6,1.0,False,lesion>control
4483,5-4-3-4-3-8,6 5 4 5 4 3*,6,1.0,False,control>lesion
4484,5-4-3-8-1-0,6 5 4 3* 2 1,6,1.0,False,lesion>control
4485,5-4-3-8-3-5,6 5 4 3* 4 6,6,1.0,False,lesion>control
4486,5-4-5-4-5-8,6 5 6 5 6 3*,6,1.0,False,lesion>control
4487,5-4-8-1-3-8,6 5 3* 2 4 3*,6,1.0,False,lesion>control
4488,5-4-8-3-4-3,6 5 3* 4 5 4,6,1.0,False,control>lesion
4489,5-4-8-7-3-4,6 5 3* 2* 4 5,6,1.0,False,control>lesion
4490,5-8-0-1-3-8,6 3* 1 2 4 3*,6,1.0,False,lesion>control
4491,5-8-0-3-1-0,6 3* 1 4 2 1,6,1.0,False,control>lesion
4492,5-8-0-3-5-8,6 3* 1 4 6 3*,6,1.0,False,control>lesion
4493,5-8-1-0-3-8,6 3* 2 1 4 3*,6,1.0,False,lesion>control
4494,5-8-1-3-8-0,6 3* 2 4 3* 1,6,1.0,False,lesion>control
4495,5-8-1-8-0-1,6 3* 2 3* 1 2,6,1.0,False,lesion>control
4496,5-8-7-3-4-5,6 3* 2* 4 5 6,6,1.0,False,lesion>control
4497,7-0-1-3-1-0,2* 1 2 4 2 1,6,1.0,False,control>lesion
4498,7-0-1-3-4-8,2* 1 2 4 5 3*,6,1.0,False,control>lesion
4499,7-0-3-1-0-8,2* 1 4 2 1 3*,6,1.0,False,lesion>control
4500,7-0-3-5-4-8,2* 1 4 6 5 3*,6,1.0,False,control>lesion
4501,7-0-3-8-7-4,2* 1 4 3* 2* 5,6,1.0,False,lesion>control
4502,7-0-8-9-5-4,2* 1 3* 4* 6 5,6,1.0,False,control>lesion
4503,7-3-4-5-8-7,2* 4 5 6 3* 2*,6,1.0,False,lesion>control
4504,7-3-4-8-3-8,2* 4 5 3* 4 3*,6,1.0,False,lesion>control
4505,7-3-8-0-1-8,2* 4 3* 1 2 3*,6,1.0,False,control>lesion
4506,7-3-8-4-8-7,2* 4 3* 5 3* 2*,6,1.0,False,lesion>control
4507,7-3-8-7-4-3,2* 4 3* 2* 5 4,6,1.0,False,lesion>control
4508,7-3-8-7-5-4,2* 4 3* 2* 6 5,6,1.0,False,lesion>control
4509,7-4-8-1-8-1,2* 5 3* 2 3* 2,6,1.0,False,lesion>control
4510,7-5-8-1-4-8,2* 6 3* 2 5 3*,6,1.0,False,lesion>control
4511,7-8-0-1-8-1,2* 3* 1 2 3* 2,6,1.0,False,control>lesion
4512,7-8-1-0-5-8,2* 3* 2 1 6 3*,6,1.0,False,lesion>control
4513,7-8-1-4-8-1,2* 3* 2 5 3* 2,6,1.0,False,lesion>control
4514,7-8-1-8-1-4,2* 3* 2 3* 2 5,6,1.0,False,lesion>control
4515,7-8-5-8-9-8,2* 3* 6 3* 4* 3*,6,1.0,False,lesion>control
4516,7-8-7-0-3-8,2* 3* 2* 1 4 3*,6,1.0,False,lesion>control
4517,7-8-7-0-8-1,2* 3* 2* 1 3* 2,6,1.0,False,lesion>control
4518,7-8-7-0-8-9,2* 3* 2* 1 3* 4*,6,1.0,False,lesion>control
4519,7-8-9-1-0-1,2* 3* 4* 2 1 2,6,1.0,False,lesion>control
4520,7-8-9-4-3-4,2* 3* 4* 5 4 5,6,1.0,False,control>lesion
4521,7-8-9-5-4-8,2* 3* 4* 6 5 3*,6,1.0,False,control>lesion
4522,7-8-9-5-8-3,2* 3* 4* 6 3* 4,6,1.0,False,control>lesion
4523,7-8-9-8-4-8,2* 3* 4* 3* 5 3*,6,1.0,False,lesion>control
4524,7-8-9-8-5-8,2* 3* 4* 3* 6 3*,6,1.0,False,lesion>control
4525,7-8-9-8-9-4,2* 3* 4* 3* 4* 5,6,1.0,False,lesion>control
4526,8-0-1-8-1-3,3* 1 2 3* 2 4,6,1.0,False,lesion>control
4527,8-0-3-8-3-8,3* 1 4 3* 4 3*,6,1.0,False,lesion>control
4528,8-0-8-7-0-8,3* 1 3* 2* 1 3*,6,1.0,False,lesion>control
4529,8-0-9-8-7-8,3* 1 4* 3* 2* 3*,6,1.0,False,lesion>control
4530,8-1-0-1-0-5,3* 2 1 2 1 6,6,1.0,False,lesion>control
4531,8-1-0-3-4-5,3* 2 1 4 5 6,6,1.0,False,lesion>control
4532,8-1-0-5-4-3,3* 2 1 6 5 4,6,1.0,False,lesion>control
4533,8-1-3-8-0-3,3* 2 4 3* 1 4,6,1.0,False,lesion>control
4534,8-1-3-8-1-4,3* 2 4 3* 2 5,6,1.0,False,lesion>control
4535,8-1-5-4-3-8,3* 2 6 5 4 3*,6,1.0,False,lesion>control
4536,8-1-8-1-4-3,3* 2 3* 2 5 4,6,1.0,False,lesion>control
4537,8-1-8-4-2-1,3* 2 3* 5 3 2,6,1.0,False,lesion>control
4538,8-1-8-5-3-8,3* 2 3* 6 4 3*,6,1.0,False,lesion>control
4539,8-1-8-7-0-3,3* 2 3* 2* 1 4,6,1.0,False,lesion>control
4540,8-1-8-9-3-4,3* 2 3* 4* 4 5,6,1.0,False,control>lesion
4541,8-3-2-1-0-3,3* 4 3 2 1 4,6,1.0,False,lesion>control
4542,8-3-4-5-4-1,3* 4 5 6 5 2,6,1.0,False,lesion>control
4543,8-3-4-5-4-5,3* 4 5 6 5 6,6,1.0,False,lesion>control
4544,8-3-5-8-7-0,3* 4 6 3* 2* 1,6,1.0,False,lesion>control
4545,8-3-8-0-8-7,3* 4 3* 1 3* 2*,6,1.0,False,lesion>control
4546,8-3-8-5-2-7,3* 4 3* 6 3 2*,6,1.0,False,lesion>control
4547,8-3-8-5-4-3,3* 4 3* 6 5 4,6,1.0,False,control>lesion
4548,8-3-8-5-4-8,3* 4 3* 6 5 3*,6,1.0,False,lesion>control
4549,8-3-8-5-8-7,3* 4 3* 6 3* 2*,6,1.0,False,lesion>control
4550,8-3-8-8-7-8,3* 4 3* 3* 2* 3*,6,1.0,False,control>lesion
4551,8-4-8-3-8-7,3* 5 3* 4 3* 2*,6,1.0,False,lesion>control
4552,8-4-8-9-8-3,3* 5 3* 4* 3* 4,6,1.0,False,lesion>control
4553,8-5-2-1-3-8,3* 6 3 2 4 3*,6,1.0,False,lesion>control
4554,8-5-2-1-8-1,3* 6 3 2 3* 2,6,1.0,False,lesion>control
4555,8-5-4-1-0-8,3* 6 5 2 1 3*,6,1.0,False,lesion>control
4556,8-5-8-1-8-1,3* 6 3* 2 3* 2,6,1.0,False,lesion>control
4557,8-5-8-1-8-9,3* 6 3* 2 3* 4*,6,1.0,False,lesion>control
4558,8-5-8-3-8-7,3* 6 3* 4 3* 2*,6,1.0,False,lesion>control
4559,8-5-8-9-8-3,3* 6 3* 4* 3* 4,6,1.0,False,lesion>control
4560,8-5-9-8-3-8,3* 6 4* 3* 4 3*,6,1.0,False,lesion>control
4561,8-7-0-1-5-8,3* 2* 1 2 6 3*,6,1.0,False,control>lesion
4562,8-7-0-1-8-5,3* 2* 1 2 3* 6,6,1.0,False,control>lesion
4563,8-7-0-8-9-3,3* 2* 1 3* 4* 4,6,1.0,False,lesion>control
4564,8-7-3-1-3-1,3* 2* 4 2 4 2,6,1.0,False,lesion>control
4565,8-7-3-4-3-8,3* 2* 4 5 4 3*,6,1.0,False,control>lesion
4566,8-7-3-4-5-4,3* 2* 4 5 6 5,6,1.0,False,control>lesion
4567,8-7-3-4-5-8,3* 2* 4 5 6 3*,6,1.0,False,lesion>control
4568,8-7-3-4-8-3,3* 2* 4 5 3* 4,6,1.0,False,lesion>control
4569,8-7-3-5-4-8,3* 2* 4 6 5 3*,6,1.0,False,control>lesion
4570,8-7-3-5-8-7,3* 2* 4 6 3* 2*,6,1.0,False,lesion>control
4571,8-7-3-8-0-1,3* 2* 4 3* 1 2,6,1.0,False,control>lesion
4572,8-7-3-8-3-4,3* 2* 4 3* 4 5,6,1.0,False,lesion>control
4573,8-7-4-8-1-0,3* 2* 5 3* 2 1,6,1.0,False,lesion>control
4574,8-7-4-8-1-3,3* 2* 5 3* 2 4,6,1.0,False,lesion>control
4575,8-7-5-4-8-1,3* 2* 6 5 3* 2,6,1.0,False,control>lesion
4576,8-7-8-1-5-3,3* 2* 3* 2 6 4,6,1.0,False,control>lesion
4577,8-7-8-4-2-1,3* 2* 3* 5 3 2,6,1.0,False,lesion>control
4578,8-7-8-5-2-9,3* 2* 3* 6 3 4*,6,1.0,False,lesion>control
4579,8-7-8-5-9-8,3* 2* 3* 6 4* 3*,6,1.0,False,control>lesion
4580,8-7-8-7-0-3,3* 2* 3* 2* 1 4,6,1.0,False,lesion>control
4581,8-7-8-9-1-3,3* 2* 3* 4* 2 4,6,1.0,False,lesion>control
4582,8-8-7-0-1-8,3* 3* 2* 1 2 3*,6,1.0,False,control>lesion
4583,8-8-7-8-1-8,3* 3* 2* 3* 2 3*,6,1.0,False,control>lesion
4584,8-9-1-3-8-3,3* 4* 2 4 3* 4,6,1.0,False,lesion>control
4585,8-9-1-8-9-4,3* 4* 2 3* 4* 5,6,1.0,False,lesion>control
4586,8-9-3-8-3-4,3* 4* 4 3* 4 5,6,1.0,False,lesion>control
4587,8-9-5-8-7-3,3* 4* 6 3* 2* 4,6,1.0,False,lesion>control
4588,8-9-8-0-2-3,3* 4* 3* 1 3 4,6,1.0,False,lesion>control
4589,8-9-8-3-0-1,3* 4* 3* 4 1 2,6,1.0,False,control>lesion
4590,8-9-8-3-1-0,3* 4* 3* 4 2 1,6,1.0,False,control>lesion
4591,8-9-8-7-3-1,3* 4* 3* 2* 4 2,6,1.0,False,lesion>control
4592,9-3-8-3-8-7,4* 4 3* 4 3* 2*,6,1.0,False,control>lesion
4593,9-4-3-4-3-8,4* 5 4 5 4 3*,6,1.0,False,control>lesion
4594,9-4-8-3-4-5,4* 5 3* 4 5 6,6,1.0,False,lesion>control
4595,9-5-0-1-8-9,4* 6 1 2 3* 4*,6,1.0,False,lesion>control
4596,9-8-0-1-8-1,4* 3* 1 2 3* 2,6,1.0,False,lesion>control
4597,9-8-0-2-3-8,4* 3* 1 3 4 3*,6,1.0,False,lesion>control
4598,9-8-3-4-5-3,4* 3* 4 5 6 4,6,1.0,False,lesion>control
4599,9-8-3-4-5-8,4* 3* 4 5 6 3*,6,1.0,False,lesion>control
4600,9-8-3-8-0-1,4* 3* 4 3* 1 2,6,1.0,False,lesion>control
4601,9-8-4-3-8-7,4* 3* 5 4 3* 2*,6,1.0,False,lesion>control
4602,9-8-7-3-1-3,4* 3* 2* 4 2 4,6,1.0,False,lesion>control
4603,9-8-7-3-4-8,4* 3* 2* 4 5 3*,6,1.0,False,lesion>control
4604,9-8-7-3-5-3,4* 3* 2* 4 6 4,6,1.0,False,control>lesion
4605,9-8-7-3-8-5,4* 3* 2* 4 3* 6,6,1.0,False,lesion>control
4606,9-8-7-4-8-9,4* 3* 2* 5 3* 4*,6,1.0,False,lesion>control
4607,9-8-7-8-4-3,4* 3* 2* 3* 5 4,6,1.0,False,lesion>control
4608,9-8-7-8-5-3,4* 3* 2* 3* 6 4,6,1.0,False,control>lesion
4609,9-2,4* 3,2,1.0,False,lesion>control
4610,0-7-5,1 2* 6,3,1.0,False,lesion>control
4611,0-9-1,1 4* 2,3,1.0,False,lesion>control
4612,1-2-4,2 3 5,3,1.0,False,lesion>control
4613,2-0-1,3 1 2,3,1.0,False,control>lesion
4614,2-0-4,3 1 5,3,1.0,False,lesion>control
4615,2-4-8,3 5 3*,3,1.0,False,lesion>control
4616,2-5-7,3 6 2*,3,1.0,False,lesion>control
4617,2-7-4,3 2* 5,3,1.0,False,lesion>control
4618,3-3-4,4 4 5,3,1.0,False,lesion>control
4619,3-3-5,4 4 6,3,1.0,False,control>lesion
4620,4-3-2,5 4 3,3,1.0,False,lesion>control
4621,5-0-7,6 1 2*,3,1.0,False,lesion>control
4622,5-2-8,6 3 3*,3,1.0,False,lesion>control
4623,5-8-8,6 3* 3*,3,1.0,False,lesion>control
4624,5-9-4,6 4* 5,3,1.0,False,lesion>control
4625,7-4-0,2* 5 1,3,1.0,False,lesion>control
4626,8-3-7,3* 4 2*,3,1.0,False,lesion>control
4627,9-0-4,4* 1 5,3,1.0,False,lesion>control
4628,0-1-4-0,1 2 5 1,4,1.0,False,lesion>control
4629,0-2-7-0,1 3 2* 1,4,1.0,False,control>lesion
4630,0-2-7-8,1 3 2* 3*,4,1.0,False,control>lesion
4631,0-3-1-4,1 4 2 5,4,1.0,False,lesion>control
4632,0-3-2-7,1 4 3 2*,4,1.0,False,lesion>control
4633,0-5-2-5,1 6 3 6,4,1.0,False,lesion>control
4634,0-8-0-3,1 3* 1 4,4,1.0,False,lesion>control
4635,0-8-4-3,1 3* 5 4,4,1.0,False,control>lesion
4636,0-8-4-8,1 3* 5 3*,4,1.0,False,lesion>control
4637,0-8-5-1,1 3* 6 2,4,1.0,False,control>lesion
4638,0-8-5-3,1 3* 6 4,4,1.0,False,control>lesion
4639,1-0-2-3,2 1 3 4,4,1.0,False,control>lesion
4640,1-2-3-0,2 3 4 1,4,1.0,False,lesion>control
4641,1-4-0-5,2 5 1 6,4,1.0,False,lesion>control
4642,1-5-1-4,2 6 2 5,4,1.0,False,lesion>control
4643,1-5-3-0,2 6 4 1,4,1.0,False,lesion>control
4644,1-5-3-4,2 6 4 5,4,1.0,False,control>lesion
4645,1-8-0-3,2 3* 1 4,4,1.0,False,control>lesion
4646,1-8-0-4,2 3* 1 5,4,1.0,False,lesion>control
4647,1-9-8-7,2 4* 3* 2*,4,1.0,False,lesion>control
4648,2-0-2-5,3 1 3 6,4,1.0,False,control>lesion
4649,2-0-3-8,3 1 4 3*,4,1.0,False,lesion>control
4650,2-1-8-7,3 2 3* 2*,4,1.0,False,lesion>control
4651,2-3-2-5,3 4 3 6,4,1.0,False,lesion>control
4652,2-3-4-5,3 4 5 6,4,1.0,False,lesion>control
4653,2-4-3-8,3 5 4 3*,4,1.0,False,lesion>control
4654,2-5-0-2,3 6 1 3,4,1.0,False,lesion>control
4655,2-5-0-3,3 6 1 4,4,1.0,False,control>lesion
4656,2-5-2-0,3 6 3 1,4,1.0,False,lesion>control
4657,2-5-2-5,3 6 3 6,4,1.0,False,lesion>control
4658,2-5-4-8,3 6 5 3*,4,1.0,False,control>lesion
4659,2-7-4-8,3 2* 5 3*,4,1.0,False,lesion>control
4660,3-0-8-4,4 1 3* 5,4,1.0,False,control>lesion
4661,3-1-8-0,4 2 3* 1,4,1.0,False,lesion>control
4662,3-4-1-3,4 5 2 4,4,1.0,False,lesion>control
4663,3-4-3-5,4 5 4 6,4,1.0,False,control>lesion
4664,3-4-5-2,4 5 6 3,4,1.0,False,lesion>control
4665,3-5-2-0,4 6 3 1,4,1.0,False,lesion>control
4666,3-8-3-7,4 3* 4 2*,4,1.0,False,lesion>control
4667,3-8-9-1,4 3* 4* 2,4,1.0,False,control>lesion
4668,4-1-0-4,5 2 1 5,4,1.0,False,lesion>control
4669,4-1-3-1,5 2 4 2,4,1.0,False,lesion>control
4670,4-1-5-4,5 2 6 5,4,1.0,False,lesion>control
4671,4-2-1-3,5 3 2 4,4,1.0,False,control>lesion
4672,4-3-0-3,5 4 1 4,4,1.0,False,lesion>control
4673,4-8-0-7,5 3* 1 2*,4,1.0,False,control>lesion
4674,4-8-5-4,5 3* 6 5,4,1.0,False,control>lesion
4675,5-0-1-4,6 1 2 5,4,1.0,False,lesion>control
4676,5-0-2-1,6 1 3 2,4,1.0,False,lesion>control
4677,5-1-4-5,6 2 5 6,4,1.0,False,control>lesion
4678,5-1-5-3,6 2 6 4,4,1.0,False,lesion>control
4679,5-2-0-4,6 3 1 5,4,1.0,False,lesion>control
4680,5-2-0-8,6 3 1 3*,4,1.0,False,control>lesion
4681,5-2-3-0,6 3 4 1,4,1.0,False,control>lesion
4682,5-2-5-0,6 3 6 1,4,1.0,False,lesion>control
4683,5-2-7-3,6 3 2* 4,4,1.0,False,lesion>control
4684,5-3-2-1,6 4 3 2,4,1.0,False,control>lesion
4685,5-4-1-5,6 5 2 6,4,1.0,False,control>lesion
4686,5-4-8-8,6 5 3* 3*,4,1.0,False,control>lesion
4687,5-4-9-8,6 5 4* 3*,4,1.0,False,lesion>control
4688,5-8-1-2,6 3* 2 3,4,1.0,False,lesion>control
4689,5-8-5-1,6 3* 6 2,4,1.0,False,lesion>control
4690,5-8-7-5,6 3* 2* 6,4,1.0,False,lesion>control
4691,5-8-9-0,6 3* 4* 1,4,1.0,False,control>lesion
4692,7-0-5-0,2* 1 6 1,4,1.0,False,lesion>control
4693,7-0-5-1,2* 1 6 2,4,1.0,False,lesion>control
4694,7-0-8-5,2* 1 3* 6,4,1.0,False,control>lesion
4695,7-1-0-3,2* 2 1 4,4,1.0,False,lesion>control
4696,7-3-0-3,2* 4 1 4,4,1.0,False,lesion>control
4697,7-3-5-1,2* 4 6 2,4,1.0,False,control>lesion
4698,7-3-8-9,2* 4 3* 4*,4,1.0,False,lesion>control
4699,7-8-0-3,2* 3* 1 4,4,1.0,False,control>lesion
4700,7-8-5-1,2* 3* 6 2,4,1.0,False,control>lesion
4701,7-8-9-0,2* 3* 4* 1,4,1.0,False,lesion>control
4702,8-0-3-2,3* 1 4 3,4,1.0,False,lesion>control
4703,8-0-4-5,3* 1 5 6,4,1.0,False,lesion>control
4704,8-1-2-5,3* 2 3 6,4,1.0,False,lesion>control
4705,8-1-9-8,3* 2 4* 3*,4,1.0,False,lesion>control
4706,8-3-0-4,3* 4 1 5,4,1.0,False,control>lesion
4707,8-3-3-5,3* 4 4 6,4,1.0,False,control>lesion
4708,8-4-1-0,3* 5 2 1,4,1.0,False,lesion>control
4709,8-4-2-3,3* 5 3 4,4,1.0,False,control>lesion
4710,8-4-3-1,3* 5 4 2,4,1.0,False,control>lesion
4711,8-4-5-2,3* 5 6 3,4,1.0,False,lesion>control
4712,8-4-8-5,3* 5 3* 6,4,1.0,False,lesion>control
4713,8-5-0-7,3* 6 1 2*,4,1.0,False,lesion>control
4714,8-5-0-8,3* 6 1 3*,4,1.0,False,lesion>control
4715,8-5-1-3,3* 6 2 4,4,1.0,False,control>lesion
4716,8-5-1-5,3* 6 2 6,4,1.0,False,lesion>control
4717,8-5-2-4,3* 6 3 5,4,1.0,False,lesion>control
4718,8-5-4-9,3* 6 5 4*,4,1.0,False,lesion>control
4719,8-5-7-8,3* 6 2* 3*,4,1.0,False,lesion>control
4720,8-5-8-4,3* 6 3* 5,4,1.0,False,lesion>control
4721,8-7-3-0,3* 2* 4 1,4,1.0,False,control>lesion
4722,8-7-4-0,3* 2* 5 1,4,1.0,False,lesion>control
4723,8-7-4-5,3* 2* 5 6,4,1.0,False,lesion>control
4724,8-9-0-4,3* 4* 1 5,4,1.0,False,lesion>control
4725,8-9-1-5,3* 4* 2 6,4,1.0,False,lesion>control
4726,8-9-3-0,3* 4* 4 1,4,1.0,False,control>lesion
4727,8-9-4-0,3* 4* 5 1,4,1.0,False,lesion>control
4728,9-0-4-8,4* 1 5 3*,4,1.0,False,lesion>control
4729,9-1-8-5,4* 2 3* 6,4,1.0,False,control>lesion
4730,9-3-0-1,4* 4 1 2,4,1.0,False,lesion>control
4731,9-3-1-8,4* 4 2 3*,4,1.0,False,control>lesion
4732,9-8-0-3,4* 3* 1 4,4,1.0,False,control>lesion
4733,9-8-5-7,4* 3* 6 2*,4,1.0,False,lesion>control
4734,9-8-8-7,4* 3* 3* 2*,4,1.0,False,lesion>control
4735,0-1-0-3-5,1 2 1 4 6,5,1.0,False,control>lesion
4736,0-1-3-0-1,1 2 4 1 2,5,1.0,False,control>lesion
4737,0-1-3-1-4,1 2 4 2 5,5,1.0,False,lesion>control
4738,0-1-3-1-5,1 2 4 2 6,5,1.0,False,lesion>control
4739,0-1-4-5-3,1 2 5 6 4,5,1.0,False,control>lesion
4740,0-1-5-0-1,1 2 6 1 2,5,1.0,False,lesion>control
4741,0-1-5-0-5,1 2 6 1 6,5,1.0,False,control>lesion
4742,0-1-5-3-1,1 2 6 4 2,5,1.0,False,control>lesion
4743,0-2-1-8-5,1 3 2 3* 6,5,1.0,False,lesion>control
4744,0-2-5-0-3,1 3 6 1 4,5,1.0,False,control>lesion
4745,0-2-9-8-3,1 3 4* 3* 4,5,1.0,False,lesion>control
4746,0-3-0-1-5,1 4 1 2 6,5,1.0,False,lesion>control
4747,0-3-0-5-3,1 4 1 6 4,5,1.0,False,lesion>control
4748,0-3-0-8-7,1 4 1 3* 2*,5,1.0,False,lesion>control
4749,0-3-1-0-4,1 4 2 1 5,5,1.0,False,lesion>control
4750,0-3-1-5-8,1 4 2 6 3*,5,1.0,False,lesion>control
4751,0-3-4-8-3,1 4 5 3* 4,5,1.0,False,control>lesion
4752,0-3-5-0-1,1 4 6 1 2,5,1.0,False,lesion>control
4753,0-3-8-1-5,1 4 3* 2 6,5,1.0,False,lesion>control
4754,0-3-8-3-2,1 4 3* 4 3,5,1.0,False,lesion>control
4755,0-3-8-4-8,1 4 3* 5 3*,5,1.0,False,control>lesion
4756,0-4-1-0-4,1 5 2 1 5,5,1.0,False,lesion>control
4757,0-4-1-0-5,1 5 2 1 6,5,1.0,False,control>lesion
4758,0-4-3-8-1,1 5 4 3* 2,5,1.0,False,lesion>control
4759,0-4-5-0-8,1 5 6 1 3*,5,1.0,False,lesion>control
4760,0-4-5-3-5,1 5 6 4 6,5,1.0,False,lesion>control
4761,0-4-5-4-8,1 5 6 5 3*,5,1.0,False,control>lesion
4762,0-5-0-5-4,1 6 1 6 5,5,1.0,False,lesion>control
4763,0-5-1-0-4,1 6 2 1 5,5,1.0,False,lesion>control
4764,0-5-1-3-0,1 6 2 4 1,5,1.0,False,lesion>control
4765,0-5-1-5-0,1 6 2 6 1,5,1.0,False,lesion>control
4766,0-5-1-5-3,1 6 2 6 4,5,1.0,False,lesion>control
4767,0-5-3-1-3,1 6 4 2 4,5,1.0,False,lesion>control
4768,0-5-4-0-5,1 6 5 1 6,5,1.0,False,lesion>control
4769,0-5-4-8-3,1 6 5 3* 4,5,1.0,False,control>lesion
4770,0-5-8-3-0,1 6 3* 4 1,5,1.0,False,lesion>control
4771,0-5-8-5-0,1 6 3* 6 1,5,1.0,False,lesion>control
4772,0-5-8-5-8,1 6 3* 6 3*,5,1.0,False,lesion>control
4773,0-5-8-9-4,1 6 3* 4* 5,5,1.0,False,lesion>control
4774,0-7-3-5-8,1 2* 4 6 3*,5,1.0,False,lesion>control
4775,0-8-0-5-4,1 3* 1 6 5,5,1.0,False,control>lesion
4776,0-8-1-3-1,1 3* 2 4 2,5,1.0,False,lesion>control
4777,0-8-1-4-8,1 3* 2 5 3*,5,1.0,False,lesion>control
4778,0-8-3-0-5,1 3* 4 1 6,5,1.0,False,lesion>control
4779,0-8-3-4-3,1 3* 4 5 4,5,1.0,False,lesion>control
4780,0-8-3-8-5,1 3* 4 3* 6,5,1.0,False,lesion>control
4781,0-8-4-3-8,1 3* 5 4 3*,5,1.0,False,control>lesion
4782,0-8-4-5-3,1 3* 5 6 4,5,1.0,False,control>lesion
4783,0-8-5-4-1,1 3* 6 5 2,5,1.0,False,control>lesion
4784,0-8-9-3-8,1 3* 4* 4 3*,5,1.0,False,lesion>control
4785,0-8-9-5-8,1 3* 4* 6 3*,5,1.0,False,control>lesion
4786,1-0-1-0-3,2 1 2 1 4,5,1.0,False,lesion>control
4787,1-0-1-5-1,2 1 2 6 2,5,1.0,False,control>lesion
4788,1-0-1-8-0,2 1 2 3* 1,5,1.0,False,control>lesion
4789,1-0-3-4-3,2 1 4 5 4,5,1.0,False,lesion>control
4790,1-0-3-4-8,2 1 4 5 3*,5,1.0,False,control>lesion
4791,1-0-4-0-1,2 1 5 1 2,5,1.0,False,control>lesion
4792,1-0-4-1-0,2 1 5 2 1,5,1.0,False,lesion>control
4793,1-0-4-3-8,2 1 5 4 3*,5,1.0,False,lesion>control
4794,1-0-5-1-5,2 1 6 2 6,5,1.0,False,lesion>control
4795,1-0-8-0-1,2 1 3* 1 2,5,1.0,False,control>lesion
4796,1-2-1-2-9,2 3 2 3 4*,5,1.0,False,lesion>control
4797,1-3-0-1-0,2 4 1 2 1,5,1.0,False,control>lesion
4798,1-3-0-5-3,2 4 1 6 4,5,1.0,False,control>lesion
4799,1-3-0-5-8,2 4 1 6 3*,5,1.0,False,lesion>control
4800,1-3-1-0-3,2 4 2 1 4,5,1.0,False,control>lesion
4801,1-3-1-3-1,2 4 2 4 2,5,1.0,False,lesion>control
4802,1-3-1-3-4,2 4 2 4 5,5,1.0,False,lesion>control
4803,1-3-1-3-8,2 4 2 4 3*,5,1.0,False,control>lesion
4804,1-3-4-0-3,2 4 5 1 4,5,1.0,False,lesion>control
4805,1-3-4-0-5,2 4 5 1 6,5,1.0,False,control>lesion
4806,1-3-4-5-1,2 4 5 6 2,5,1.0,False,control>lesion
4807,1-3-5-0-8,2 4 6 1 3*,5,1.0,False,control>lesion
4808,1-3-5-1-8,2 4 6 2 3*,5,1.0,False,lesion>control
4809,1-3-5-3-1,2 4 6 4 2,5,1.0,False,control>lesion
4810,1-3-5-3-4,2 4 6 4 5,5,1.0,False,control>lesion
4811,1-3-8-5-0,2 4 3* 6 1,5,1.0,False,lesion>control
4812,1-4-5-4-3,2 5 6 5 4,5,1.0,False,lesion>control
4813,1-5-0-5-1,2 6 1 6 2,5,1.0,False,lesion>control
4814,1-5-1-0-1,2 6 2 1 2,5,1.0,False,lesion>control
4815,1-5-1-8-0,2 6 2 3* 1,5,1.0,False,control>lesion
4816,1-5-8-0-9,2 6 3* 1 4*,5,1.0,False,lesion>control
4817,1-5-8-5-1,2 6 3* 6 2,5,1.0,False,lesion>control
4818,1-8-0-2-0,2 3* 1 3 1,5,1.0,False,lesion>control
4819,1-8-0-2-9,2 3* 1 3 4*,5,1.0,False,lesion>control
4820,1-8-1-0-4,2 3* 2 1 5,5,1.0,False,lesion>control
4821,1-8-1-3-1,2 3* 2 4 2,5,1.0,False,lesion>control
4822,1-8-1-5-3,2 3* 2 6 4,5,1.0,False,control>lesion
4823,1-8-5-8-0,2 3* 6 3* 1,5,1.0,False,control>lesion
4824,1-8-7-0-8,2 3* 2* 1 3*,5,1.0,False,control>lesion
4825,1-8-9-0-1,2 3* 4* 1 2,5,1.0,False,lesion>control
4826,1-8-9-5-1,2 3* 4* 6 2,5,1.0,False,control>lesion
4827,2-1-8-5-2,3 2 3* 6 3,5,1.0,False,lesion>control
4828,2-7-4-8-1,3 2* 5 3* 2,5,1.0,False,lesion>control
4829,3-0-1-0-3,4 1 2 1 4,5,1.0,False,control>lesion
4830,3-0-1-0-8,4 1 2 1 3*,5,1.0,False,control>lesion
4831,3-0-1-3-1,4 1 2 4 2,5,1.0,False,control>lesion
4832,3-0-1-3-8,4 1 2 4 3*,5,1.0,False,lesion>control
4833,3-0-1-5-8,4 1 2 6 3*,5,1.0,False,control>lesion
4834,3-0-1-8-4,4 1 2 3* 5,5,1.0,False,control>lesion
4835,3-0-3-5-8,4 1 4 6 3*,5,1.0,False,lesion>control
4836,3-0-4-5-0,4 1 5 6 1,5,1.0,False,control>lesion
4837,3-0-5-1-0,4 1 6 2 1,5,1.0,False,control>lesion
4838,3-0-5-4-0,4 1 6 5 1,5,1.0,False,lesion>control
4839,3-0-5-4-5,4 1 6 5 6,5,1.0,False,control>lesion
4840,3-0-5-4-8,4 1 6 5 3*,5,1.0,False,control>lesion
4841,3-0-5-8-3,4 1 6 3* 4,5,1.0,False,lesion>control
4842,3-0-8-3-1,4 1 3* 4 2,5,1.0,False,lesion>control
4843,3-0-8-7-0,4 1 3* 2* 1,5,1.0,False,control>lesion
4844,3-0-8-7-5,4 1 3* 2* 6,5,1.0,False,lesion>control
4845,3-1-0-3-1,4 2 1 4 2,5,1.0,False,lesion>control
4846,3-1-0-8-4,4 2 1 3* 5,5,1.0,False,control>lesion
4847,3-1-3-4-5,4 2 4 5 6,5,1.0,False,control>lesion
4848,3-1-5-0-8,4 2 6 1 3*,5,1.0,False,lesion>control
4849,3-4-0-3-0,4 5 1 4 1,5,1.0,False,lesion>control
4850,3-4-1-0-8,4 5 2 1 3*,5,1.0,False,control>lesion
4851,3-4-1-8-1,4 5 2 3* 2,5,1.0,False,lesion>control
4852,3-4-3-4-3,4 5 4 5 4,5,1.0,False,lesion>control
4853,3-4-5-0-4,4 5 6 1 5,5,1.0,False,control>lesion
4854,3-4-5-4-0,4 5 6 5 1,5,1.0,False,control>lesion
4855,3-5-0-5-8,4 6 1 6 3*,5,1.0,False,control>lesion
4856,3-5-1-0-8,4 6 2 1 3*,5,1.0,False,lesion>control
4857,3-5-3-0-5,4 6 4 1 6,5,1.0,False,control>lesion
4858,3-5-3-1-8,4 6 4 2 3*,5,1.0,False,control>lesion
4859,3-5-3-4-5,4 6 4 5 6,5,1.0,False,control>lesion
4860,3-5-4-0-5,4 6 5 1 6,5,1.0,False,lesion>control
4861,3-5-8-0-2,4 6 3* 1 3,5,1.0,False,lesion>control
4862,3-5-8-4-8,4 6 3* 5 3*,5,1.0,False,lesion>control
4863,3-8-0-1-0,4 3* 1 2 1,5,1.0,False,control>lesion
4864,3-8-0-2-7,4 3* 1 3 2*,5,1.0,False,control>lesion
4865,3-8-0-5-3,4 3* 1 6 4,5,1.0,False,control>lesion
4866,3-8-0-7-3,4 3* 1 2* 4,5,1.0,False,lesion>control
4867,3-8-1-0-8,4 3* 2 1 3*,5,1.0,False,lesion>control
4868,3-8-1-5-4,4 3* 2 6 5,5,1.0,False,lesion>control
4869,3-8-3-0-3,4 3* 4 1 4,5,1.0,False,lesion>control
4870,3-8-3-0-5,4 3* 4 1 6,5,1.0,False,lesion>control
4871,3-8-3-2-5,4 3* 4 3 6,5,1.0,False,control>lesion
4872,3-8-3-5-1,4 3* 4 6 2,5,1.0,False,control>lesion
4873,3-8-7-3-0,4 3* 2* 4 1,5,1.0,False,control>lesion
4874,3-8-9-1-8,4 3* 4* 2 3*,5,1.0,False,control>lesion
4875,4-0-1-0-1,5 1 2 1 2,5,1.0,False,control>lesion
4876,4-0-1-0-5,5 1 2 1 6,5,1.0,False,control>lesion
4877,4-0-1-8-0,5 1 2 3* 1,5,1.0,False,control>lesion
4878,4-0-1-8-9,5 1 2 3* 4*,5,1.0,False,lesion>control
4879,4-0-3-0-3,5 1 4 1 4,5,1.0,False,control>lesion
4880,4-0-3-0-5,5 1 4 1 6,5,1.0,False,lesion>control
4881,4-0-3-5-4,5 1 4 6 5,5,1.0,False,lesion>control
4882,4-0-8-3-4,5 1 3* 4 5,5,1.0,False,control>lesion
4883,4-0-8-3-5,5 1 3* 4 6,5,1.0,False,control>lesion
4884,4-0-8-3-8,5 1 3* 4 3*,5,1.0,False,control>lesion
4885,4-0-8-9-8,5 1 3* 4* 3*,5,1.0,False,control>lesion
4886,4-1-0-3-8,5 2 1 4 3*,5,1.0,False,lesion>control
4887,4-1-3-8-3,5 2 4 3* 4,5,1.0,False,control>lesion
4888,4-2-1-3-8,5 3 2 4 3*,5,1.0,False,control>lesion
4889,4-2-9-8-7,5 3 4* 3* 2*,5,1.0,False,lesion>control
4890,4-3-4-3-4,5 4 5 4 5,5,1.0,False,control>lesion
4891,4-3-4-5-8,5 4 5 6 3*,5,1.0,False,control>lesion
4892,4-3-8-4-3,5 4 3* 5 4,5,1.0,False,lesion>control
4893,4-5-0-5-8,5 6 1 6 3*,5,1.0,False,lesion>control
4894,4-5-1-8-1,5 6 2 3* 2,5,1.0,False,control>lesion
4895,4-5-4-8-8,5 6 5 3* 3*,5,1.0,False,control>lesion
4896,4-5-8-3-5,5 6 3* 4 6,5,1.0,False,lesion>control
4897,4-8-0-3-5,5 3* 1 4 6,5,1.0,False,lesion>control
4898,4-8-0-5-4,5 3* 1 6 5,5,1.0,False,lesion>control
4899,4-8-0-7-8,5 3* 1 2* 3*,5,1.0,False,control>lesion
4900,4-8-1-5-4,5 3* 2 6 5,5,1.0,False,lesion>control
4901,4-8-3-5-4,5 3* 4 6 5,5,1.0,False,control>lesion
4902,4-8-7-0-4,5 3* 2* 1 5,5,1.0,False,control>lesion
4903,4-8-9-4-3,5 3* 4* 5 4,5,1.0,False,control>lesion
4904,5-0-1-0-8,6 1 2 1 3*,5,1.0,False,lesion>control
4905,5-0-1-5-4,6 1 2 6 5,5,1.0,False,lesion>control
4906,5-0-1-5-8,6 1 2 6 3*,5,1.0,False,control>lesion
4907,5-0-1-8-4,6 1 2 3* 5,5,1.0,False,lesion>control
4908,5-0-3-0-1,6 1 4 1 2,5,1.0,False,lesion>control
4909,5-0-3-1-5,6 1 4 2 6,5,1.0,False,lesion>control
4910,5-0-3-8-0,6 1 4 3* 1,5,1.0,False,control>lesion
4911,5-0-5-4-5,6 1 6 5 6,5,1.0,False,lesion>control
4912,5-0-5-8-3,6 1 6 3* 4,5,1.0,False,lesion>control
4913,5-0-8-1-3,6 1 3* 2 4,5,1.0,False,lesion>control
4914,5-0-8-7-3,6 1 3* 2* 4,5,1.0,False,control>lesion
4915,5-1-0-4-5,6 2 1 5 6,5,1.0,False,lesion>control
4916,5-1-0-5-4,6 2 1 6 5,5,1.0,False,lesion>control
4917,5-1-3-4-5,6 2 4 5 6,5,1.0,False,lesion>control
4918,5-1-5-1-0,6 2 6 2 1,5,1.0,False,control>lesion
4919,5-1-5-8-9,6 2 6 3* 4*,5,1.0,False,lesion>control
4920,5-1-8-1-0,6 2 3* 2 1,5,1.0,False,control>lesion
4921,5-1-8-9-4,6 2 3* 4* 5,5,1.0,False,lesion>control
4922,5-2-1-0-3,6 3 2 1 4,5,1.0,False,lesion>control
4923,5-2-5-2-5,6 3 6 3 6,5,1.0,False,lesion>control
4924,5-3-0-1-4,6 4 1 2 5,5,1.0,False,control>lesion
4925,5-3-0-8-3,6 4 1 3* 4,5,1.0,False,control>lesion
4926,5-3-4-5-4,6 4 5 6 5,5,1.0,False,lesion>control
4927,5-3-5-4-5,6 4 6 5 6,5,1.0,False,lesion>control
4928,5-3-8-0-3,6 4 3* 1 4,5,1.0,False,control>lesion
4929,5-3-8-0-8,6 4 3* 1 3*,5,1.0,False,lesion>control
4930,5-4-0-5-4,6 5 1 6 5,5,1.0,False,lesion>control
4931,5-4-0-8-3,6 5 1 3* 4,5,1.0,False,control>lesion
4932,5-4-5-0-3,6 5 6 1 4,5,1.0,False,control>lesion
4933,5-4-5-0-5,6 5 6 1 6,5,1.0,False,lesion>control
4934,5-4-5-4-0,6 5 6 5 1,5,1.0,False,control>lesion
4935,5-4-5-8-3,6 5 6 3* 4,5,1.0,False,lesion>control
4936,5-4-5-8-5,6 5 6 3* 6,5,1.0,False,lesion>control
4937,5-4-8-0-5,6 5 3* 1 6,5,1.0,False,lesion>control
4938,5-4-8-5-4,6 5 3* 6 5,5,1.0,False,control>lesion
4939,5-4-8-7-5,6 5 3* 2* 6,5,1.0,False,lesion>control
4940,5-4-8-9-8,6 5 3* 4* 3*,5,1.0,False,control>lesion
4941,5-8-0-1-0,6 3* 1 2 1,5,1.0,False,lesion>control
4942,5-8-0-5-0,6 3* 1 6 1,5,1.0,False,control>lesion
4943,5-8-0-5-4,6 3* 1 6 5,5,1.0,False,lesion>control
4944,5-8-1-5-1,6 3* 2 6 2,5,1.0,False,lesion>control
4945,5-8-3-1-8,6 3* 4 2 3*,5,1.0,False,lesion>control
4946,5-8-3-4-0,6 3* 4 5 1,5,1.0,False,control>lesion
4947,5-8-5-0-5,6 3* 6 1 6,5,1.0,False,lesion>control
4948,5-8-7-5-8,6 3* 2* 6 3*,5,1.0,False,lesion>control
4949,5-8-7-8-5,6 3* 2* 3* 6,5,1.0,False,lesion>control
4950,5-8-9-4-5,6 3* 4* 5 6,5,1.0,False,control>lesion
4951,7-0-3-8-0,2* 1 4 3* 1,5,1.0,False,lesion>control
4952,7-0-4-5-4,2* 1 5 6 5,5,1.0,False,lesion>control
4953,7-1-0-3-8,2* 2 1 4 3*,5,1.0,False,lesion>control
4954,7-3-5-1-0,2* 4 6 2 1,5,1.0,False,control>lesion
4955,7-3-5-8-0,2* 4 6 3* 1,5,1.0,False,control>lesion
4956,7-3-8-0-3,2* 4 3* 1 4,5,1.0,False,control>lesion
4957,7-3-8-0-8,2* 4 3* 1 3*,5,1.0,False,lesion>control
4958,7-3-8-5-2,2* 4 3* 6 3,5,1.0,False,lesion>control
4959,7-8-1-3-0,2* 3* 2 4 1,5,1.0,False,control>lesion
4960,7-8-1-3-1,2* 3* 2 4 2,5,1.0,False,control>lesion
4961,7-8-1-3-4,2* 3* 2 4 5,5,1.0,False,control>lesion
4962,7-8-1-8-8,2* 3* 2 3* 3*,5,1.0,False,control>lesion
4963,8-0-2-0-2,3* 1 3 1 3,5,1.0,False,lesion>control
4964,8-0-2-7-0,3* 1 3 2* 1,5,1.0,False,control>lesion
4965,8-0-3-0-3,3* 1 4 1 4,5,1.0,False,lesion>control
4966,8-0-3-2-7,3* 1 4 3 2*,5,1.0,False,lesion>control
4967,8-0-3-4-5,3* 1 4 5 6,5,1.0,False,lesion>control
4968,8-0-3-8-4,3* 1 4 3* 5,5,1.0,False,lesion>control
4969,8-0-5-0-3,3* 1 6 1 4,5,1.0,False,lesion>control
4970,8-0-5-2-0,3* 1 6 3 1,5,1.0,False,lesion>control
4971,8-0-5-3-8,3* 1 6 4 3*,5,1.0,False,lesion>control
4972,8-0-5-4-5,3* 1 6 5 6,5,1.0,False,lesion>control
4973,8-0-5-8-0,3* 1 6 3* 1,5,1.0,False,lesion>control
4974,8-0-7-3-5,3* 1 2* 4 6,5,1.0,False,control>lesion
4975,8-0-8-0-2,3* 1 3* 1 3,5,1.0,False,lesion>control
4976,8-0-8-5-8,3* 1 3* 6 3*,5,1.0,False,lesion>control
4977,8-0-8-7-3,3* 1 3* 2* 4,5,1.0,False,lesion>control
4978,8-1-0-4-0,3* 2 1 5 1,5,1.0,False,lesion>control
4979,8-1-3-4-3,3* 2 4 5 4,5,1.0,False,control>lesion
4980,8-1-3-5-0,3* 2 4 6 1,5,1.0,False,control>lesion
4981,8-1-4-5-8,3* 2 5 6 3*,5,1.0,False,lesion>control
4982,8-1-4-8-9,3* 2 5 3* 4*,5,1.0,False,lesion>control
4983,8-1-5-1-5,3* 2 6 2 6,5,1.0,False,lesion>control
4984,8-1-8-5-0,3* 2 3* 6 1,5,1.0,False,control>lesion
4985,8-3-0-1-3,3* 4 1 2 4,5,1.0,False,lesion>control
4986,8-3-0-5-4,3* 4 1 6 5,5,1.0,False,control>lesion
4987,8-3-0-8-7,3* 4 1 3* 2*,5,1.0,False,lesion>control
4988,8-3-1-0-4,3* 4 2 1 5,5,1.0,False,control>lesion
4989,8-3-1-8-0,3* 4 2 3* 1,5,1.0,False,lesion>control
4990,8-3-1-8-3,3* 4 2 3* 4,5,1.0,False,control>lesion
4991,8-3-4-0-1,3* 4 5 1 2,5,1.0,False,lesion>control
4992,8-3-4-1-0,3* 4 5 2 1,5,1.0,False,lesion>control
4993,8-3-5-1-3,3* 4 6 2 4,5,1.0,False,control>lesion
4994,8-4-5-0-1,3* 5 6 1 2,5,1.0,False,control>lesion
4995,8-4-5-3-8,3* 5 6 4 3*,5,1.0,False,control>lesion
4996,8-4-5-8-0,3* 5 6 3* 1,5,1.0,False,control>lesion
4997,8-4-8-0-8,3* 5 3* 1 3*,5,1.0,False,control>lesion
4998,8-5-0-4-5,3* 6 1 5 6,5,1.0,False,control>lesion
4999,8-5-1-0-8,3* 6 2 1 3*,5,1.0,False,lesion>control
5000,8-5-2-1-5,3* 6 3 2 6,5,1.0,False,lesion>control
5001,8-5-2-7-5,3* 6 3 2* 6,5,1.0,False,lesion>control
5002,8-5-3-8-4,3* 6 4 3* 5,5,1.0,False,lesion>control
5003,8-5-4-1-8,3* 6 5 2 3*,5,1.0,False,lesion>control
5004,8-5-4-8-9,3* 6 5 3* 4*,5,1.0,False,control>lesion
5005,8-5-4-9-8,3* 6 5 4* 3*,5,1.0,False,lesion>control
5006,8-7-0-5-0,3* 2* 1 6 1,5,1.0,False,lesion>control
5007,8-7-0-5-1,3* 2* 1 6 2,5,1.0,False,lesion>control
5008,8-7-0-8-5,3* 2* 1 3* 6,5,1.0,False,control>lesion
5009,8-7-1-0-3,3* 2* 2 1 4,5,1.0,False,lesion>control
5010,8-7-3-8-9,3* 2* 4 3* 4*,5,1.0,False,lesion>control
5011,8-7-8-0-3,3* 2* 3* 1 4,5,1.0,False,control>lesion
5012,8-7-8-5-1,3* 2* 3* 6 2,5,1.0,False,control>lesion
5013,8-8-9-8-3,3* 3* 4* 3* 4,5,1.0,False,control>lesion
5014,8-9-0-4-8,3* 4* 1 5 3*,5,1.0,False,lesion>control
5015,8-9-3-1-8,3* 4* 4 2 3*,5,1.0,False,control>lesion
5016,8-9-8-5-7,3* 4* 3* 6 2*,5,1.0,False,lesion>control
5017,9-1-0-8-1,4* 2 1 3* 2,5,1.0,False,control>lesion
5018,9-3-4-5-8,4* 4 5 6 3*,5,1.0,False,lesion>control
5019,9-4-3-4-8,4* 5 4 5 3*,5,1.0,False,control>lesion
5020,9-4-8-3-1,4* 5 3* 4 2,5,1.0,False,lesion>control
5021,9-8-0-3-8,4* 3* 1 4 3*,5,1.0,False,control>lesion
5022,9-8-3-4-1,4* 3* 4 5 2,5,1.0,False,control>lesion
5023,9-8-4-2-7,4* 3* 5 3 2*,5,1.0,False,lesion>control
5024,9-8-4-8-0,4* 3* 5 3* 1,5,1.0,False,lesion>control
5025,9-8-4-8-7,4* 3* 5 3* 2*,5,1.0,False,lesion>control
5026,9-8-5-4-8,4* 3* 6 5 3*,5,1.0,False,lesion>control
5027,9-8-7-0-5,4* 3* 2* 1 6,5,1.0,False,lesion>control
5028,9-8-7-1-0,4* 3* 2* 2 1,5,1.0,False,control>lesion
5029,9-8-8-7-8,4* 3* 3* 2* 3*,5,1.0,False,lesion>control
5030,9-8-9-4-3,4* 3* 4* 5 4,5,1.0,False,lesion>control
5031,0-1-3-0-1-0,1 2 4 1 2 1,6,1.0,False,control>lesion
5032,0-1-3-1-8-9,1 2 4 2 3* 4*,6,1.0,False,lesion>control
5033,0-1-3-5-3-1,1 2 4 6 4 2,6,1.0,False,control>lesion
5034,0-1-3-5-3-8,1 2 4 6 4 3*,6,1.0,False,lesion>control
5035,0-1-3-5-8-7,1 2 4 6 3* 2*,6,1.0,False,control>lesion
5036,0-1-3-8-1-0,1 2 4 3* 2 1,6,1.0,False,lesion>control
5037,0-1-3-8-5-0,1 2 4 3* 6 1,6,1.0,False,lesion>control
5038,0-1-5-8-1-0,1 2 6 3* 2 1,6,1.0,False,control>lesion
5039,0-1-5-8-1-5,1 2 6 3* 2 6,6,1.0,False,lesion>control
5040,0-1-8-1-8-0,1 2 3* 2 3* 1,6,1.0,False,control>lesion
5041,0-1-8-1-8-4,1 2 3* 2 3* 5,6,1.0,False,control>lesion
5042,0-1-8-5-2-1,1 2 3* 6 3 2,6,1.0,False,control>lesion
5043,0-1-8-9-0-1,1 2 3* 4* 1 2,6,1.0,False,lesion>control
5044,0-1-8-9-0-8,1 2 3* 4* 1 3*,6,1.0,False,lesion>control
5045,0-1-8-9-5-1,1 2 3* 4* 6 2,6,1.0,False,control>lesion
5046,0-1-8-9-8-4,1 2 3* 4* 3* 5,6,1.0,False,control>lesion
5047,0-2-9-8-3-8,1 3 4* 3* 4 3*,6,1.0,False,lesion>control
5048,0-3-0-5-0-3,1 4 1 6 1 4,6,1.0,False,lesion>control
5049,0-3-1-0-8-5,1 4 2 1 3* 6,6,1.0,False,control>lesion
5050,0-3-1-0-8-9,1 4 2 1 3* 4*,6,1.0,False,lesion>control
5051,0-3-4-0-5-0,1 4 5 1 6 1,6,1.0,False,lesion>control
5052,0-3-4-1-0-5,1 4 5 2 1 6,6,1.0,False,lesion>control
5053,0-3-4-5-8-3,1 4 5 6 3* 4,6,1.0,False,control>lesion
5054,0-3-5-0-3-5,1 4 6 1 4 6,6,1.0,False,lesion>control
5055,0-3-5-0-5-3,1 4 6 1 6 4,6,1.0,False,control>lesion
5056,0-3-5-3-5-3,1 4 6 4 6 4,6,1.0,False,lesion>control
5057,0-3-5-8-7-8,1 4 6 3* 2* 3*,6,1.0,False,lesion>control
5058,0-3-8-0-3-8,1 4 3* 1 4 3*,6,1.0,False,lesion>control
5059,0-3-8-1-0-5,1 4 3* 2 1 6,6,1.0,False,lesion>control
5060,0-3-8-5-3-8,1 4 3* 6 4 3*,6,1.0,False,lesion>control
5061,0-3-8-7-4-8,1 4 3* 2* 5 3*,6,1.0,False,lesion>control
5062,0-3-8-7-8-7,1 4 3* 2* 3* 2*,6,1.0,False,control>lesion
5063,0-4-5-0-8-3,1 5 6 1 3* 4,6,1.0,False,lesion>control
5064,0-4-5-8-1-3,1 5 6 3* 2 4,6,1.0,False,lesion>control
5065,0-5-0-3-1-0,1 6 1 4 2 1,6,1.0,False,control>lesion
5066,0-5-0-5-4-5,1 6 1 6 5 6,6,1.0,False,lesion>control
5067,0-5-3-8-0-5,1 6 4 3* 1 6,6,1.0,False,lesion>control
5068,0-5-4-5-4-8,1 6 5 6 5 3*,6,1.0,False,control>lesion
5069,0-5-4-8-0-5,1 6 5 3* 1 6,6,1.0,False,lesion>control
5070,0-5-8-4-5-4,1 6 3* 5 6 5,6,1.0,False,control>lesion
5071,0-7-8-1-8-9,1 2* 3* 2 3* 4*,6,1.0,False,lesion>control
5072,0-7-8-9-8-3,1 2* 3* 4* 3* 4,6,1.0,False,lesion>control
5073,0-8-1-4-8-1,1 3* 2 5 3* 2,6,1.0,False,lesion>control
5074,0-8-1-5-3-1,1 3* 2 6 4 2,6,1.0,False,control>lesion
5075,0-8-1-5-3-8,1 3* 2 6 4 3*,6,1.0,False,lesion>control
5076,0-8-3-4-5-8,1 3* 4 5 6 3*,6,1.0,False,lesion>control
5077,0-8-4-3-8-7,1 3* 5 4 3* 2*,6,1.0,False,control>lesion
5078,0-8-7-0-3-8,1 3* 2* 1 4 3*,6,1.0,False,lesion>control
5079,0-8-9-4-8-3,1 3* 4* 5 3* 4,6,1.0,False,lesion>control
5080,0-8-9-8-9-8,1 3* 4* 3* 4* 3*,6,1.0,False,control>lesion
5081,1-0-1-0-1-0,2 1 2 1 2 1,6,1.0,False,control>lesion
5082,1-0-1-0-1-8,2 1 2 1 2 3*,6,1.0,False,lesion>control
5083,1-0-1-4-8-1,2 1 2 5 3* 2,6,1.0,False,lesion>control
5084,1-0-1-8-9-1,2 1 2 3* 4* 2,6,1.0,False,lesion>control
5085,1-0-3-1-3-8,2 1 4 2 4 3*,6,1.0,False,lesion>control
5086,1-0-3-4-5-1,2 1 4 5 6 2,6,1.0,False,control>lesion
5087,1-0-3-4-5-8,2 1 4 5 6 3*,6,1.0,False,lesion>control
5088,1-0-3-8-3-2,2 1 4 3* 4 3,6,1.0,False,lesion>control
5089,1-0-4-8-1-0,2 1 5 3* 2 1,6,1.0,False,lesion>control
5090,1-0-5-0-5-0,2 1 6 1 6 1,6,1.0,False,lesion>control
5091,1-0-5-0-5-1,2 1 6 1 6 2,6,1.0,False,lesion>control
5092,1-0-5-1-0-4,2 1 6 2 1 5,6,1.0,False,lesion>control
5093,1-0-5-3-1-3,2 1 6 4 2 4,6,1.0,False,lesion>control
5094,1-0-5-8-9-4,2 1 6 3* 4* 5,6,1.0,False,lesion>control
5095,1-0-5-8-9-8,2 1 6 3* 4* 3*,6,1.0,False,lesion>control
5096,1-0-8-1-0-5,2 1 3* 2 1 6,6,1.0,False,lesion>control
5097,1-0-8-1-3-5,2 1 3* 2 4 6,6,1.0,False,control>lesion
5098,1-0-8-5-4-1,2 1 3* 6 5 2,6,1.0,False,control>lesion
5099,1-0-8-9-5-4,2 1 3* 4* 6 5,6,1.0,False,control>lesion
5100,1-2-1-2-1-2,2 3 2 3 2 3,6,1.0,False,control>lesion
5101,1-2-1-2-9-8,2 3 2 3 4* 3*,6,1.0,False,lesion>control
5102,1-3-0-3-0-3,2 4 1 4 1 4,6,1.0,False,lesion>control
5103,1-3-1-0-5-3,2 4 2 1 6 4,6,1.0,False,lesion>control
5104,1-3-1-3-1-3,2 4 2 4 2 4,6,1.0,False,lesion>control
5105,1-3-4-5-0-3,2 4 5 6 1 4,6,1.0,False,control>lesion
5106,1-3-4-5-8-0,2 4 5 6 3* 1,6,1.0,False,lesion>control
5107,1-3-4-8-3-8,2 4 5 3* 4 3*,6,1.0,False,lesion>control
5108,1-3-5-3-1-0,2 4 6 4 2 1,6,1.0,False,control>lesion
5109,1-3-5-8-3-5,2 4 6 3* 4 6,6,1.0,False,control>lesion
5110,1-3-5-8-3-8,2 4 6 3* 4 3*,6,1.0,False,control>lesion
5111,1-3-8-3-2-1,2 4 3* 4 3 2,6,1.0,False,lesion>control
5112,1-3-8-3-4-5,2 4 3* 4 5 6,6,1.0,False,control>lesion
5113,1-3-8-5-3-8,2 4 3* 6 4 3*,6,1.0,False,control>lesion
5114,1-5-0-5-1-5,2 6 1 6 2 6,6,1.0,False,lesion>control
5115,1-5-4-8-0-1,2 6 5 3* 1 2,6,1.0,False,control>lesion
5116,1-5-8-1-0-3,2 6 3* 2 1 4,6,1.0,False,control>lesion
5117,1-5-8-1-0-8,2 6 3* 2 1 3*,6,1.0,False,lesion>control
5118,1-8-0-1-3-4,2 3* 1 2 4 5,6,1.0,False,control>lesion
5119,1-8-1-3-1-8,2 3* 2 4 2 3*,6,1.0,False,lesion>control
5120,1-8-1-3-4-5,2 3* 2 4 5 6,6,1.0,False,control>lesion
5121,1-8-1-3-4-8,2 3* 2 4 5 3*,6,1.0,False,lesion>control
5122,1-8-1-8-1-5,2 3* 2 3* 2 6,6,1.0,False,control>lesion
5123,1-8-1-8-4-3,2 3* 2 3* 5 4,6,1.0,False,lesion>control
5124,1-8-1-8-5-9,2 3* 2 3* 6 4*,6,1.0,False,lesion>control
5125,1-8-4-8-1-8,2 3* 5 3* 2 3*,6,1.0,False,lesion>control
5126,1-8-5-8-9-8,2 3* 6 3* 4* 3*,6,1.0,False,control>lesion
5127,1-8-5-9-8-3,2 3* 6 4* 3* 4,6,1.0,False,lesion>control
5128,1-8-7-0-1-0,2 3* 2* 1 2 1,6,1.0,False,control>lesion
5129,1-8-7-0-3-8,2 3* 2* 1 4 3*,6,1.0,False,lesion>control
5130,1-8-9-3-8-7,2 3* 4* 4 3* 2*,6,1.0,False,control>lesion
5131,1-8-9-4-8-0,2 3* 4* 5 3* 1,6,1.0,False,control>lesion
5132,1-8-9-5-8-0,2 3* 4* 6 3* 1,6,1.0,False,control>lesion
5133,1-8-9-8-0-2,2 3* 4* 3* 1 3,6,1.0,False,lesion>control
5134,1-8-9-8-4-2,2 3* 4* 3* 5 3,6,1.0,False,control>lesion
5135,1-8-9-8-9-4,2 3* 4* 3* 4* 5,6,1.0,False,control>lesion
5136,2-1-8-1-8-3,3 2 3* 2 3* 4,6,1.0,False,lesion>control
5137,2-7-0-1-8-9,3 2* 1 2 3* 4*,6,1.0,False,lesion>control
5138,2-9-5-8-7-8,3 4* 6 3* 2* 3*,6,1.0,False,lesion>control
5139,3-0-1-3-4-5,4 1 2 4 5 6,6,1.0,False,control>lesion
5140,3-0-1-3-5-8,4 1 2 4 6 3*,6,1.0,False,lesion>control
5141,3-0-1-5-8-0,4 1 2 6 3* 1,6,1.0,False,control>lesion
5142,3-0-1-8-0-1,4 1 2 3* 1 2,6,1.0,False,lesion>control
5143,3-0-1-8-4-5,4 1 2 3* 5 6,6,1.0,False,control>lesion
5144,3-0-1-8-9-0,4 1 2 3* 4* 1,6,1.0,False,lesion>control
5145,3-0-1-8-9-4,4 1 2 3* 4* 5,6,1.0,False,control>lesion
5146,3-0-3-0-3-5,4 1 4 1 4 6,6,1.0,False,lesion>control
5147,3-0-3-5-4-5,4 1 4 6 5 6,6,1.0,False,lesion>control
5148,3-0-5-0-4-5,4 1 6 1 5 6,6,1.0,False,control>lesion
5149,3-0-5-0-5-8,4 1 6 1 6 3*,6,1.0,False,lesion>control
5150,3-0-5-3-5-8,4 1 6 4 6 3*,6,1.0,False,lesion>control
5151,3-0-8-3-1-0,4 1 3* 4 2 1,6,1.0,False,lesion>control
5152,3-1-0-1-5-8,4 2 1 2 6 3*,6,1.0,False,lesion>control
5153,3-1-0-3-4-5,4 2 1 4 5 6,6,1.0,False,lesion>control
5154,3-1-0-3-8-0,4 2 1 4 3* 1,6,1.0,False,lesion>control
5155,3-1-0-5-3-1,4 2 1 6 4 2,6,1.0,False,control>lesion
5156,3-1-0-8-1-8,4 2 1 3* 2 3*,6,1.0,False,control>lesion
5157,3-1-0-8-4-5,4 2 1 3* 5 6,6,1.0,False,control>lesion
5158,3-2-1-3-8-7,4 3 2 4 3* 2*,6,1.0,False,lesion>control
5159,3-2-7-3-8-7,4 3 2* 4 3* 2*,6,1.0,False,control>lesion
5160,3-3-8-7-0-1,4 4 3* 2* 1 2,6,1.0,False,lesion>control
5161,3-3-8-7-0-8,4 4 3* 2* 1 3*,6,1.0,False,lesion>control
5162,3-4-0-1-0-1,4 5 1 2 1 2,6,1.0,False,control>lesion
5163,3-4-1-0-3-5,4 5 2 1 4 6,6,1.0,False,control>lesion
5164,3-4-3-1-0-1,4 5 4 2 1 2,6,1.0,False,lesion>control
5165,3-4-5-0-1-3,4 5 6 1 2 4,6,1.0,False,lesion>control
5166,3-4-5-0-3-8,4 5 6 1 4 3*,6,1.0,False,lesion>control
5167,3-4-5-0-5-0,4 5 6 1 6 1,6,1.0,False,control>lesion
5168,3-4-5-1-8-9,4 5 6 2 3* 4*,6,1.0,False,lesion>control
5169,3-4-5-3-1-0,4 5 6 4 2 1,6,1.0,False,control>lesion
5170,3-4-5-8-0-8,4 5 6 3* 1 3*,6,1.0,False,lesion>control
5171,3-5-0-4-5-0,4 6 1 5 6 1,6,1.0,False,lesion>control
5172,3-5-3-0-5-0,4 6 4 1 6 1,6,1.0,False,control>lesion
5173,3-5-3-5-0-5,4 6 4 6 1 6,6,1.0,False,control>lesion
5174,3-5-4-3-5-4,4 6 5 4 6 5,6,1.0,False,lesion>control
5175,3-5-8-3-8-5,4 6 3* 4 3* 6,6,1.0,False,lesion>control
5176,3-8-0-1-8-4,4 3* 1 2 3* 5,6,1.0,False,control>lesion
5177,3-8-0-8-7-0,4 3* 1 3* 2* 1,6,1.0,False,control>lesion
5178,3-8-1-0-5-8,4 3* 2 1 6 3*,6,1.0,False,lesion>control
5179,3-8-1-0-8-1,4 3* 2 1 3* 2,6,1.0,False,lesion>control
5180,3-8-1-3-8-3,4 3* 2 4 3* 4,6,1.0,False,lesion>control
5181,3-8-1-8-1-0,4 3* 2 3* 2 1,6,1.0,False,lesion>control
5182,3-8-3-0-5-0,4 3* 4 1 6 1,6,1.0,False,lesion>control
5183,3-8-3-1-8-3,4 3* 4 2 3* 4,6,1.0,False,control>lesion
5184,3-8-5-2-7-5,4 3* 6 3 2* 6,6,1.0,False,lesion>control
5185,3-8-5-4-8-7,4 3* 6 5 3* 2*,6,1.0,False,lesion>control
5186,3-8-7-0-1-4,4 3* 2* 1 2 5,6,1.0,False,control>lesion
5187,3-8-7-0-5-1,4 3* 2* 1 6 2,6,1.0,False,lesion>control
5188,3-8-7-0-8-0,4 3* 2* 1 3* 1,6,1.0,False,control>lesion
5189,3-8-7-3-1-0,4 3* 2* 4 2 1,6,1.0,False,lesion>control
5190,3-8-7-3-8-9,4 3* 2* 4 3* 4*,6,1.0,False,lesion>control
5191,3-8-7-8-4-3,4 3* 2* 3* 5 4,6,1.0,False,control>lesion
5192,3-8-8-7-8-9,4 3* 3* 2* 3* 4*,6,1.0,False,control>lesion
5193,4-0-3-0-3-5,5 1 4 1 4 6,6,1.0,False,control>lesion
5194,4-0-5-0-3-1,5 1 6 1 4 2,6,1.0,False,control>lesion
5195,4-0-8-3-8-3,5 1 3* 4 3* 4,6,1.0,False,control>lesion
5196,4-1-0-1-3-4,5 2 1 2 4 5,6,1.0,False,lesion>control
5197,4-1-0-8-9-4,5 2 1 3* 4* 5,6,1.0,False,lesion>control
5198,4-1-8-9-8-7,5 2 3* 4* 3* 2*,6,1.0,False,lesion>control
5199,4-2-1-8-1-8,5 3 2 3* 2 3*,6,1.0,False,control>lesion
5200,4-2-9-8-7-8,5 3 4* 3* 2* 3*,6,1.0,False,lesion>control
5201,4-3-0-8-3-4,5 4 1 3* 4 5,6,1.0,False,control>lesion
5202,4-3-4-5-8-7,5 4 5 6 3* 2*,6,1.0,False,control>lesion
5203,4-3-8-0-1-0,5 4 3* 1 2 1,6,1.0,False,control>lesion
5204,4-3-8-3-5-4,5 4 3* 4 6 5,6,1.0,False,lesion>control
5205,4-3-8-4-3-8,5 4 3* 5 4 3*,6,1.0,False,lesion>control
5206,4-3-8-7-3-4,5 4 3* 2* 4 5,6,1.0,False,lesion>control
5207,4-3-8-7-8-5,5 4 3* 2* 3* 6,6,1.0,False,control>lesion
5208,4-5-0-3-5-0,5 6 1 4 6 1,6,1.0,False,control>lesion
5209,4-5-0-3-5-4,5 6 1 4 6 5,6,1.0,False,control>lesion
5210,4-5-1-0-3-5,5 6 2 1 4 6,6,1.0,False,control>lesion
5211,4-5-1-0-4-5,5 6 2 1 5 6,6,1.0,False,lesion>control
5212,4-5-1-3-0-3,5 6 2 4 1 4,6,1.0,False,lesion>control
5213,4-5-1-8-9-4,5 6 2 3* 4* 5,6,1.0,False,lesion>control
5214,4-5-3-1-0-1,5 6 4 2 1 2,6,1.0,False,control>lesion
5215,4-5-3-4-5-8,5 6 4 5 6 3*,6,1.0,False,lesion>control
5216,4-5-3-8-7-3,5 6 4 3* 2* 4,6,1.0,False,control>lesion
5217,4-5-4-1-0-1,5 6 5 2 1 2,6,1.0,False,control>lesion
5218,4-5-4-3-1-0,5 6 5 4 2 1,6,1.0,False,control>lesion
5219,4-5-4-3-4-3,5 6 5 4 5 4,6,1.0,False,control>lesion
5220,4-5-4-5-8-0,5 6 5 6 3* 1,6,1.0,False,control>lesion
5221,4-5-4-8-0-8,5 6 5 3* 1 3*,6,1.0,False,lesion>control
5222,4-5-8-0-1-3,5 6 3* 1 2 4,6,1.0,False,control>lesion
5223,4-5-8-0-3-1,5 6 3* 1 4 2,6,1.0,False,control>lesion
5224,4-5-8-0-3-8,5 6 3* 1 4 3*,6,1.0,False,control>lesion
5225,4-5-8-0-8-3,5 6 3* 1 3* 4,6,1.0,False,lesion>control
5226,4-5-8-1-3-8,5 6 3* 2 4 3*,6,1.0,False,lesion>control
5227,4-5-8-1-8-1,5 6 3* 2 3* 2,6,1.0,False,lesion>control
5228,4-5-8-3-1-8,5 6 3* 4 2 3*,6,1.0,False,lesion>control
5229,4-5-8-3-4-8,5 6 3* 4 5 3*,6,1.0,False,lesion>control
5230,4-8-1-0-8-9,5 3* 2 1 3* 4*,6,1.0,False,lesion>control
5231,4-8-1-5-4-8,5 3* 2 6 5 3*,6,1.0,False,lesion>control
5232,4-8-1-8-1-0,5 3* 2 3* 2 1,6,1.0,False,lesion>control
5233,4-8-1-8-1-3,5 3* 2 3* 2 4,6,1.0,False,lesion>control
5234,4-8-1-8-1-5,5 3* 2 3* 2 6,6,1.0,False,lesion>control
5235,4-8-3-4-5-3,5 3* 4 5 6 4,6,1.0,False,control>lesion
5236,4-8-5-3-8-7,5 3* 6 4 3* 2*,6,1.0,False,control>lesion
5237,4-8-7-0-3-4,5 3* 2* 1 4 5,6,1.0,False,control>lesion
5238,4-8-7-0-4-8,5 3* 2* 1 5 3*,6,1.0,False,control>lesion
5239,4-8-7-3-4-5,5 3* 2* 4 5 6,6,1.0,False,control>lesion
5240,4-8-7-3-4-8,5 3* 2* 4 5 3*,6,1.0,False,control>lesion
5241,4-8-9-8-7-3,5 3* 4* 3* 2* 4,6,1.0,False,lesion>control
5242,4-9-8-7-8-1,5 4* 3* 2* 3* 2,6,1.0,False,control>lesion
5243,5-0-1-3-4-5,6 1 2 4 5 6,6,1.0,False,control>lesion
5244,5-0-3-4-0-5,6 1 4 5 1 6,6,1.0,False,control>lesion
5245,5-0-3-8-0-3,6 1 4 3* 1 4,6,1.0,False,control>lesion
5246,5-0-3-8-3-4,6 1 4 3* 4 5,6,1.0,False,lesion>control
5247,5-0-5-0-5-1,6 1 6 1 6 2,6,1.0,False,lesion>control
5248,5-0-8-3-5-0,6 1 3* 4 6 1,6,1.0,False,lesion>control
5249,5-1-0-3-8-7,6 2 1 4 3* 2*,6,1.0,False,control>lesion
5250,5-1-0-4-1-0,6 2 1 5 2 1,6,1.0,False,lesion>control
5251,5-1-0-4-5-1,6 2 1 5 6 2,6,1.0,False,lesion>control
5252,5-1-0-5-0-5,6 2 1 6 1 6,6,1.0,False,control>lesion
5253,5-1-0-5-1-0,6 2 1 6 2 1,6,1.0,False,lesion>control
5254,5-1-8-1-0-1,6 2 3* 2 1 2,6,1.0,False,control>lesion
5255,5-1-8-9-4-5,6 2 3* 4* 5 6,6,1.0,False,lesion>control
5256,5-1-8-9-8-7,6 2 3* 4* 3* 2*,6,1.0,False,control>lesion
5257,5-2-1-5-8-1,6 3 2 6 3* 2,6,1.0,False,lesion>control
5258,5-2-9-8-7-8,6 3 4* 3* 2* 3*,6,1.0,False,control>lesion
5259,5-3-8-0-5-3,6 4 3* 1 6 4,6,1.0,False,control>lesion
5260,5-3-8-0-5-4,6 4 3* 1 6 5,6,1.0,False,lesion>control
5261,5-3-8-7-8-0,6 4 3* 2* 3* 1,6,1.0,False,control>lesion
5262,5-3-8-7-8-5,6 4 3* 2* 3* 6,6,1.0,False,lesion>control
5263,5-4-1-0-1-3,6 5 2 1 2 4,6,1.0,False,control>lesion
5264,5-4-1-0-5-8,6 5 2 1 6 3*,6,1.0,False,lesion>control
5265,5-4-1-0-8-1,6 5 2 1 3* 2,6,1.0,False,control>lesion
5266,5-4-3-0-8-3,6 5 4 1 3* 4,6,1.0,False,control>lesion
5267,5-4-3-8-3-0,6 5 4 3* 4 1,6,1.0,False,control>lesion
5268,5-4-5-3-1-0,6 5 6 4 2 1,6,1.0,False,lesion>control
5269,5-4-5-4-5-4,6 5 6 5 6 5,6,1.0,False,lesion>control
5270,5-4-5-8-0-1,6 5 6 3* 1 2,6,1.0,False,control>lesion
5271,5-4-8-0-1-0,6 5 3* 1 2 1,6,1.0,False,control>lesion
5272,5-4-8-3-4-5,6 5 3* 4 5 6,6,1.0,False,lesion>control
5273,5-8-0-8-7-0,6 3* 1 3* 2* 1,6,1.0,False,lesion>control
5274,5-8-1-0-3-4,6 3* 2 1 4 5,6,1.0,False,lesion>control
5275,5-8-1-8-1-3,6 3* 2 3* 2 4,6,1.0,False,control>lesion
5276,5-8-3-1-0-3,6 3* 4 2 1 4,6,1.0,False,lesion>control
5277,5-8-3-1-8-9,6 3* 4 2 3* 4*,6,1.0,False,lesion>control
5278,5-8-3-5-8-7,6 3* 4 6 3* 2*,6,1.0,False,lesion>control
5279,5-8-3-8-3-1,6 3* 4 3* 4 2,6,1.0,False,control>lesion
5280,5-8-3-8-3-5,6 3* 4 3* 4 6,6,1.0,False,control>lesion
5281,5-8-3-8-5-8,6 3* 4 3* 6 3*,6,1.0,False,lesion>control
5282,5-8-5-2-3-8,6 3* 6 3 4 3*,6,1.0,False,lesion>control
5283,5-8-7-0-1-0,6 3* 2* 1 2 1,6,1.0,False,control>lesion
5284,5-8-7-3-4-8,6 3* 2* 4 5 3*,6,1.0,False,control>lesion
5285,5-8-9-4-8-7,6 3* 4* 5 3* 2*,6,1.0,False,control>lesion
5286,5-8-9-5-8-7,6 3* 4* 6 3* 2*,6,1.0,False,lesion>control
5287,5-8-9-8-5-2,6 3* 4* 3* 6 3,6,1.0,False,lesion>control
5288,7-0-1-0-8-9,2* 1 2 1 3* 4*,6,1.0,False,control>lesion
5289,7-0-1-3-5-8,2* 1 2 4 6 3*,6,1.0,False,control>lesion
5290,7-0-1-4-5-8,2* 1 2 5 6 3*,6,1.0,False,control>lesion
5291,7-0-1-5-8-1,2* 1 2 6 3* 2,6,1.0,False,control>lesion
5292,7-0-3-4-5-3,2* 1 4 5 6 4,6,1.0,False,lesion>control
5293,7-0-8-1-3-5,2* 1 3* 2 4 6,6,1.0,False,control>lesion
5294,7-0-8-9-3-8,2* 1 3* 4* 4 3*,6,1.0,False,lesion>control
5295,7-0-8-9-8-5,2* 1 3* 4* 3* 6,6,1.0,False,control>lesion
5296,7-0-8-9-8-9,2* 1 3* 4* 3* 4*,6,1.0,False,control>lesion
5297,7-1-0-3-8-7,2* 2 1 4 3* 2*,6,1.0,False,lesion>control
5298,7-3-4-8-7-0,2* 4 5 3* 2* 1,6,1.0,False,control>lesion
5299,7-3-5-4-8-7,2* 4 6 5 3* 2*,6,1.0,False,control>lesion
5300,7-3-8-3-1-8,2* 4 3* 4 2 3*,6,1.0,False,lesion>control
5301,7-3-8-3-4-3,2* 4 3* 4 5 4,6,1.0,False,lesion>control
5302,7-3-8-7-3-4,2* 4 3* 2* 4 5,6,1.0,False,lesion>control
5303,7-4-8-1-0-3,2* 5 3* 2 1 4,6,1.0,False,lesion>control
5304,7-5-3-8-7-3,2* 6 4 3* 2* 4,6,1.0,False,lesion>control
5305,7-5-3-8-7-8,2* 6 4 3* 2* 3*,6,1.0,False,control>lesion
5306,7-5-8-9-8-3,2* 6 3* 4* 3* 4,6,1.0,False,lesion>control
5307,7-8-0-1-3-8,2* 3* 1 2 4 3*,6,1.0,False,lesion>control
5308,7-8-1-0-1-0,2* 3* 2 1 2 1,6,1.0,False,control>lesion
5309,7-8-1-3-8-5,2* 3* 2 4 3* 6,6,1.0,False,control>lesion
5310,7-8-1-5-3-8,2* 3* 2 6 4 3*,6,1.0,False,control>lesion
5311,7-8-1-8-5-4,2* 3* 2 3* 6 5,6,1.0,False,control>lesion
5312,7-8-1-8-5-9,2* 3* 2 3* 6 4*,6,1.0,False,control>lesion
5313,7-8-3-2-1-8,2* 3* 4 3 2 3*,6,1.0,False,control>lesion
5314,7-8-5-2-9-8,2* 3* 6 3 4* 3*,6,1.0,False,lesion>control
5315,7-8-7-3-8-3,2* 3* 2* 4 3* 4,6,1.0,False,lesion>control
5316,7-8-7-8-1-3,2* 3* 2* 3* 2 4,6,1.0,False,control>lesion
5317,7-8-9-1-3-8,2* 3* 4* 2 4 3*,6,1.0,False,lesion>control
5318,7-8-9-3-4-5,2* 3* 4* 4 5 6,6,1.0,False,lesion>control
5319,7-8-9-8-3-2,2* 3* 4* 3* 4 3,6,1.0,False,control>lesion
5320,8-0-1-0-8-9,3* 1 2 1 3* 4*,6,1.0,False,control>lesion
5321,8-0-1-3-8-5,3* 1 2 4 3* 6,6,1.0,False,lesion>control
5322,8-0-1-8-0-1,3* 1 2 3* 1 2,6,1.0,False,lesion>control
5323,8-0-1-8-1-0,3* 1 2 3* 2 1,6,1.0,False,control>lesion
5324,8-0-2-1-8-1,3* 1 3 2 3* 2,6,1.0,False,lesion>control
5325,8-0-5-0-8-7,3* 1 6 1 3* 2*,6,1.0,False,control>lesion
5326,8-0-5-4-8-5,3* 1 6 5 3* 6,6,1.0,False,lesion>control
5327,8-0-8-7-8-1,3* 1 3* 2* 3* 2,6,1.0,False,lesion>control
5328,8-1-0-1-3-1,3* 2 1 2 4 2,6,1.0,False,control>lesion
5329,8-1-0-1-5-8,3* 2 1 2 6 3*,6,1.0,False,control>lesion
5330,8-1-0-3-1-0,3* 2 1 4 2 1,6,1.0,False,control>lesion
5331,8-1-0-5-4-8,3* 2 1 6 5 3*,6,1.0,False,lesion>control
5332,8-1-0-5-8-9,3* 2 1 6 3* 4*,6,1.0,False,control>lesion
5333,8-1-3-4-3-8,3* 2 4 5 4 3*,6,1.0,False,control>lesion
5334,8-1-3-4-5-4,3* 2 4 5 6 5,6,1.0,False,control>lesion
5335,8-1-3-8-1-0,3* 2 4 3* 2 1,6,1.0,False,lesion>control
5336,8-1-3-8-4-3,3* 2 4 3* 5 4,6,1.0,False,lesion>control
5337,8-1-8-0-1-3,3* 2 3* 1 2 4,6,1.0,False,control>lesion
5338,8-1-8-0-2-9,3* 2 3* 1 3 4*,6,1.0,False,lesion>control
5339,8-1-8-1-3-4,3* 2 3* 2 4 5,6,1.0,False,lesion>control
5340,8-1-8-1-8-3,3* 2 3* 2 3* 4,6,1.0,False,lesion>control
5341,8-1-8-4-5-8,3* 2 3* 5 6 3*,6,1.0,False,control>lesion
5342,8-1-8-7-0-8,3* 2 3* 2* 1 3*,6,1.0,False,control>lesion
5343,8-1-8-9-1-3,3* 2 3* 4* 2 4,6,1.0,False,lesion>control
5344,8-3-0-8-3-8,3* 4 1 3* 4 3*,6,1.0,False,lesion>control
5345,8-3-1-0-1-5,3* 4 2 1 2 6,6,1.0,False,control>lesion
5346,8-3-1-0-1-8,3* 4 2 1 2 3*,6,1.0,False,control>lesion
5347,8-3-1-0-3-5,3* 4 2 1 4 6,6,1.0,False,control>lesion
5348,8-3-2-7-0-1,3* 4 3 2* 1 2,6,1.0,False,lesion>control
5349,8-3-2-7-0-3,3* 4 3 2* 1 4,6,1.0,False,lesion>control
5350,8-3-4-3-1-0,3* 4 5 4 2 1,6,1.0,False,lesion>control
5351,8-3-4-5-3-0,3* 4 5 6 4 1,6,1.0,False,control>lesion
5352,8-3-4-5-3-1,3* 4 5 6 4 2,6,1.0,False,control>lesion
5353,8-3-4-8-7-3,3* 4 5 3* 2* 4,6,1.0,False,lesion>control
5354,8-3-8-3-2-5,3* 4 3* 4 3 6,6,1.0,False,control>lesion
5355,8-3-8-3-4-0,3* 4 3* 4 5 1,6,1.0,False,control>lesion
5356,8-3-8-4-5-8,3* 4 3* 5 6 3*,6,1.0,False,lesion>control
5357,8-3-8-7-3-5,3* 4 3* 2* 4 6,6,1.0,False,control>lesion
5358,8-4-2-9-8-7,3* 5 3 4* 3* 2*,6,1.0,False,lesion>control
5359,8-4-5-4-5-4,3* 5 6 5 6 5,6,1.0,False,lesion>control
5360,8-4-5-8-1-8,3* 5 6 3* 2 3*,6,1.0,False,control>lesion
5361,8-4-5-8-7-0,3* 5 6 3* 2* 1,6,1.0,False,control>lesion
5362,8-5-0-5-0-5,3* 6 1 6 1 6,6,1.0,False,lesion>control
5363,8-5-1-0-8-1,3* 6 2 1 3* 2,6,1.0,False,lesion>control
5364,8-5-2-0-5-2,3* 6 3 1 6 3,6,1.0,False,lesion>control
5365,8-5-2-1-5-8,3* 6 3 2 6 3*,6,1.0,False,lesion>control
5366,8-5-3-8-0-1,3* 6 4 3* 1 2,6,1.0,False,control>lesion
5367,8-5-3-8-0-5,3* 6 4 3* 1 6,6,1.0,False,lesion>control
5368,8-5-3-8-4-3,3* 6 4 3* 5 4,6,1.0,False,lesion>control
5369,8-5-4-3-8-5,3* 6 5 4 3* 6,6,1.0,False,control>lesion
5370,8-5-8-5-2-3,3* 6 3* 6 3 4,6,1.0,False,lesion>control
5371,8-5-8-9-8-7,3* 6 3* 4* 3* 2*,6,1.0,False,control>lesion
5372,8-7-0-4-5-4,3* 2* 1 5 6 5,6,1.0,False,lesion>control
5373,8-7-1-0-3-8,3* 2* 2 1 4 3*,6,1.0,False,lesion>control
5374,8-7-3-1-0-3,3* 2* 4 2 1 4,6,1.0,False,control>lesion
5375,8-7-3-8-0-3,3* 2* 4 3* 1 4,6,1.0,False,control>lesion
5376,8-7-3-8-0-8,3* 2* 4 3* 1 3*,6,1.0,False,lesion>control
5377,8-7-3-8-5-2,3* 2* 4 3* 6 3,6,1.0,False,lesion>control
5378,8-7-8-1-3-1,3* 2* 3* 2 4 2,6,1.0,False,control>lesion
5379,8-7-8-1-3-4,3* 2* 3* 2 4 5,6,1.0,False,control>lesion
5380,8-7-8-1-8-8,3* 2* 3* 2 3* 3*,6,1.0,False,control>lesion
5381,8-8-9-8-3-8,3* 3* 4* 3* 4 3*,6,1.0,False,control>lesion
5382,8-9-1-0-8-1,3* 4* 2 1 3* 2,6,1.0,False,control>lesion
5383,8-9-3-4-5-8,3* 4* 4 5 6 3*,6,1.0,False,lesion>control
5384,8-9-4-3-4-8,3* 4* 5 4 5 3*,6,1.0,False,control>lesion
5385,8-9-4-8-3-1,3* 4* 5 3* 4 2,6,1.0,False,lesion>control
5386,8-9-8-3-4-1,3* 4* 3* 4 5 2,6,1.0,False,control>lesion
5387,8-9-8-4-2-7,3* 4* 3* 5 3 2*,6,1.0,False,lesion>control
5388,8-9-8-4-8-0,3* 4* 3* 5 3* 1,6,1.0,False,lesion>control
5389,8-9-8-4-8-7,3* 4* 3* 5 3* 2*,6,1.0,False,lesion>control
5390,8-9-8-5-4-8,3* 4* 3* 6 5 3*,6,1.0,False,lesion>control
5391,8-9-8-7-0-5,3* 4* 3* 2* 1 6,6,1.0,False,lesion>control
5392,8-9-8-7-1-0,3* 4* 3* 2* 2 1,6,1.0,False,control>lesion
5393,8-9-8-9-4-3,3* 4* 3* 4* 5 4,6,1.0,False,lesion>control
5394,9-1-3-8-7-8,4* 2 4 3* 2* 3*,6,1.0,False,lesion>control
5395,9-3-4-5-8-7,4* 4 5 6 3* 2*,6,1.0,False,lesion>control
5396,9-3-8-3-8-3,4* 4 3* 4 3* 4,6,1.0,False,control>lesion
5397,9-4-3-4-8-7,4* 5 4 5 3* 2*,6,1.0,False,control>lesion
5398,9-4-5-3-4-5,4* 5 6 4 5 6,6,1.0,False,control>lesion
5399,9-4-8-7-0-8,4* 5 3* 2* 1 3*,6,1.0,False,lesion>control
5400,9-4-8-7-3-8,4* 5 3* 2* 4 3*,6,1.0,False,lesion>control
5401,9-5-8-7-0-8,4* 6 3* 2* 1 3*,6,1.0,False,control>lesion
5402,9-8-3-8-0-8,4* 3* 4 3* 1 3*,6,1.0,False,control>lesion
5403,9-8-3-8-4-8,4* 3* 4 3* 5 3*,6,1.0,False,control>lesion
5404,9-8-3-8-5-3,4* 3* 4 3* 6 4,6,1.0,False,control>lesion
5405,9-8-3-8-5-4,4* 3* 4 3* 6 5,6,1.0,False,control>lesion
5406,9-8-3-8-5-8,4* 3* 4 3* 6 3*,6,1.0,False,control>lesion
5407,9-8-3-8-7-5,4* 3* 4 3* 2* 6,6,1.0,False,lesion>control
5408,9-8-4-8-7-8,4* 3* 5 3* 2* 3*,6,1.0,False,lesion>control
5409,9-8-7-0-3-4,4* 3* 2* 1 4 5,6,1.0,False,control>lesion
5410,9-8-7-0-5-4,4* 3* 2* 1 6 5,6,1.0,False,lesion>control
5411,9-8-7-3-5-4,4* 3* 2* 4 6 5,6,1.0,False,control>lesion
5412,9-8-7-3-8-0,4* 3* 2* 4 3* 1,6,1.0,False,lesion>control
5413,9-8-7-8-1-5,4* 3* 2* 3* 2 6,6,1.0,False,control>lesion
5414,9-8-7-8-4-5,4* 3* 2* 3* 5 6,6,1.0,False,control>lesion
5415,9-8-7-8-5-2,4* 3* 2* 3* 6 3,6,1.0,False,lesion>control
5416,9-8-7-8-5-9,4* 3* 2* 3* 6 4*,6,1.0,False,control>lesion
5417,9-8-9-4-3-8,4* 3* 4* 5 4 3*,6,1.0,False,lesion>control
5418,5-5,6 6,2,1.0,False,lesion>control
5419,0-3-3,1 4 4,3,1.0,False,lesion>control
5420,0-7-4,1 2* 5,3,1.0,False,control>lesion
5421,0-8-8,1 3* 3*,3,1.0,False,control>lesion
5422,1-1-0,2 2 1,3,1.0,False,lesion>control
5423,1-1-8,2 2 3*,3,1.0,False,lesion>control
5424,1-2-8,2 3 3*,3,1.0,False,lesion>control
5425,2-5-1,3 6 2,3,1.0,False,lesion>control
5426,2-8-5,3 3* 6,3,1.0,False,lesion>control
5427,2-9-4,3 4* 5,3,1.0,False,control>lesion
5428,3-0-2,4 1 3,3,1.0,False,control>lesion
5429,3-4-2,4 5 3,3,1.0,False,lesion>control
5430,3-7-0,4 2* 1,3,1.0,False,control>lesion
5431,3-7-3,4 2* 4,3,1.0,False,lesion>control
5432,3-7-8,4 2* 3*,3,1.0,False,lesion>control
5433,4-2-5,5 3 6,3,1.0,False,lesion>control
5434,4-7-0,5 2* 1,3,1.0,False,lesion>control
5435,5-0-9,6 1 4*,3,1.0,False,lesion>control
5436,5-3-7,6 4 2*,3,1.0,False,lesion>control
5437,5-7-3,6 2* 4,3,1.0,False,lesion>control
5438,7-1-8,2* 2 3*,3,1.0,False,lesion>control
5439,7-4-1,2* 5 2,3,1.0,False,lesion>control
5440,7-5-0,2* 6 1,3,1.0,False,lesion>control
5441,8-4-7,3* 5 2*,3,1.0,False,lesion>control
5442,8-8-5,3* 3* 6,3,1.0,False,lesion>control
5443,8-9-2,3* 4* 3,3,1.0,False,lesion>control
5444,9-0-3,4* 1 4,3,1.0,False,lesion>control
5445,9-2-1,4* 3 2,3,1.0,False,lesion>control
5446,9-8-1,4* 3* 2,3,1.0,False,control>lesion
5447,0-1-2-3,1 2 3 4,4,1.0,False,lesion>control
5448,0-1-8-3,1 2 3* 4,4,1.0,False,lesion>control
5449,0-2-1-0,1 3 2 1,4,1.0,False,lesion>control
5450,0-2-1-5,1 3 2 6,4,1.0,False,lesion>control
5451,0-2-3-5,1 3 4 6,4,1.0,False,control>lesion
5452,0-2-5-4,1 3 6 5,4,1.0,False,lesion>control
5453,0-2-9-4,1 3 4* 5,4,1.0,False,control>lesion
5454,0-2-9-5,1 3 4* 6,4,1.0,False,lesion>control
5455,0-3-0-7,1 4 1 2*,4,1.0,False,lesion>control
5456,0-3-2-3,1 4 3 4,4,1.0,False,lesion>control
5457,0-3-3-8,1 4 4 3*,4,1.0,False,lesion>control
5458,0-3-5-2,1 4 6 3,4,1.0,False,lesion>control
5459,0-3-8-9,1 4 3* 4*,4,1.0,False,control>lesion
5460,0-4-1-3,1 5 2 4,4,1.0,False,lesion>control
5461,0-4-2-7,1 5 3 2*,4,1.0,False,lesion>control
5462,0-4-8-5,1 5 3* 6,4,1.0,False,lesion>control
5463,0-4-8-9,1 5 3* 4*,4,1.0,False,control>lesion
5464,0-5-8-8,1 6 3* 3*,4,1.0,False,lesion>control
5465,0-7-0-1,1 2* 1 2,4,1.0,False,lesion>control
5466,0-7-3-8,1 2* 4 3*,4,1.0,False,lesion>control
5467,0-7-4-5,1 2* 5 6,4,1.0,False,control>lesion
5468,0-7-5-4,1 2* 6 5,4,1.0,False,lesion>control
5469,0-7-8-5,1 2* 3* 6,4,1.0,False,lesion>control
5470,0-8-0-4,1 3* 1 5,4,1.0,False,lesion>control
5471,0-8-3-3,1 3* 4 4,4,1.0,False,lesion>control
5472,0-8-4-1,1 3* 5 2,4,1.0,False,lesion>control
5473,0-8-8-9,1 3* 3* 4*,4,1.0,False,control>lesion
5474,0-9-1-8,1 4* 2 3*,4,1.0,False,lesion>control
5475,0-9-5-8,1 4* 6 3*,4,1.0,False,control>lesion
5476,0-9-8-3,1 4* 3* 4,4,1.0,False,lesion>control
5477,1-0-1-2,2 1 2 3,4,1.0,False,lesion>control
5478,1-2-1-0,2 3 2 1,4,1.0,False,lesion>control
5479,1-2-1-8,2 3 2 3*,4,1.0,False,lesion>control
5480,1-2-4-3,2 3 5 4,4,1.0,False,lesion>control
5481,1-2-5-2,2 3 6 3,4,1.0,False,lesion>control
5482,1-4-0-1,2 5 1 2,4,1.0,False,lesion>control
5483,1-4-1-3,2 5 2 4,4,1.0,False,lesion>control
5484,1-4-1-4,2 5 2 5,4,1.0,False,lesion>control
5485,1-4-2-0,2 5 3 1,4,1.0,False,lesion>control
5486,1-4-2-1,2 5 3 2,4,1.0,False,lesion>control
5487,1-4-5-1,2 5 6 2,4,1.0,False,lesion>control
5488,1-5-4-1,2 6 5 2,4,1.0,False,lesion>control
5489,1-5-8-4,2 6 3* 5,4,1.0,False,lesion>control
5490,1-5-8-7,2 6 3* 2*,4,1.0,False,lesion>control
5491,1-8-0-5,2 3* 1 6,4,1.0,False,control>lesion
5492,1-8-3-1,2 3* 4 2,4,1.0,False,lesion>control
5493,1-8-3-4,2 3* 4 5,4,1.0,False,lesion>control
5494,1-8-3-8,2 3* 4 3*,4,1.0,False,lesion>control
5495,1-8-4-0,2 3* 5 1,4,1.0,False,lesion>control
5496,1-8-7-5,2 3* 2* 6,4,1.0,False,lesion>control
5497,1-8-8-7,2 3* 3* 2*,4,1.0,False,lesion>control
5498,2-0-2-0,3 1 3 1,4,1.0,False,lesion>control
5499,2-0-5-0,3 1 6 1,4,1.0,False,lesion>control
5500,2-0-7-0,3 1 2* 1,4,1.0,False,lesion>control
5501,2-0-7-8,3 1 2* 3*,4,1.0,False,lesion>control
5502,2-0-8-3,3 1 3* 4,4,1.0,False,control>lesion
5503,2-0-8-5,3 1 3* 6,4,1.0,False,lesion>control
5504,2-1-2-5,3 2 3 6,4,1.0,False,lesion>control
5505,2-1-3-4,3 2 4 5,4,1.0,False,lesion>control
5506,2-1-5-4,3 2 6 5,4,1.0,False,lesion>control
5507,2-1-8-3,3 2 3* 4,4,1.0,False,control>lesion
5508,2-3-0-1,3 4 1 2,4,1.0,False,lesion>control
5509,2-3-0-8,3 4 1 3*,4,1.0,False,lesion>control
5510,2-3-2-0,3 4 3 1,4,1.0,False,lesion>control
5511,2-3-2-1,3 4 3 2,4,1.0,False,lesion>control
5512,2-3-2-3,3 4 3 4,4,1.0,False,lesion>control
5513,2-3-4-3,3 4 5 4,4,1.0,False,lesion>control
5514,2-3-5-0,3 4 6 1,4,1.0,False,control>lesion
5515,2-3-5-8,3 4 6 3*,4,1.0,False,lesion>control
5516,2-3-8-5,3 4 3* 6,4,1.0,False,lesion>control
5517,2-5-0-5,3 6 1 6,4,1.0,False,lesion>control
5518,2-5-2-1,3 6 3 2,4,1.0,False,lesion>control
5519,2-5-2-7,3 6 3 2*,4,1.0,False,lesion>control
5520,2-5-3-8,3 6 4 3*,4,1.0,False,lesion>control
5521,2-5-7-3,3 6 2* 4,4,1.0,False,lesion>control
5522,2-5-8-1,3 6 3* 2,4,1.0,False,lesion>control
5523,2-7-5-8,3 2* 6 3*,4,1.0,False,lesion>control
5524,2-7-8-4,3 2* 3* 5,4,1.0,False,lesion>control
5525,2-8-7-3,3 3* 2* 4,4,1.0,False,lesion>control
5526,2-9-1-3,3 4* 2 4,4,1.0,False,lesion>control
5527,2-9-4-8,3 4* 5 3*,4,1.0,False,control>lesion
5528,2-9-8-0,3 4* 3* 1,4,1.0,False,control>lesion
5529,3-0-4-1,4 1 5 2,4,1.0,False,lesion>control
5530,3-1-4-1,4 2 5 2,4,1.0,False,lesion>control
5531,3-1-8-4,4 2 3* 5,4,1.0,False,lesion>control
5532,3-1-8-7,4 2 3* 2*,4,1.0,False,control>lesion
5533,3-2-0-2,4 3 1 3,4,1.0,False,lesion>control
5534,3-2-0-5,4 3 1 6,4,1.0,False,lesion>control
5535,3-2-0-7,4 3 1 2*,4,1.0,False,lesion>control
5536,3-2-1-2,4 3 2 3,4,1.0,False,lesion>control
5537,3-2-1-4,4 3 2 5,4,1.0,False,lesion>control
5538,3-2-1-5,4 3 2 6,4,1.0,False,lesion>control
5539,3-2-5-3,4 3 6 4,4,1.0,False,control>lesion
5540,3-4-0-4,4 5 1 5,4,1.0,False,lesion>control
5541,3-4-1-5,4 5 2 6,4,1.0,False,lesion>control
5542,3-4-8-5,4 5 3* 6,4,1.0,False,lesion>control
5543,3-4-8-9,4 5 3* 4*,4,1.0,False,control>lesion
5544,3-5-3-2,4 6 4 3,4,1.0,False,lesion>control
5545,3-5-8-9,4 6 3* 4*,4,1.0,False,lesion>control
5546,3-8-4-0,4 3* 5 1,4,1.0,False,lesion>control
5547,3-8-7-2,4 3* 2* 3,4,1.0,False,lesion>control
5548,3-8-9-0,4 3* 4* 1,4,1.0,False,lesion>control
5549,4-0-1-4,5 1 2 5,4,1.0,False,lesion>control
5550,4-0-3-1,5 1 4 2,4,1.0,False,lesion>control
5551,4-0-5-1,5 1 6 2,4,1.0,False,control>lesion
5552,4-0-8-4,5 1 3* 5,4,1.0,False,lesion>control
5553,4-0-8-5,5 1 3* 6,4,1.0,False,control>lesion
5554,4-1-3-4,5 2 4 5,4,1.0,False,lesion>control
5555,4-1-4-5,5 2 5 6,4,1.0,False,lesion>control
5556,4-1-8-0,5 2 3* 1,4,1.0,False,lesion>control
5557,4-2-0-1,5 3 1 2,4,1.0,False,lesion>control
5558,4-2-3-5,5 3 4 6,4,1.0,False,lesion>control
5559,4-2-7-3,5 3 2* 4,4,1.0,False,lesion>control
5560,4-2-7-5,5 3 2* 6,4,1.0,False,lesion>control
5561,4-3-2-1,5 4 3 2,4,1.0,False,lesion>control
5562,4-3-5-1,5 4 6 2,4,1.0,False,control>lesion
5563,4-3-8-8,5 4 3* 3*,4,1.0,False,control>lesion
5564,4-5-2-0,5 6 3 1,4,1.0,False,lesion>control
5565,4-5-2-1,5 6 3 2,4,1.0,False,lesion>control
5566,4-5-2-3,5 6 3 4,4,1.0,False,lesion>control
5567,4-8-0-4,5 3* 1 5,4,1.0,False,lesion>control
5568,4-8-0-9,5 3* 1 4*,4,1.0,False,control>lesion
5569,4-8-4-0,5 3* 5 1,4,1.0,False,lesion>control
5570,4-8-4-3,5 3* 5 4,4,1.0,False,control>lesion
5571,4-8-4-5,5 3* 5 6,4,1.0,False,control>lesion
5572,4-8-5-1,5 3* 6 2,4,1.0,False,lesion>control
5573,4-8-5-2,5 3* 6 3,4,1.0,False,lesion>control
5574,4-8-7-4,5 3* 2* 5,4,1.0,False,lesion>control
5575,4-8-8-7,5 3* 3* 2*,4,1.0,False,control>lesion
5576,5-0-2-5,6 1 3 6,4,1.0,False,lesion>control
5577,5-0-4-3,6 1 5 4,4,1.0,False,lesion>control
5578,5-0-8-4,6 1 3* 5,4,1.0,False,lesion>control
5579,5-0-8-8,6 1 3* 3*,4,1.0,False,control>lesion
5580,5-1-2-1,6 2 3 2,4,1.0,False,control>lesion
5581,5-1-4-1,6 2 5 2,4,1.0,False,lesion>control
5582,5-1-8-5,6 2 3* 6,4,1.0,False,lesion>control
5583,5-2-0-7,6 3 1 2*,4,1.0,False,lesion>control
5584,5-2-3-4,6 3 4 5,4,1.0,False,lesion>control
5585,5-2-4-8,6 3 5 3*,4,1.0,False,lesion>control
5586,5-2-5-7,6 3 6 2*,4,1.0,False,lesion>control
5587,5-2-7-0,6 3 2* 1,4,1.0,False,lesion>control
5588,5-2-9-5,6 3 4* 6,4,1.0,False,lesion>control
5589,5-3-8-1,6 4 3* 2,4,1.0,False,lesion>control
5590,5-4-8-4,6 5 3* 5,4,1.0,False,control>lesion
5591,5-7-3-0,6 2* 4 1,4,1.0,False,lesion>control
5592,5-7-8-1,6 2* 3* 2,4,1.0,False,lesion>control
5593,5-8-0-4,6 3* 1 5,4,1.0,False,lesion>control
5594,5-8-3-2,6 3* 4 3,4,1.0,False,lesion>control
5595,5-8-4-2,6 3* 5 3,4,1.0,False,lesion>control
5596,5-8-4-3,6 3* 5 4,4,1.0,False,lesion>control
5597,5-8-8-9,6 3* 3* 4*,4,1.0,False,lesion>control
5598,5-9-4-8,6 4* 5 3*,4,1.0,False,lesion>control
5599,5-9-8-0,6 4* 3* 1,4,1.0,False,lesion>control
5600,7-0-4-1,2* 1 5 2,4,1.0,False,lesion>control
5601,7-3-1-8,2* 4 2 3*,4,1.0,False,lesion>control
5602,7-3-4-0,2* 4 5 1,4,1.0,False,control>lesion
5603,7-4-0-3,2* 5 1 4,4,1.0,False,lesion>control
5604,7-4-5-3,2* 5 6 4,4,1.0,False,lesion>control
5605,7-5-0-5,2* 6 1 6,4,1.0,False,lesion>control
5606,7-5-8-4,2* 6 3* 5,4,1.0,False,lesion>control
5607,7-8-0-2,2* 3* 1 3,4,1.0,False,lesion>control
5608,7-8-0-8,2* 3* 1 3*,4,1.0,False,lesion>control
5609,7-8-0-9,2* 3* 1 4*,4,1.0,False,lesion>control
5610,7-8-8-7,2* 3* 3* 2*,4,1.0,False,control>lesion
5611,8-0-3-3,3* 1 4 4,4,1.0,False,lesion>control
5612,8-0-7-0,3* 1 2* 1,4,1.0,False,control>lesion
5613,8-0-9-1,3* 1 4* 2,4,1.0,False,lesion>control
5614,8-1-2-0,3* 2 3 1,4,1.0,False,control>lesion
5615,8-1-4-0,3* 2 5 1,4,1.0,False,lesion>control
5616,8-1-4-2,3* 2 5 3,4,1.0,False,lesion>control
5617,8-3-0-7,3* 4 1 2*,4,1.0,False,lesion>control
5618,8-3-3-4,3* 4 4 5,4,1.0,False,lesion>control
5619,8-3-5-2,3* 4 6 3,4,1.0,False,lesion>control
5620,8-3-7-3,3* 4 2* 4,4,1.0,False,lesion>control
5621,8-3-8-1,3* 4 3* 2,4,1.0,False,lesion>control
5622,8-4-0-1,3* 5 1 2,4,1.0,False,lesion>control
5623,8-4-0-3,3* 5 1 4,4,1.0,False,lesion>control
5624,8-4-1-8,3* 5 2 3*,4,1.0,False,lesion>control
5625,8-5-3-0,3* 6 4 1,4,1.0,False,lesion>control
5626,8-5-9-4,3* 6 4* 5,4,1.0,False,lesion>control
5627,8-7-1-8,3* 2* 2 3*,4,1.0,False,lesion>control
5628,8-7-4-1,3* 2* 5 2,4,1.0,False,lesion>control
5629,8-8-0-1,3* 3* 1 2,4,1.0,False,control>lesion
5630,8-8-0-9,3* 3* 1 4*,4,1.0,False,lesion>control
5631,8-8-7-3,3* 3* 2* 4,4,1.0,False,control>lesion
5632,8-8-9-5,3* 3* 4* 6,4,1.0,False,control>lesion
5633,8-9-0-3,3* 4* 1 4,4,1.0,False,lesion>control
5634,8-9-8-1,3* 4* 3* 2,4,1.0,False,control>lesion
5635,8-9-8-8,3* 4* 3* 3*,4,1.0,False,lesion>control
5636,9-0-1-5,4* 1 2 6,4,1.0,False,lesion>control
5637,9-0-8-5,4* 1 3* 6,4,1.0,False,lesion>control
5638,9-0-8-7,4* 1 3* 2*,4,1.0,False,lesion>control
5639,9-1-0-3,4* 2 1 4,4,1.0,False,lesion>control
5640,9-1-3-4,4* 2 4 5,4,1.0,False,lesion>control
5641,9-1-3-5,4* 2 4 6,4,1.0,False,lesion>control
5642,9-1-5-1,4* 2 6 2,4,1.0,False,lesion>control
5643,9-1-5-8,4* 2 6 3*,4,1.0,False,lesion>control
5644,9-1-8-0,4* 2 3* 1,4,1.0,False,lesion>control
5645,9-1-8-3,4* 2 3* 4,4,1.0,False,control>lesion
5646,9-3-4-8,4* 4 5 3*,4,1.0,False,lesion>control
5647,9-4-0-8,4* 5 1 3*,4,1.0,False,lesion>control
5648,9-4-1-3,4* 5 2 4,4,1.0,False,lesion>control
5649,9-5-0-3,4* 6 1 4,4,1.0,False,lesion>control
5650,9-5-0-8,4* 6 1 3*,4,1.0,False,lesion>control
5651,9-5-3-0,4* 6 4 1,4,1.0,False,control>lesion
5652,9-5-3-1,4* 6 4 2,4,1.0,False,lesion>control
5653,9-8-9-0,4* 3* 4* 1,4,1.0,False,control>lesion
5654,0-1-0-3-4,1 2 1 4 5,5,1.0,False,lesion>control
5655,0-1-0-4-8,1 2 1 5 3*,5,1.0,False,control>lesion
5656,0-1-0-5-0,1 2 1 6 1,5,1.0,False,lesion>control
5657,0-1-0-5-1,1 2 1 6 2,5,1.0,False,lesion>control
5658,0-1-0-8-3,1 2 1 3* 4,5,1.0,False,lesion>control
5659,0-1-3-4-1,1 2 4 5 2,5,1.0,False,lesion>control
5660,0-1-3-5-1,1 2 4 6 2,5,1.0,False,lesion>control
5661,0-1-4-0-1,1 2 5 1 2,5,1.0,False,lesion>control
5662,0-1-4-3-8,1 2 5 4 3*,5,1.0,False,control>lesion
5663,0-1-4-5-0,1 2 5 6 1,5,1.0,False,lesion>control
5664,0-1-4-8-9,1 2 5 3* 4*,5,1.0,False,lesion>control
5665,0-1-5-1-0,1 2 6 2 1,5,1.0,False,lesion>control
5666,0-1-5-3-4,1 2 6 4 5,5,1.0,False,control>lesion
5667,0-1-5-3-5,1 2 6 4 6,5,1.0,False,control>lesion
5668,0-1-5-4-0,1 2 6 5 1,5,1.0,False,control>lesion
5669,0-1-8-0-3,1 2 3* 1 4,5,1.0,False,lesion>control
5670,0-1-8-4-2,1 2 3* 5 3,5,1.0,False,control>lesion
5671,0-1-8-4-3,1 2 3* 5 4,5,1.0,False,lesion>control
5672,0-1-8-4-8,1 2 3* 5 3*,5,1.0,False,control>lesion
5673,0-1-8-5-3,1 2 3* 6 4,5,1.0,False,control>lesion
5674,0-2-0-2-9,1 3 1 3 4*,5,1.0,False,lesion>control
5675,0-2-7-0-8,1 3 2* 1 3*,5,1.0,False,control>lesion
5676,0-2-7-8-1,1 3 2* 3* 2,5,1.0,False,lesion>control
5677,0-2-9-4-8,1 3 4* 5 3*,5,1.0,False,control>lesion
5678,0-2-9-5-8,1 3 4* 6 3*,5,1.0,False,lesion>control
5679,0-2-9-8-0,1 3 4* 3* 1,5,1.0,False,control>lesion
5680,0-2-9-8-7,1 3 4* 3* 2*,5,1.0,False,lesion>control
5681,0-3-0-1-8,1 4 1 2 3*,5,1.0,False,lesion>control
5682,0-3-0-4-5,1 4 1 5 6,5,1.0,False,lesion>control
5683,0-3-0-5-1,1 4 1 6 2,5,1.0,False,control>lesion
5684,0-3-0-5-8,1 4 1 6 3*,5,1.0,False,lesion>control
5685,0-3-1-4-8,1 4 2 5 3*,5,1.0,False,lesion>control
5686,0-3-1-5-1,1 4 2 6 2,5,1.0,False,lesion>control
5687,0-3-1-8-9,1 4 2 3* 4*,5,1.0,False,lesion>control
5688,0-3-2-3-2,1 4 3 4 3,5,1.0,False,lesion>control
5689,0-3-4-0-8,1 4 5 1 3*,5,1.0,False,lesion>control
5690,0-3-4-3-1,1 4 5 4 2,5,1.0,False,lesion>control
5691,0-3-4-8-0,1 4 5 3* 1,5,1.0,False,lesion>control
5692,0-3-5-1-3,1 4 6 2 4,5,1.0,False,control>lesion
5693,0-3-5-1-8,1 4 6 2 3*,5,1.0,False,control>lesion
5694,0-3-5-2-0,1 4 6 3 1,5,1.0,False,lesion>control
5695,0-3-5-3-1,1 4 6 4 2,5,1.0,False,lesion>control
5696,0-3-5-3-4,1 4 6 4 5,5,1.0,False,lesion>control
5697,0-3-5-4-0,1 4 6 5 1,5,1.0,False,lesion>control
5698,0-3-5-8-4,1 4 6 3* 5,5,1.0,False,lesion>control
5699,0-3-5-8-5,1 4 6 3* 6,5,1.0,False,control>lesion
5700,0-3-8-0-2,1 4 3* 1 3,5,1.0,False,control>lesion
5701,0-3-8-0-7,1 4 3* 1 2*,5,1.0,False,lesion>control
5702,0-3-8-1-3,1 4 3* 2 4,5,1.0,False,lesion>control
5703,0-3-8-1-8,1 4 3* 2 3*,5,1.0,False,lesion>control
5704,0-3-8-3-3,1 4 3* 4 4,5,1.0,False,lesion>control
5705,0-3-8-3-5,1 4 3* 4 6,5,1.0,False,lesion>control
5706,0-3-8-4-2,1 4 3* 5 3,5,1.0,False,lesion>control
5707,0-3-8-4-5,1 4 3* 5 6,5,1.0,False,lesion>control
5708,0-3-8-5-2,1 4 3* 6 3,5,1.0,False,lesion>control
5709,0-3-8-9-8,1 4 3* 4* 3*,5,1.0,False,control>lesion
5710,0-4-0-1-3,1 5 1 2 4,5,1.0,False,control>lesion
5711,0-4-0-8-3,1 5 1 3* 4,5,1.0,False,control>lesion
5712,0-4-1-3-1,1 5 2 4 2,5,1.0,False,lesion>control
5713,0-4-1-4-5,1 5 2 5 6,5,1.0,False,lesion>control
5714,0-4-3-8-0,1 5 4 3* 1,5,1.0,False,lesion>control
5715,0-4-5-1-3,1 5 6 2 4,5,1.0,False,lesion>control
5716,0-4-5-1-8,1 5 6 2 3*,5,1.0,False,control>lesion
5717,0-4-5-3-0,1 5 6 4 1,5,1.0,False,lesion>control
5718,0-4-5-3-8,1 5 6 4 3*,5,1.0,False,lesion>control
5719,0-4-5-4-3,1 5 6 5 4,5,1.0,False,lesion>control
5720,0-4-5-4-5,1 5 6 5 6,5,1.0,False,lesion>control
5721,0-4-5-8-0,1 5 6 3* 1,5,1.0,False,lesion>control
5722,0-4-5-8-4,1 5 6 3* 5,5,1.0,False,lesion>control
5723,0-4-8-0-1,1 5 3* 1 2,5,1.0,False,control>lesion
5724,0-4-8-0-2,1 5 3* 1 3,5,1.0,False,lesion>control
5725,0-4-8-0-3,1 5 3* 1 4,5,1.0,False,lesion>control
5726,0-4-8-0-8,1 5 3* 1 3*,5,1.0,False,lesion>control
5727,0-5-0-1-0,1 6 1 2 1,5,1.0,False,lesion>control
5728,0-5-0-1-5,1 6 1 2 6,5,1.0,False,lesion>control
5729,0-5-0-1-8,1 6 1 2 3*,5,1.0,False,lesion>control
5730,0-5-0-3-4,1 6 1 4 5,5,1.0,False,control>lesion
5731,0-5-0-4-1,1 6 1 5 2,5,1.0,False,lesion>control
5732,0-5-0-4-8,1 6 1 5 3*,5,1.0,False,control>lesion
5733,0-5-0-5-3,1 6 1 6 4,5,1.0,False,lesion>control
5734,0-5-0-8-1,1 6 1 3* 2,5,1.0,False,lesion>control
5735,0-5-0-8-3,1 6 1 3* 4,5,1.0,False,lesion>control
5736,0-5-0-8-9,1 6 1 3* 4*,5,1.0,False,lesion>control
5737,0-5-1-0-1,1 6 2 1 2,5,1.0,False,lesion>control
5738,0-5-1-3-1,1 6 2 4 2,5,1.0,False,lesion>control
5739,0-5-1-5-1,1 6 2 6 2,5,1.0,False,lesion>control
5740,0-5-1-8-1,1 6 2 3* 2,5,1.0,False,control>lesion
5741,0-5-1-8-9,1 6 2 3* 4*,5,1.0,False,control>lesion
5742,0-5-2-5-2,1 6 3 6 3,5,1.0,False,lesion>control
5743,0-5-3-1-8,1 6 4 2 3*,5,1.0,False,control>lesion
5744,0-5-3-4-0,1 6 4 5 1,5,1.0,False,control>lesion
5745,0-5-3-5-4,1 6 4 6 5,5,1.0,False,control>lesion
5746,0-5-3-8-3,1 6 4 3* 4,5,1.0,False,control>lesion
5747,0-5-4-0-3,1 6 5 1 4,5,1.0,False,control>lesion
5748,0-5-4-3-1,1 6 5 4 2,5,1.0,False,lesion>control
5749,0-5-4-3-4,1 6 5 4 5,5,1.0,False,control>lesion
5750,0-5-4-5-0,1 6 5 6 1,5,1.0,False,lesion>control
5751,0-5-8-0-1,1 6 3* 1 2,5,1.0,False,control>lesion
5752,0-5-8-0-8,1 6 3* 1 3*,5,1.0,False,lesion>control
5753,0-5-8-3-1,1 6 3* 4 2,5,1.0,False,lesion>control
5754,0-5-8-3-4,1 6 3* 4 5,5,1.0,False,control>lesion
5755,0-5-8-5-3,1 6 3* 6 4,5,1.0,False,lesion>control
5756,0-5-8-7-8,1 6 3* 2* 3*,5,1.0,False,control>lesion
5757,0-7-3-8-7,1 2* 4 3* 2*,5,1.0,False,lesion>control
5758,0-8-0-1-0,1 3* 1 2 1,5,1.0,False,control>lesion
5759,0-8-0-1-3,1 3* 1 2 4,5,1.0,False,lesion>control
5760,0-8-0-1-5,1 3* 1 2 6,5,1.0,False,lesion>control
5761,0-8-0-2-1,1 3* 1 3 2,5,1.0,False,lesion>control
5762,0-8-0-5-1,1 3* 1 6 2,5,1.0,False,lesion>control
5763,0-8-0-5-3,1 3* 1 6 4,5,1.0,False,lesion>control
5764,0-8-0-8-3,1 3* 1 3* 4,5,1.0,False,lesion>control
5765,0-8-1-0-4,1 3* 2 1 5,5,1.0,False,lesion>control
5766,0-8-1-3-0,1 3* 2 4 1,5,1.0,False,lesion>control
5767,0-8-1-5-4,1 3* 2 6 5,5,1.0,False,lesion>control
5768,0-8-1-8-0,1 3* 2 3* 1,5,1.0,False,lesion>control
5769,0-8-1-8-5,1 3* 2 3* 6,5,1.0,False,lesion>control
5770,0-8-3-0-8,1 3* 4 1 3*,5,1.0,False,lesion>control
5771,0-8-3-4-0,1 3* 4 5 1,5,1.0,False,lesion>control
5772,0-8-3-8-0,1 3* 4 3* 1,5,1.0,False,lesion>control
5773,0-8-4-5-8,1 3* 5 6 3*,5,1.0,False,lesion>control
5774,0-8-5-0-3,1 3* 6 1 4,5,1.0,False,lesion>control
5775,0-8-5-1-0,1 3* 6 2 1,5,1.0,False,lesion>control
5776,0-8-5-2-0,1 3* 6 3 1,5,1.0,False,lesion>control
5777,0-8-5-2-1,1 3* 6 3 2,5,1.0,False,lesion>control
5778,0-8-5-2-5,1 3* 6 3 6,5,1.0,False,lesion>control
5779,0-8-5-3-8,1 3* 6 4 3*,5,1.0,False,control>lesion
5780,0-8-5-4-8,1 3* 6 5 3*,5,1.0,False,control>lesion
5781,0-8-7-3-1,1 3* 2* 4 2,5,1.0,False,lesion>control
5782,0-8-7-3-5,1 3* 2* 4 6,5,1.0,False,control>lesion
5783,0-8-7-3-8,1 3* 2* 4 3*,5,1.0,False,lesion>control
5784,0-8-9-5-0,1 3* 4* 6 1,5,1.0,False,lesion>control
5785,0-9-8-3-8,1 4* 3* 4 3*,5,1.0,False,lesion>control
5786,0-9-8-7-0,1 4* 3* 2* 1,5,1.0,False,control>lesion
5787,0-9-8-7-3,1 4* 3* 2* 4,5,1.0,False,lesion>control
5788,1-0-1-5-0,2 1 2 6 1,5,1.0,False,lesion>control
5789,1-0-1-5-3,2 1 2 6 4,5,1.0,False,control>lesion
5790,1-0-1-8-5,2 1 2 3* 6,5,1.0,False,control>lesion
5791,1-0-2-3-8,2 1 3 4 3*,5,1.0,False,control>lesion
5792,1-0-3-0-1,2 1 4 1 2,5,1.0,False,lesion>control
5793,1-0-3-1-5,2 1 4 2 6,5,1.0,False,lesion>control
5794,1-0-3-1-8,2 1 4 2 3*,5,1.0,False,lesion>control
5795,1-0-3-4-0,2 1 4 5 1,5,1.0,False,lesion>control
5796,1-0-3-4-1,2 1 4 5 2,5,1.0,False,lesion>control
5797,1-0-4-1-4,2 1 5 2 5,5,1.0,False,lesion>control
5798,1-0-5-0-4,2 1 6 1 5,5,1.0,False,lesion>control
5799,1-0-5-0-8,2 1 6 1 3*,5,1.0,False,lesion>control
5800,1-0-5-3-5,2 1 6 4 6,5,1.0,False,control>lesion
5801,1-0-5-4-1,2 1 6 5 2,5,1.0,False,control>lesion
5802,1-0-5-8-3,2 1 6 3* 4,5,1.0,False,lesion>control
5803,1-0-5-8-5,2 1 6 3* 6,5,1.0,False,lesion>control
5804,1-0-5-8-7,2 1 6 3* 2*,5,1.0,False,control>lesion
5805,1-0-8-1-4,2 1 3* 2 5,5,1.0,False,lesion>control
5806,1-0-8-3-4,2 1 3* 4 5,5,1.0,False,lesion>control
5807,1-0-8-5-0,2 1 3* 6 1,5,1.0,False,lesion>control
5808,1-0-8-5-2,2 1 3* 6 3,5,1.0,False,control>lesion
5809,1-0-8-7-0,2 1 3* 2* 1,5,1.0,False,control>lesion
5810,1-2-1-8-7,2 3 2 3* 2*,5,1.0,False,lesion>control
5811,1-2-3-0-1,2 3 4 1 2,5,1.0,False,lesion>control
5812,1-2-3-4-3,2 3 4 5 4,5,1.0,False,lesion>control
5813,1-2-9-8-5,2 3 4* 3* 6,5,1.0,False,lesion>control
5814,1-3-0-1-3,2 4 1 2 4,5,1.0,False,lesion>control
5815,1-3-0-3-1,2 4 1 4 2,5,1.0,False,lesion>control
5816,1-3-0-4-5,2 4 1 5 6,5,1.0,False,lesion>control
5817,1-3-0-5-4,2 4 1 6 5,5,1.0,False,control>lesion
5818,1-3-0-8-0,2 4 1 3* 1,5,1.0,False,control>lesion
5819,1-3-1-0-1,2 4 2 1 2,5,1.0,False,control>lesion
5820,1-3-1-4-5,2 4 2 5 6,5,1.0,False,lesion>control
5821,1-3-1-4-8,2 4 2 5 3*,5,1.0,False,lesion>control
5822,1-3-1-5-0,2 4 2 6 1,5,1.0,False,lesion>control
5823,1-3-4-0-8,2 4 5 1 3*,5,1.0,False,lesion>control
5824,1-3-4-1-0,2 4 5 2 1,5,1.0,False,lesion>control
5825,1-3-4-1-5,2 4 5 2 6,5,1.0,False,lesion>control
5826,1-3-4-3-0,2 4 5 4 1,5,1.0,False,control>lesion
5827,1-3-4-8-0,2 4 5 3* 1,5,1.0,False,lesion>control
5828,1-3-5-0-1,2 4 6 1 2,5,1.0,False,control>lesion
5829,1-3-5-0-3,2 4 6 1 4,5,1.0,False,lesion>control
5830,1-3-5-0-4,2 4 6 1 5,5,1.0,False,lesion>control
5831,1-3-5-1-5,2 4 6 2 6,5,1.0,False,control>lesion
5832,1-3-5-4-5,2 4 6 5 6,5,1.0,False,control>lesion
5833,1-3-8-0-4,2 4 3* 1 5,5,1.0,False,lesion>control
5834,1-3-8-0-5,2 4 3* 1 6,5,1.0,False,lesion>control
5835,1-3-8-3-0,2 4 3* 4 1,5,1.0,False,control>lesion
5836,1-3-8-7-2,2 4 3* 2* 3,5,1.0,False,lesion>control
5837,1-4-0-5-0,2 5 1 6 1,5,1.0,False,lesion>control
5838,1-4-1-3-8,2 5 2 4 3*,5,1.0,False,lesion>control
5839,1-4-2-0-2,2 5 3 1 3,5,1.0,False,lesion>control
5840,1-4-5-0-8,2 5 6 1 3*,5,1.0,False,lesion>control
5841,1-4-5-1-0,2 5 6 2 1,5,1.0,False,lesion>control
5842,1-4-8-0-1,2 5 3* 1 2,5,1.0,False,lesion>control
5843,1-4-8-0-2,2 5 3* 1 3,5,1.0,False,control>lesion
5844,1-4-8-0-4,2 5 3* 1 5,5,1.0,False,lesion>control
5845,1-4-8-1-4,2 5 3* 2 5,5,1.0,False,lesion>control
5846,1-5-0-1-3,2 6 1 2 4,5,1.0,False,lesion>control
5847,1-5-0-1-5,2 6 1 2 6,5,1.0,False,lesion>control
5848,1-5-0-3-4,2 6 1 4 5,5,1.0,False,control>lesion
5849,1-5-0-5-3,2 6 1 6 4,5,1.0,False,control>lesion
5850,1-5-0-8-9,2 6 1 3* 4*,5,1.0,False,lesion>control
5851,1-5-3-0-1,2 6 4 1 2,5,1.0,False,lesion>control
5852,1-5-3-1-3,2 6 4 2 4,5,1.0,False,lesion>control
5853,1-5-3-1-8,2 6 4 2 3*,5,1.0,False,control>lesion
5854,1-5-3-4-0,2 6 4 5 1,5,1.0,False,lesion>control
5855,1-5-3-8-4,2 6 4 3* 5,5,1.0,False,lesion>control
5856,1-5-3-8-5,2 6 4 3* 6,5,1.0,False,lesion>control
5857,1-5-4-0-1,2 6 5 1 2,5,1.0,False,lesion>control
5858,1-5-4-0-8,2 6 5 1 3*,5,1.0,False,control>lesion
5859,1-5-4-3-0,2 6 5 4 1,5,1.0,False,control>lesion
5860,1-5-4-5-3,2 6 5 6 4,5,1.0,False,control>lesion
5861,1-5-4-5-8,2 6 5 6 3*,5,1.0,False,lesion>control
5862,1-5-8-0-3,2 6 3* 1 4,5,1.0,False,lesion>control
5863,1-5-8-9-0,2 6 3* 4* 1,5,1.0,False,lesion>control
5864,1-5-8-9-1,2 6 3* 4* 2,5,1.0,False,lesion>control
5865,1-5-8-9-4,2 6 3* 4* 5,5,1.0,False,lesion>control
5866,1-8-0-9-1,2 3* 1 4* 2,5,1.0,False,lesion>control
5867,1-8-0-9-5,2 3* 1 4* 6,5,1.0,False,lesion>control
5868,1-8-1-3-0,2 3* 2 4 1,5,1.0,False,lesion>control
5869,1-8-1-5-0,2 3* 2 6 1,5,1.0,False,control>lesion
5870,1-8-3-1-8,2 3* 4 2 3*,5,1.0,False,lesion>control
5871,1-8-3-2-7,2 3* 4 3 2*,5,1.0,False,lesion>control
5872,1-8-3-4-5,2 3* 4 5 6,5,1.0,False,lesion>control
5873,1-8-4-0-1,2 3* 5 1 2,5,1.0,False,lesion>control
5874,1-8-4-5-0,2 3* 5 6 1,5,1.0,False,lesion>control
5875,1-8-4-5-2,2 3* 5 6 3,5,1.0,False,lesion>control
5876,1-8-4-5-3,2 3* 5 6 4,5,1.0,False,control>lesion
5877,1-8-5-0-1,2 3* 6 1 2,5,1.0,False,lesion>control
5878,1-8-5-0-5,2 3* 6 1 6,5,1.0,False,control>lesion
5879,1-8-5-1-8,2 3* 6 2 3*,5,1.0,False,lesion>control
5880,1-8-5-2-0,2 3* 6 3 1,5,1.0,False,lesion>control
5881,1-8-5-4-5,2 3* 6 5 6,5,1.0,False,control>lesion
5882,1-8-5-9-4,2 3* 6 4* 5,5,1.0,False,lesion>control
5883,1-8-8-0-9,2 3* 3* 1 4*,5,1.0,False,lesion>control
5884,1-8-8-7-0,2 3* 3* 2* 1,5,1.0,False,lesion>control
5885,1-8-9-3-0,2 3* 4* 4 1,5,1.0,False,control>lesion
5886,1-8-9-4-0,2 3* 4* 5 1,5,1.0,False,lesion>control
5887,1-8-9-4-1,2 3* 4* 5 2,5,1.0,False,lesion>control
5888,2-0-2-0-5,3 1 3 1 6,5,1.0,False,lesion>control
5889,2-0-2-1-8,3 1 3 2 3*,5,1.0,False,lesion>control
5890,2-0-2-9-5,3 1 3 4* 6,5,1.0,False,lesion>control
5891,2-0-2-9-8,3 1 3 4* 3*,5,1.0,False,lesion>control
5892,2-0-5-2-0,3 1 6 3 1,5,1.0,False,lesion>control
5893,2-0-5-2-5,3 1 6 3 6,5,1.0,False,lesion>control
5894,2-0-5-8-5,3 1 6 3* 6,5,1.0,False,lesion>control
5895,2-0-8-3-8,3 1 3* 4 3*,5,1.0,False,control>lesion
5896,2-0-9-8-3,3 1 4* 3* 4,5,1.0,False,lesion>control
5897,2-0-9-8-7,3 1 4* 3* 2*,5,1.0,False,lesion>control
5898,2-1-0-1-2,3 2 1 2 3,5,1.0,False,lesion>control
5899,2-1-0-3-1,3 2 1 4 2,5,1.0,False,lesion>control
5900,2-1-0-8-3,3 2 1 3* 4,5,1.0,False,lesion>control
5901,2-1-2-5-2,3 2 3 6 3,5,1.0,False,lesion>control
5902,2-1-3-4-8,3 2 4 5 3*,5,1.0,False,lesion>control
5903,2-1-4-8-1,3 2 5 3* 2,5,1.0,False,lesion>control
5904,2-1-5-4-8,3 2 6 5 3*,5,1.0,False,lesion>control
5905,2-1-8-1-0,3 2 3* 2 1,5,1.0,False,control>lesion
5906,2-1-8-1-5,3 2 3* 2 6,5,1.0,False,lesion>control
5907,2-1-8-3-2,3 2 3* 4 3,5,1.0,False,control>lesion
5908,2-1-8-4-2,3 2 3* 5 3,5,1.0,False,lesion>control
5909,2-1-8-7-8,3 2 3* 2* 3*,5,1.0,False,lesion>control
5910,2-3-2-3-2,3 4 3 4 3,5,1.0,False,lesion>control
5911,2-3-2-7-0,3 4 3 2* 1,5,1.0,False,lesion>control
5912,2-3-4-5-4,3 4 5 6 5,5,1.0,False,lesion>control
5913,2-3-5-0-1,3 4 6 1 2,5,1.0,False,control>lesion
5914,2-3-8-4-2,3 4 3* 5 3,5,1.0,False,lesion>control
5915,2-4-3-8-7,3 5 4 3* 2*,5,1.0,False,lesion>control
5916,2-5-2-5-2,3 6 3 6 3,5,1.0,False,lesion>control
5917,2-5-4-8-1,3 6 5 3* 2,5,1.0,False,lesion>control
5918,2-5-7-3-0,3 6 2* 4 1,5,1.0,False,lesion>control
5919,2-5-8-1-0,3 6 3* 2 1,5,1.0,False,lesion>control
5920,2-7-0-3-4,3 2* 1 4 5,5,1.0,False,lesion>control
5921,2-7-0-3-8,3 2* 1 4 3*,5,1.0,False,lesion>control
5922,2-7-0-8-1,3 2* 1 3* 2,5,1.0,False,lesion>control
5923,2-7-3-8-4,3 2* 4 3* 5,5,1.0,False,lesion>control
5924,2-7-8-1-0,3 2* 3* 2 1,5,1.0,False,lesion>control
5925,2-8-7-3-8,3 3* 2* 4 3*,5,1.0,False,lesion>control
5926,2-9-1-8-9,3 4* 2 3* 4*,5,1.0,False,control>lesion
5927,2-9-4-8-7,3 4* 5 3* 2*,5,1.0,False,control>lesion
5928,2-9-8-7-0,3 4* 3* 2* 1,5,1.0,False,lesion>control
5929,3-0-1-4-5,4 1 2 5 6,5,1.0,False,lesion>control
5930,3-0-1-4-8,4 1 2 5 3*,5,1.0,False,lesion>control
5931,3-0-1-5-4,4 1 2 6 5,5,1.0,False,control>lesion
5932,3-0-1-8-1,4 1 2 3* 2,5,1.0,False,control>lesion
5933,3-0-3-0-1,4 1 4 1 2,5,1.0,False,lesion>control
5934,3-0-3-0-4,4 1 4 1 5,5,1.0,False,lesion>control
5935,3-0-3-4-0,4 1 4 5 1,5,1.0,False,lesion>control
5936,3-0-4-0-3,4 1 5 1 4,5,1.0,False,lesion>control
5937,3-0-4-0-5,4 1 5 1 6,5,1.0,False,lesion>control
5938,3-0-4-8-3,4 1 5 3* 4,5,1.0,False,lesion>control
5939,3-0-5-1-3,4 1 6 2 4,5,1.0,False,control>lesion
5940,3-0-5-1-5,4 1 6 2 6,5,1.0,False,lesion>control
5941,3-0-5-3-0,4 1 6 4 1,5,1.0,False,lesion>control
5942,3-0-5-3-4,4 1 6 4 5,5,1.0,False,control>lesion
5943,3-0-5-3-8,4 1 6 4 3*,5,1.0,False,lesion>control
5944,3-0-5-4-1,4 1 6 5 2,5,1.0,False,control>lesion
5945,3-0-5-8-5,4 1 6 3* 6,5,1.0,False,lesion>control
5946,3-0-5-8-7,4 1 6 3* 2*,5,1.0,False,lesion>control
5947,3-0-8-5-0,4 1 3* 6 1,5,1.0,False,lesion>control
5948,3-0-8-7-8,4 1 3* 2* 3*,5,1.0,False,lesion>control
5949,3-1-0-1-0,4 2 1 2 1,5,1.0,False,control>lesion
5950,3-1-0-4-0,4 2 1 5 1,5,1.0,False,control>lesion
5951,3-1-3-0-8,4 2 4 1 3*,5,1.0,False,lesion>control
5952,3-1-3-1-0,4 2 4 2 1,5,1.0,False,lesion>control
5953,3-1-3-4-0,4 2 4 5 1,5,1.0,False,lesion>control
5954,3-1-3-4-8,4 2 4 5 3*,5,1.0,False,lesion>control
5955,3-1-3-5-0,4 2 4 6 1,5,1.0,False,control>lesion
5956,3-1-3-8-0,4 2 4 3* 1,5,1.0,False,lesion>control
5957,3-1-4-5-8,4 2 5 6 3*,5,1.0,False,control>lesion
5958,3-1-5-1-5,4 2 6 2 6,5,1.0,False,lesion>control
5959,3-1-5-8-5,4 2 6 3* 6,5,1.0,False,lesion>control
5960,3-1-8-0-1,4 2 3* 1 2,5,1.0,False,lesion>control
5961,3-1-8-1-2,4 2 3* 2 3,5,1.0,False,control>lesion
5962,3-1-8-1-3,4 2 3* 2 4,5,1.0,False,control>lesion
5963,3-1-8-5-0,4 2 3* 6 1,5,1.0,False,control>lesion
5964,3-1-8-5-1,4 2 3* 6 2,5,1.0,False,lesion>control
5965,3-1-8-5-4,4 2 3* 6 5,5,1.0,False,lesion>control
5966,3-1-8-5-9,4 2 3* 6 4*,5,1.0,False,control>lesion
5967,3-1-8-9-3,4 2 3* 4* 4,5,1.0,False,lesion>control
5968,3-2-0-7-0,4 3 1 2* 1,5,1.0,False,lesion>control
5969,3-2-1-0-5,4 3 2 1 6,5,1.0,False,lesion>control
5970,3-2-1-0-8,4 3 2 1 3*,5,1.0,False,lesion>control
5971,3-2-1-4-8,4 3 2 5 3*,5,1.0,False,lesion>control
5972,3-2-1-8-3,4 3 2 3* 4,5,1.0,False,control>lesion
5973,3-2-3-2-0,4 3 4 3 1,5,1.0,False,lesion>control
5974,3-2-3-2-1,4 3 4 3 2,5,1.0,False,lesion>control
5975,3-2-3-2-3,4 3 4 3 4,5,1.0,False,lesion>control
5976,3-3-8-3-4,4 4 3* 4 5,5,1.0,False,control>lesion
5977,3-3-8-7-3,4 4 3* 2* 4,5,1.0,False,lesion>control
5978,3-4-0-5-1,4 5 1 6 2,5,1.0,False,control>lesion
5979,3-4-0-8-0,4 5 1 3* 1,5,1.0,False,lesion>control
5980,3-4-3-0-5,4 5 4 1 6,5,1.0,False,lesion>control
5981,3-4-3-0-8,4 5 4 1 3*,5,1.0,False,control>lesion
5982,3-4-3-1-8,4 5 4 2 3*,5,1.0,False,control>lesion
5983,3-4-3-5-4,4 5 4 6 5,5,1.0,False,control>lesion
5984,3-4-5-1-5,4 5 6 2 6,5,1.0,False,control>lesion
5985,3-4-5-2-3,4 5 6 3 4,5,1.0,False,lesion>control
5986,3-4-5-3-5,4 5 6 4 6,5,1.0,False,lesion>control
5987,3-4-5-8-1,4 5 6 3* 2,5,1.0,False,lesion>control
5988,3-4-8-0-1,4 5 3* 1 2,5,1.0,False,control>lesion
5989,3-4-8-5-3,4 5 3* 6 4,5,1.0,False,lesion>control
5990,3-5-0-1-0,4 6 1 2 1,5,1.0,False,lesion>control
5991,3-5-0-1-3,4 6 1 2 4,5,1.0,False,control>lesion
5992,3-5-0-3-1,4 6 1 4 2,5,1.0,False,control>lesion
5993,3-5-0-5-4,4 6 1 6 5,5,1.0,False,control>lesion
5994,3-5-0-8-1,4 6 1 3* 2,5,1.0,False,control>lesion
5995,3-5-0-8-3,4 6 1 3* 4,5,1.0,False,lesion>control
5996,3-5-0-8-7,4 6 1 3* 2*,5,1.0,False,lesion>control
5997,3-5-1-0-1,4 6 2 1 2,5,1.0,False,control>lesion
5998,3-5-1-0-3,4 6 2 1 4,5,1.0,False,control>lesion
5999,3-5-1-3-4,4 6 2 4 5,5,1.0,False,lesion>control
6000,3-5-1-3-8,4 6 2 4 3*,5,1.0,False,control>lesion
6001,3-5-1-5-4,4 6 2 6 5,5,1.0,False,control>lesion
6002,3-5-1-5-8,4 6 2 6 3*,5,1.0,False,lesion>control
6003,3-5-3-0-3,4 6 4 1 4,5,1.0,False,lesion>control
6004,3-5-4-1-3,4 6 5 2 4,5,1.0,False,lesion>control
6005,3-5-4-8-0,4 6 5 3* 1,5,1.0,False,control>lesion
6006,3-5-4-8-1,4 6 5 3* 2,5,1.0,False,lesion>control
6007,3-5-8-0-5,4 6 3* 1 6,5,1.0,False,lesion>control
6008,3-5-8-3-1,4 6 3* 4 2,5,1.0,False,control>lesion
6009,3-5-8-5-2,4 6 3* 6 3,5,1.0,False,lesion>control
6010,3-5-8-5-3,4 6 3* 6 4,5,1.0,False,control>lesion
6011,3-5-8-7-5,4 6 3* 2* 6,5,1.0,False,lesion>control
6012,3-8-0-3-2,4 3* 1 4 3,5,1.0,False,lesion>control
6013,3-8-0-3-3,4 3* 1 4 4,5,1.0,False,lesion>control
6014,3-8-0-3-4,4 3* 1 4 5,5,1.0,False,lesion>control
6015,3-8-0-4-2,4 3* 1 5 3,5,1.0,False,lesion>control
6016,3-8-0-5-0,4 3* 1 6 1,5,1.0,False,lesion>control
6017,3-8-0-5-2,4 3* 1 6 3,5,1.0,False,lesion>control
6018,3-8-0-8-0,4 3* 1 3* 1,5,1.0,False,lesion>control
6019,3-8-0-8-1,4 3* 1 3* 2,5,1.0,False,lesion>control
6020,3-8-0-8-5,4 3* 1 3* 6,5,1.0,False,lesion>control
6021,3-8-1-5-8,4 3* 2 6 3*,5,1.0,False,lesion>control
6022,3-8-1-8-7,4 3* 2 3* 2*,5,1.0,False,lesion>control
6023,3-8-3-1-5,4 3* 4 2 6,5,1.0,False,lesion>control
6024,3-8-3-2-0,4 3* 4 3 1,5,1.0,False,lesion>control
6025,3-8-3-3-4,4 3* 4 4 5,5,1.0,False,lesion>control
6026,3-8-3-4-1,4 3* 4 5 2,5,1.0,False,lesion>control
6027,3-8-3-7-3,4 3* 4 2* 4,5,1.0,False,lesion>control
6028,3-8-4-0-8,4 3* 5 1 3*,5,1.0,False,lesion>control
6029,3-8-4-2-3,4 3* 5 3 4,5,1.0,False,lesion>control
6030,3-8-4-2-7,4 3* 5 3 2*,5,1.0,False,lesion>control
6031,3-8-5-0-1,4 3* 6 1 2,5,1.0,False,lesion>control
6032,3-8-5-0-3,4 3* 6 1 4,5,1.0,False,control>lesion
6033,3-8-5-0-5,4 3* 6 1 6,5,1.0,False,lesion>control
6034,3-8-5-1-0,4 3* 6 2 1,5,1.0,False,lesion>control
6035,3-8-5-2-4,4 3* 6 3 5,5,1.0,False,lesion>control
6036,3-8-5-2-5,4 3* 6 3 6,5,1.0,False,lesion>control
6037,3-8-5-3-1,4 3* 6 4 2,5,1.0,False,lesion>control
6038,3-8-5-4-2,4 3* 6 5 3,5,1.0,False,lesion>control
6039,3-8-5-8-5,4 3* 6 3* 6,5,1.0,False,lesion>control
6040,3-8-7-4-0,4 3* 2* 5 1,5,1.0,False,lesion>control
6041,3-8-8-7-0,4 3* 3* 2* 1,5,1.0,False,lesion>control
6042,3-8-8-7-3,4 3* 3* 2* 4,5,1.0,False,control>lesion
6043,3-8-9-0-8,4 3* 4* 1 3*,5,1.0,False,lesion>control
6044,4-0-1-8-1,5 1 2 3* 2,5,1.0,False,lesion>control
6045,4-0-3-0-1,5 1 4 1 2,5,1.0,False,lesion>control
6046,4-0-3-0-8,5 1 4 1 3*,5,1.0,False,lesion>control
6047,4-0-3-5-1,5 1 4 6 2,5,1.0,False,lesion>control
6048,4-0-3-8-7,5 1 4 3* 2*,5,1.0,False,lesion>control
6049,4-0-5-0-1,5 1 6 1 2,5,1.0,False,lesion>control
6050,4-0-5-0-5,5 1 6 1 6,5,1.0,False,lesion>control
6051,4-0-5-4-1,5 1 6 5 2,5,1.0,False,lesion>control
6052,4-0-5-4-8,5 1 6 5 3*,5,1.0,False,lesion>control
6053,4-0-8-4-5,5 1 3* 5 6,5,1.0,False,lesion>control
6054,4-0-8-7-0,5 1 3* 2* 1,5,1.0,False,lesion>control
6055,4-0-8-7-8,5 1 3* 2* 3*,5,1.0,False,lesion>control
6056,4-0-8-9-4,5 1 3* 4* 5,5,1.0,False,lesion>control
6057,4-1-0-4-5,5 2 1 5 6,5,1.0,False,lesion>control
6058,4-1-0-5-0,5 2 1 6 1,5,1.0,False,lesion>control
6059,4-1-0-8-5,5 2 1 3* 6,5,1.0,False,control>lesion
6060,4-1-3-0-1,5 2 4 1 2,5,1.0,False,lesion>control
6061,4-1-3-0-5,5 2 4 1 6,5,1.0,False,lesion>control
6062,4-1-3-1-3,5 2 4 2 4,5,1.0,False,lesion>control
6063,4-1-5-4-0,5 2 6 5 1,5,1.0,False,lesion>control
6064,4-2-1-0-1,5 3 2 1 2,5,1.0,False,lesion>control
6065,4-2-7-3-8,5 3 2* 4 3*,5,1.0,False,lesion>control
6066,4-2-7-8-1,5 3 2* 3* 2,5,1.0,False,lesion>control
6067,4-3-0-1-0,5 4 1 2 1,5,1.0,False,control>lesion
6068,4-3-0-3-5,5 4 1 4 6,5,1.0,False,lesion>control
6069,4-3-0-5-3,5 4 1 6 4,5,1.0,False,control>lesion
6070,4-3-0-5-8,5 4 1 6 3*,5,1.0,False,lesion>control
6071,4-3-1-0-5,5 4 2 1 6,5,1.0,False,lesion>control
6072,4-3-1-5-8,5 4 2 6 3*,5,1.0,False,control>lesion
6073,4-3-4-5-3,5 4 5 6 4,5,1.0,False,lesion>control
6074,4-3-5-0-3,5 4 6 1 4,5,1.0,False,lesion>control
6075,4-3-5-4-0,5 4 6 5 1,5,1.0,False,lesion>control
6076,4-3-5-4-1,5 4 6 5 2,5,1.0,False,lesion>control
6077,4-3-5-4-8,5 4 6 5 3*,5,1.0,False,lesion>control
6078,4-3-5-8-3,5 4 6 3* 4,5,1.0,False,control>lesion
6079,4-3-8-0-5,5 4 3* 1 6,5,1.0,False,lesion>control
6080,4-3-8-3-1,5 4 3* 4 2,5,1.0,False,control>lesion
6081,4-3-8-8-7,5 4 3* 3* 2*,5,1.0,False,control>lesion
6082,4-5-0-1-5,5 6 1 2 6,5,1.0,False,control>lesion
6083,4-5-0-8-9,5 6 1 3* 4*,5,1.0,False,lesion>control
6084,4-5-1-0-5,5 6 2 1 6,5,1.0,False,lesion>control
6085,4-5-1-3-1,5 6 2 4 2,5,1.0,False,lesion>control
6086,4-5-1-3-5,5 6 2 4 6,5,1.0,False,control>lesion
6087,4-5-1-5-1,5 6 2 6 2,5,1.0,False,lesion>control
6088,4-5-2-3-4,5 6 3 4 5,5,1.0,False,lesion>control
6089,4-5-3-0-3,5 6 4 1 4,5,1.0,False,lesion>control
6090,4-5-3-0-4,5 6 4 1 5,5,1.0,False,lesion>control
6091,4-5-3-0-5,5 6 4 1 6,5,1.0,False,lesion>control
6092,4-5-3-0-8,5 6 4 1 3*,5,1.0,False,control>lesion
6093,4-5-3-4-3,5 6 4 5 4,5,1.0,False,control>lesion
6094,4-5-3-4-8,5 6 4 5 3*,5,1.0,False,lesion>control
6095,4-5-4-5-0,5 6 5 6 1,5,1.0,False,lesion>control
6096,4-5-4-5-1,5 6 5 6 2,5,1.0,False,lesion>control
6097,4-5-8-0-5,5 6 3* 1 6,5,1.0,False,lesion>control
6098,4-5-8-0-7,5 6 3* 1 2*,5,1.0,False,control>lesion
6099,4-5-8-3-0,5 6 3* 4 1,5,1.0,False,control>lesion
6100,4-5-8-5-0,5 6 3* 6 1,5,1.0,False,lesion>control
6101,4-5-8-5-4,5 6 3* 6 5,5,1.0,False,lesion>control
6102,4-5-8-9-4,5 6 3* 4* 5,5,1.0,False,control>lesion
6103,4-5-8-9-8,5 6 3* 4* 3*,5,1.0,False,control>lesion
6104,4-8-0-1-5,5 3* 1 2 6,5,1.0,False,control>lesion
6105,4-8-0-2-7,5 3* 1 3 2*,5,1.0,False,lesion>control
6106,4-8-0-4-8,5 3* 1 5 3*,5,1.0,False,lesion>control
6107,4-8-1-3-1,5 3* 2 4 2,5,1.0,False,lesion>control
6108,4-8-1-4-5,5 3* 2 5 6,5,1.0,False,lesion>control
6109,4-8-1-8-7,5 3* 2 3* 2*,5,1.0,False,lesion>control
6110,4-8-3-0-1,5 3* 4 1 2,5,1.0,False,lesion>control
6111,4-8-3-1-3,5 3* 4 2 4,5,1.0,False,lesion>control
6112,4-8-3-2-1,5 3* 4 3 2,5,1.0,False,lesion>control
6113,4-8-4-5-8,5 3* 5 6 3*,5,1.0,False,control>lesion
6114,4-8-4-8-1,5 3* 5 3* 2,5,1.0,False,lesion>control
6115,4-8-5-4-3,5 3* 6 5 4,5,1.0,False,lesion>control
6116,4-8-5-8-1,5 3* 6 3* 2,5,1.0,False,lesion>control
6117,4-8-7-3-5,5 3* 2* 4 6,5,1.0,False,lesion>control
6118,4-8-7-5-3,5 3* 2* 6 4,5,1.0,False,lesion>control
6119,4-8-8-7-0,5 3* 3* 2* 1,5,1.0,False,control>lesion
6120,5-0-1-0-5,6 1 2 1 6,5,1.0,False,lesion>control
6121,5-0-1-3-0,6 1 2 4 1,5,1.0,False,lesion>control
6122,5-0-1-3-5,6 1 2 4 6,5,1.0,False,lesion>control
6123,5-0-1-4-0,6 1 2 5 1,5,1.0,False,lesion>control
6124,5-0-1-5-3,6 1 2 6 4,5,1.0,False,control>lesion
6125,5-0-1-8-5,6 1 2 3* 6,5,1.0,False,control>lesion
6126,5-0-2-1-8,6 1 3 2 3*,5,1.0,False,lesion>control
6127,5-0-3-0-4,6 1 4 1 5,5,1.0,False,lesion>control
6128,5-0-3-1-3,6 1 4 2 4,5,1.0,False,lesion>control
6129,5-0-3-4-1,6 1 4 5 2,5,1.0,False,lesion>control
6130,5-0-3-4-3,6 1 4 5 4,5,1.0,False,control>lesion
6131,5-0-3-4-5,6 1 4 5 6,5,1.0,False,lesion>control
6132,5-0-3-5-1,6 1 4 6 2,5,1.0,False,control>lesion
6133,5-0-3-5-8,6 1 4 6 3*,5,1.0,False,control>lesion
6134,5-0-3-8-1,6 1 4 3* 2,5,1.0,False,lesion>control
6135,5-0-3-8-5,6 1 4 3* 6,5,1.0,False,lesion>control
6136,5-0-4-0-3,6 1 5 1 4,5,1.0,False,lesion>control
6137,5-0-4-0-5,6 1 5 1 6,5,1.0,False,control>lesion
6138,5-0-4-3-8,6 1 5 4 3*,5,1.0,False,lesion>control
6139,5-0-4-5-3,6 1 5 6 4,5,1.0,False,lesion>control
6140,5-0-4-5-8,6 1 5 6 3*,5,1.0,False,lesion>control
6141,5-0-4-8-7,6 1 5 3* 2*,5,1.0,False,control>lesion
6142,5-0-5-3-4,6 1 6 4 5,5,1.0,False,control>lesion
6143,5-0-5-3-5,6 1 6 4 6,5,1.0,False,control>lesion
6144,5-0-5-4-3,6 1 6 5 4,5,1.0,False,control>lesion
6145,5-0-5-8-0,6 1 6 3* 1,5,1.0,False,lesion>control
6146,5-0-5-8-9,6 1 6 3* 4*,5,1.0,False,lesion>control
6147,5-0-8-0-8,6 1 3* 1 3*,5,1.0,False,control>lesion
6148,5-0-8-1-0,6 1 3* 2 1,5,1.0,False,lesion>control
6149,5-0-8-5-0,6 1 3* 6 1,5,1.0,False,lesion>control
6150,5-0-8-8-9,6 1 3* 3* 4*,5,1.0,False,control>lesion
6151,5-0-8-9-4,6 1 3* 4* 5,5,1.0,False,lesion>control
6152,5-0-8-9-5,6 1 3* 4* 6,5,1.0,False,lesion>control
6153,5-0-8-9-8,6 1 3* 4* 3*,5,1.0,False,lesion>control
6154,5-1-0-1-0,6 2 1 2 1,5,1.0,False,control>lesion
6155,5-1-0-1-5,6 2 1 2 6,5,1.0,False,lesion>control
6156,5-1-0-3-1,6 2 1 4 2,5,1.0,False,control>lesion
6157,5-1-0-5-3,6 2 1 6 4,5,1.0,False,lesion>control
6158,5-1-2-1-2,6 2 3 2 3,5,1.0,False,control>lesion
6159,5-1-3-0-5,6 2 4 1 6,5,1.0,False,lesion>control
6160,5-1-3-1-0,6 2 4 2 1,5,1.0,False,control>lesion
6161,5-1-3-1-8,6 2 4 2 3*,5,1.0,False,lesion>control
6162,5-1-3-5-1,6 2 4 6 2,5,1.0,False,lesion>control
6163,5-1-3-5-8,6 2 4 6 3*,5,1.0,False,lesion>control
6164,5-1-3-8-3,6 2 4 3* 4,5,1.0,False,lesion>control
6165,5-1-5-0-5,6 2 6 1 6,5,1.0,False,lesion>control
6166,5-1-5-3-0,6 2 6 4 1,5,1.0,False,lesion>control
6167,5-1-5-8-0,6 2 6 3* 1,5,1.0,False,lesion>control
6168,5-1-8-0-1,6 2 3* 1 2,5,1.0,False,control>lesion
6169,5-1-8-1-3,6 2 3* 2 4,5,1.0,False,control>lesion
6170,5-1-8-1-8,6 2 3* 2 3*,5,1.0,False,lesion>control
6171,5-2-0-2-1,6 3 1 3 2,5,1.0,False,lesion>control
6172,5-2-0-2-5,6 3 1 3 6,5,1.0,False,lesion>control
6173,5-2-0-3-8,6 3 1 4 3*,5,1.0,False,lesion>control
6174,5-2-0-7-8,6 3 1 2* 3*,5,1.0,False,lesion>control
6175,5-2-0-8-5,6 3 1 3* 6,5,1.0,False,lesion>control
6176,5-2-1-8-9,6 3 2 3* 4*,5,1.0,False,lesion>control
6177,5-2-3-0-8,6 3 4 1 3*,5,1.0,False,lesion>control
6178,5-2-3-4-5,6 3 4 5 6,5,1.0,False,lesion>control
6179,5-2-3-8-4,6 3 4 3* 5,5,1.0,False,lesion>control
6180,5-2-3-8-5,6 3 4 3* 6,5,1.0,False,lesion>control
6181,5-2-5-0-2,6 3 6 1 3,5,1.0,False,lesion>control
6182,5-2-5-2-1,6 3 6 3 2,5,1.0,False,lesion>control
6183,5-2-5-7-3,6 3 6 2* 4,5,1.0,False,lesion>control
6184,5-2-7-3-8,6 3 2* 4 3*,5,1.0,False,lesion>control
6185,5-2-9-1-3,6 3 4* 2 4,5,1.0,False,lesion>control
6186,5-2-9-1-8,6 3 4* 2 3*,5,1.0,False,control>lesion
6187,5-2-9-5-8,6 3 4* 6 3*,5,1.0,False,lesion>control
6188,5-3-0-3-0,6 4 1 4 1,5,1.0,False,lesion>control
6189,5-3-0-3-5,6 4 1 4 6,5,1.0,False,lesion>control
6190,5-3-0-5-3,6 4 1 6 4,5,1.0,False,lesion>control
6191,5-3-0-5-4,6 4 1 6 5,5,1.0,False,lesion>control
6192,5-3-0-5-8,6 4 1 6 3*,5,1.0,False,control>lesion
6193,5-3-1-0-3,6 4 2 1 4,5,1.0,False,control>lesion
6194,5-3-1-5-0,6 4 2 6 1,5,1.0,False,control>lesion
6195,5-3-1-8-5,6 4 2 3* 6,5,1.0,False,control>lesion
6196,5-3-4-0-1,6 4 5 1 2,5,1.0,False,control>lesion
6197,5-3-4-5-0,6 4 5 6 1,5,1.0,False,control>lesion
6198,5-3-4-5-3,6 4 5 6 4,5,1.0,False,control>lesion
6199,5-3-4-8-0,6 4 5 3* 1,5,1.0,False,lesion>control
6200,5-3-5-0-1,6 4 6 1 2,5,1.0,False,lesion>control
6201,5-3-5-0-4,6 4 6 1 5,5,1.0,False,control>lesion
6202,5-3-5-4-3,6 4 6 5 4,5,1.0,False,lesion>control
6203,5-3-5-4-8,6 4 6 5 3*,5,1.0,False,lesion>control
6204,5-3-5-8-3,6 4 6 3* 4,5,1.0,False,lesion>control
6205,5-3-5-8-7,6 4 6 3* 2*,5,1.0,False,control>lesion
6206,5-3-8-0-7,6 4 3* 1 2*,5,1.0,False,control>lesion
6207,5-3-8-3-0,6 4 3* 4 1,5,1.0,False,lesion>control
6208,5-3-8-3-5,6 4 3* 4 6,5,1.0,False,control>lesion
6209,5-3-8-5-4,6 4 3* 6 5,5,1.0,False,control>lesion
6210,5-4-0-1-0,6 5 1 2 1,5,1.0,False,lesion>control
6211,5-4-0-1-4,6 5 1 2 5,5,1.0,False,lesion>control
6212,5-4-0-3-0,6 5 1 4 1,5,1.0,False,control>lesion
6213,5-4-0-5-0,6 5 1 6 1,5,1.0,False,lesion>control
6214,5-4-0-5-3,6 5 1 6 4,5,1.0,False,control>lesion
6215,5-4-0-8-5,6 5 1 3* 6,5,1.0,False,control>lesion
6216,5-4-0-8-7,6 5 1 3* 2*,5,1.0,False,lesion>control
6217,5-4-0-8-9,6 5 1 3* 4*,5,1.0,False,control>lesion
6218,5-4-1-3-0,6 5 2 4 1,5,1.0,False,lesion>control
6219,5-4-1-3-8,6 5 2 4 3*,5,1.0,False,control>lesion
6220,5-4-1-5-4,6 5 2 6 5,5,1.0,False,lesion>control
6221,5-4-1-8-9,6 5 2 3* 4*,5,1.0,False,lesion>control
6222,5-4-2-1-3,6 5 3 2 4,5,1.0,False,lesion>control
6223,5-4-2-1-8,6 5 3 2 3*,5,1.0,False,control>lesion
6224,5-4-3-0-3,6 5 4 1 4,5,1.0,False,lesion>control
6225,5-4-3-1-5,6 5 4 2 6,5,1.0,False,lesion>control
6226,5-4-3-1-8,6 5 4 2 3*,5,1.0,False,control>lesion
6227,5-4-3-4-8,6 5 4 5 3*,5,1.0,False,control>lesion
6228,5-4-3-5-1,6 5 4 6 2,5,1.0,False,control>lesion
6229,5-4-3-8-8,6 5 4 3* 3*,5,1.0,False,control>lesion
6230,5-4-5-0-8,6 5 6 1 3*,5,1.0,False,lesion>control
6231,5-4-5-1-0,6 5 6 2 1,5,1.0,False,control>lesion
6232,5-4-5-1-3,6 5 6 2 4,5,1.0,False,control>lesion
6233,5-4-5-1-8,6 5 6 2 3*,5,1.0,False,lesion>control
6234,5-4-5-3-4,6 5 6 4 5,5,1.0,False,lesion>control
6235,5-4-8-0-3,6 5 3* 1 4,5,1.0,False,lesion>control
6236,5-4-8-1-4,6 5 3* 2 5,5,1.0,False,lesion>control
6237,5-4-8-3-0,6 5 3* 4 1,5,1.0,False,control>lesion
6238,5-4-8-3-1,6 5 3* 4 2,5,1.0,False,lesion>control
6239,5-4-8-3-5,6 5 3* 4 6,5,1.0,False,lesion>control
6240,5-4-8-5-8,6 5 3* 6 3*,5,1.0,False,lesion>control
6241,5-4-8-8-7,6 5 3* 3* 2*,5,1.0,False,control>lesion
6242,5-4-8-9-4,6 5 3* 4* 5,5,1.0,False,control>lesion
6243,5-4-8-9-5,6 5 3* 4* 6,5,1.0,False,control>lesion
6244,5-4-9-8-7,6 5 4* 3* 2*,5,1.0,False,lesion>control
6245,5-7-8-1-8,6 2* 3* 2 3*,5,1.0,False,lesion>control
6246,5-8-0-1-5,6 3* 1 2 6,5,1.0,False,lesion>control
6247,5-8-0-2-1,6 3* 1 3 2,5,1.0,False,lesion>control
6248,5-8-0-2-3,6 3* 1 3 4,5,1.0,False,lesion>control
6249,5-8-0-2-5,6 3* 1 3 6,5,1.0,False,lesion>control
6250,5-8-0-5-2,6 3* 1 6 3,5,1.0,False,lesion>control
6251,5-8-0-7-8,6 3* 1 2* 3*,5,1.0,False,control>lesion
6252,5-8-0-8-0,6 3* 1 3* 1,5,1.0,False,lesion>control
6253,5-8-0-8-4,6 3* 1 3* 5,5,1.0,False,lesion>control
6254,5-8-0-8-5,6 3* 1 3* 6,5,1.0,False,lesion>control
6255,5-8-1-5-0,6 3* 2 6 1,5,1.0,False,control>lesion
6256,5-8-1-5-4,6 3* 2 6 5,5,1.0,False,lesion>control
6257,5-8-1-8-3,6 3* 2 3* 4,5,1.0,False,lesion>control
6258,5-8-1-8-7,6 3* 2 3* 2*,5,1.0,False,lesion>control
6259,5-8-3-0-3,6 3* 4 1 4,5,1.0,False,lesion>control
6260,5-8-3-0-4,6 3* 4 1 5,5,1.0,False,lesion>control
6261,5-8-3-5-0,6 3* 4 6 1,5,1.0,False,control>lesion
6262,5-8-3-5-1,6 3* 4 6 2,5,1.0,False,lesion>control
6263,5-8-3-8-4,6 3* 4 3* 5,5,1.0,False,lesion>control
6264,5-8-4-2-1,6 3* 5 3 2,5,1.0,False,lesion>control
6265,5-8-4-8-7,6 3* 5 3* 2*,5,1.0,False,lesion>control
6266,5-8-5-0-4,6 3* 6 1 5,5,1.0,False,lesion>control
6267,5-8-5-1-5,6 3* 6 2 6,5,1.0,False,lesion>control
6268,5-8-5-2-7,6 3* 6 3 2*,5,1.0,False,lesion>control
6269,5-8-5-8-0,6 3* 6 3* 1,5,1.0,False,lesion>control
6270,5-8-5-8-1,6 3* 6 3* 2,5,1.0,False,lesion>control
6271,5-8-7-3-5,6 3* 2* 4 6,5,1.0,False,lesion>control
6272,5-8-7-8-0,6 3* 2* 3* 1,5,1.0,False,lesion>control
6273,5-8-7-8-4,6 3* 2* 3* 5,5,1.0,False,control>lesion
6274,5-8-9-0-5,6 3* 4* 1 6,5,1.0,False,lesion>control
6275,5-8-9-5-0,6 3* 4* 6 1,5,1.0,False,lesion>control
6276,5-9-4-8-7,6 4* 5 3* 2*,5,1.0,False,lesion>control
6277,5-9-8-7-3,6 4* 3* 2* 4,5,1.0,False,lesion>control
6278,7-0-1-0-4,2* 1 2 1 5,5,1.0,False,control>lesion
6279,7-0-1-4-3,2* 1 2 5 4,5,1.0,False,control>lesion
6280,7-0-1-4-8,2* 1 2 5 3*,5,1.0,False,lesion>control
6281,7-0-1-5-3,2* 1 2 6 4,5,1.0,False,lesion>control
6282,7-0-1-5-4,2* 1 2 6 5,5,1.0,False,control>lesion
6283,7-0-1-8-0,2* 1 2 3* 1,5,1.0,False,control>lesion
6284,7-0-1-8-3,2* 1 2 3* 4,5,1.0,False,lesion>control
6285,7-0-3-4-0,2* 1 4 5 1,5,1.0,False,lesion>control
6286,7-0-4-1-0,2* 1 5 2 1,5,1.0,False,lesion>control
6287,7-0-4-5-3,2* 1 5 6 4,5,1.0,False,lesion>control
6288,7-0-4-8-0,2* 1 5 3* 1,5,1.0,False,lesion>control
6289,7-0-4-8-9,2* 1 5 3* 4*,5,1.0,False,control>lesion
6290,7-0-5-0-3,2* 1 6 1 4,5,1.0,False,lesion>control
6291,7-0-5-1-0,2* 1 6 2 1,5,1.0,False,lesion>control
6292,7-0-5-4-5,2* 1 6 5 6,5,1.0,False,control>lesion
6293,7-0-5-8-4,2* 1 6 3* 5,5,1.0,False,lesion>control
6294,7-0-8-1-4,2* 1 3* 2 5,5,1.0,False,lesion>control
6295,7-0-8-1-5,2* 1 3* 2 6,5,1.0,False,lesion>control
6296,7-0-8-4-3,2* 1 3* 5 4,5,1.0,False,control>lesion
6297,7-0-8-5-3,2* 1 3* 6 4,5,1.0,False,control>lesion
6298,7-3-4-5-1,2* 4 5 6 2,5,1.0,False,lesion>control
6299,7-3-8-0-2,2* 4 3* 1 3,5,1.0,False,lesion>control
6300,7-3-8-0-5,2* 4 3* 1 6,5,1.0,False,lesion>control
6301,7-3-8-1-5,2* 4 3* 2 6,5,1.0,False,lesion>control
6302,7-3-8-3-3,2* 4 3* 4 4,5,1.0,False,lesion>control
6303,7-3-8-4-3,2* 4 3* 5 4,5,1.0,False,lesion>control
6304,7-3-8-5-3,2* 4 3* 6 4,5,1.0,False,lesion>control
6305,7-3-8-5-4,2* 4 3* 6 5,5,1.0,False,lesion>control
6306,7-3-8-9-8,2* 4 3* 4* 3*,5,1.0,False,lesion>control
6307,7-4-0-3-8,2* 5 1 4 3*,5,1.0,False,lesion>control
6308,7-5-0-5-8,2* 6 1 6 3*,5,1.0,False,lesion>control
6309,7-5-3-8-3,2* 6 4 3* 4,5,1.0,False,control>lesion
6310,7-5-4-5-4,2* 6 5 6 5,5,1.0,False,lesion>control
6311,7-5-4-5-8,2* 6 5 6 3*,5,1.0,False,control>lesion
6312,7-5-8-0-8,2* 6 3* 1 3*,5,1.0,False,lesion>control
6313,7-5-8-1-0,2* 6 3* 2 1,5,1.0,False,lesion>control
6314,7-5-8-1-5,2* 6 3* 2 6,5,1.0,False,lesion>control
6315,7-5-8-4-8,2* 6 3* 5 3*,5,1.0,False,lesion>control
6316,7-5-8-5-2,2* 6 3* 6 3,5,1.0,False,lesion>control
6317,7-8-0-2-1,2* 3* 1 3 2,5,1.0,False,lesion>control
6318,7-8-0-5-8,2* 3* 1 6 3*,5,1.0,False,lesion>control
6319,7-8-0-8-9,2* 3* 1 3* 4*,5,1.0,False,lesion>control
6320,7-8-0-9-8,2* 3* 1 4* 3*,5,1.0,False,lesion>control
6321,7-8-1-8-3,2* 3* 2 3* 4,5,1.0,False,lesion>control
6322,7-8-4-5-4,2* 3* 5 6 5,5,1.0,False,control>lesion
6323,7-8-5-1-0,2* 3* 6 2 1,5,1.0,False,lesion>control
6324,7-8-5-2-1,2* 3* 6 3 2,5,1.0,False,lesion>control
6325,7-8-5-4-2,2* 3* 6 5 3,5,1.0,False,control>lesion
6326,7-8-7-3-4,2* 3* 2* 4 5,5,1.0,False,control>lesion
6327,7-8-8-7-8,2* 3* 3* 2* 3*,5,1.0,False,control>lesion
6328,7-8-8-9-8,2* 3* 3* 4* 3*,5,1.0,False,control>lesion
6329,7-8-9-1-5,2* 3* 4* 2 6,5,1.0,False,lesion>control
6330,7-8-9-5-1,2* 3* 4* 6 2,5,1.0,False,lesion>control
6331,8-0-1-0-3,3* 1 2 1 4,5,1.0,False,lesion>control
6332,8-0-1-4-5,3* 1 2 5 6,5,1.0,False,control>lesion
6333,8-0-1-4-8,3* 1 2 5 3*,5,1.0,False,lesion>control
6334,8-0-1-5-0,3* 1 2 6 1,5,1.0,False,control>lesion
6335,8-0-2-0-5,3* 1 3 1 6,5,1.0,False,lesion>control
6336,8-0-2-3-5,3* 1 3 4 6,5,1.0,False,control>lesion
6337,8-0-2-5-0,3* 1 3 6 1,5,1.0,False,lesion>control
6338,8-0-2-5-4,3* 1 3 6 5,5,1.0,False,lesion>control
6339,8-0-3-0-5,3* 1 4 1 6,5,1.0,False,lesion>control
6340,8-0-3-0-8,3* 1 4 1 3*,5,1.0,False,lesion>control
6341,8-0-3-3-8,3* 1 4 4 3*,5,1.0,False,lesion>control
6342,8-0-3-4-1,3* 1 4 5 2,5,1.0,False,lesion>control
6343,8-0-3-8-5,3* 1 4 3* 6,5,1.0,False,lesion>control
6344,8-0-4-2-7,3* 1 5 3 2*,5,1.0,False,lesion>control
6345,8-0-4-8-0,3* 1 5 3* 1,5,1.0,False,lesion>control
6346,8-0-4-8-1,3* 1 5 3* 2,5,1.0,False,lesion>control
6347,8-0-4-8-7,3* 1 5 3* 2*,5,1.0,False,lesion>control
6348,8-0-5-0-5,3* 1 6 1 6,5,1.0,False,lesion>control
6349,8-0-5-8-1,3* 1 6 3* 2,5,1.0,False,lesion>control
6350,8-0-5-8-4,3* 1 6 3* 5,5,1.0,False,lesion>control
6351,8-0-5-8-8,3* 1 6 3* 3*,5,1.0,False,lesion>control
6352,8-0-7-3-8,3* 1 2* 4 3*,5,1.0,False,lesion>control
6353,8-0-7-8-5,3* 1 2* 3* 6,5,1.0,False,lesion>control
6354,8-0-8-0-1,3* 1 3* 1 2,5,1.0,False,control>lesion
6355,8-0-8-0-8,3* 1 3* 1 3*,5,1.0,False,lesion>control
6356,8-0-8-1-8,3* 1 3* 2 3*,5,1.0,False,lesion>control
6357,8-0-8-3-5,3* 1 3* 4 6,5,1.0,False,lesion>control
6358,8-0-8-4-5,3* 1 3* 5 6,5,1.0,False,lesion>control
6359,8-0-8-5-2,3* 1 3* 6 3,5,1.0,False,lesion>control
6360,8-0-9-5-8,3* 1 4* 6 3*,5,1.0,False,control>lesion
6361,8-1-0-1-4,3* 2 1 2 5,5,1.0,False,lesion>control
6362,8-1-0-2-3,3* 2 1 3 4,5,1.0,False,control>lesion
6363,8-1-0-4-1,3* 2 1 5 2,5,1.0,False,lesion>control
6364,8-1-0-4-3,3* 2 1 5 4,5,1.0,False,lesion>control
6365,8-1-0-5-1,3* 2 1 6 2,5,1.0,False,lesion>control
6366,8-1-0-8-0,3* 2 1 3* 1,5,1.0,False,lesion>control
6367,8-1-0-8-4,3* 2 1 3* 5,5,1.0,False,lesion>control
6368,8-1-2-1-0,3* 2 3 2 1,5,1.0,False,lesion>control
6369,8-1-2-3-4,3* 2 3 4 5,5,1.0,False,lesion>control
6370,8-1-3-0-1,3* 2 4 1 2,5,1.0,False,lesion>control
6371,8-1-3-0-8,3* 2 4 1 3*,5,1.0,False,lesion>control
6372,8-1-3-1-0,3* 2 4 2 1,5,1.0,False,lesion>control
6373,8-1-3-1-3,3* 2 4 2 4,5,1.0,False,control>lesion
6374,8-1-3-1-4,3* 2 4 2 5,5,1.0,False,lesion>control
6375,8-1-3-8-9,3* 2 4 3* 4*,5,1.0,False,lesion>control
6376,8-1-4-0-5,3* 2 5 1 6,5,1.0,False,lesion>control
6377,8-1-4-2-1,3* 2 5 3 2,5,1.0,False,lesion>control
6378,8-1-4-5-4,3* 2 5 6 5,5,1.0,False,lesion>control
6379,8-1-4-8-0,3* 2 5 3* 1,5,1.0,False,lesion>control
6380,8-1-8-0-4,3* 2 3* 1 5,5,1.0,False,lesion>control
6381,8-1-8-0-9,3* 2 3* 1 4*,5,1.0,False,lesion>control
6382,8-1-8-5-1,3* 2 3* 6 2,5,1.0,False,lesion>control
6383,8-1-8-7-4,3* 2 3* 2* 5,5,1.0,False,lesion>control
6384,8-1-8-7-5,3* 2 3* 2* 6,5,1.0,False,lesion>control
6385,8-1-8-8-7,3* 2 3* 3* 2*,5,1.0,False,lesion>control
6386,8-1-9-8-7,3* 2 4* 3* 2*,5,1.0,False,lesion>control
6387,8-3-0-3-5,3* 4 1 4 6,5,1.0,False,lesion>control
6388,8-3-0-4-5,3* 4 1 5 6,5,1.0,False,lesion>control
6389,8-3-1-3-1,3* 4 2 4 2,5,1.0,False,lesion>control
6390,8-3-1-3-4,3* 4 2 4 5,5,1.0,False,control>lesion
6391,8-3-2-1-2,3* 4 3 2 3,5,1.0,False,lesion>control
6392,8-3-2-1-4,3* 4 3 2 5,5,1.0,False,lesion>control
6393,8-3-2-5-3,3* 4 3 6 4,5,1.0,False,control>lesion
6394,8-3-2-7-3,3* 4 3 2* 4,5,1.0,False,control>lesion
6395,8-3-4-0-3,3* 4 5 1 4,5,1.0,False,lesion>control
6396,8-3-4-0-8,3* 4 5 1 3*,5,1.0,False,lesion>control
6397,8-3-4-1-8,3* 4 5 2 3*,5,1.0,False,lesion>control
6398,8-3-4-3-0,3* 4 5 4 1,5,1.0,False,lesion>control
6399,8-3-4-5-2,3* 4 5 6 3,5,1.0,False,lesion>control
6400,8-3-4-8-0,3* 4 5 3* 1,5,1.0,False,control>lesion
6401,8-3-5-0-8,3* 4 6 1 3*,5,1.0,False,lesion>control
6402,8-3-5-1-0,3* 4 6 2 1,5,1.0,False,lesion>control
6403,8-3-5-4-1,3* 4 6 5 2,5,1.0,False,control>lesion
6404,8-3-8-0-2,3* 4 3* 1 3,5,1.0,False,control>lesion
6405,8-3-8-1-2,3* 4 3* 2 3,5,1.0,False,lesion>control
6406,8-3-8-5-0,3* 4 3* 6 1,5,1.0,False,lesion>control
6407,8-3-8-9-0,3* 4 3* 4* 1,5,1.0,False,lesion>control
6408,8-4-1-0-8,3* 5 2 1 3*,5,1.0,False,lesion>control
6409,8-4-2-0-1,3* 5 3 1 2,5,1.0,False,lesion>control
6410,8-4-5-1-5,3* 5 6 2 6,5,1.0,False,lesion>control
6411,8-4-5-2-1,3* 5 6 3 2,5,1.0,False,lesion>control
6412,8-4-5-3-0,3* 5 6 4 1,5,1.0,False,lesion>control
6413,8-4-5-4-0,3* 5 6 5 1,5,1.0,False,lesion>control
6414,8-4-5-4-1,3* 5 6 5 2,5,1.0,False,lesion>control
6415,8-4-5-8-9,3* 5 6 3* 4*,5,1.0,False,control>lesion
6416,8-4-8-5-8,3* 5 3* 6 3*,5,1.0,False,lesion>control
6417,8-5-0-1-5,3* 6 1 2 6,5,1.0,False,lesion>control
6418,8-5-0-2-1,3* 6 1 3 2,5,1.0,False,lesion>control
6419,8-5-1-0-1,3* 6 2 1 2,5,1.0,False,lesion>control
6420,8-5-1-0-3,3* 6 2 1 4,5,1.0,False,lesion>control
6421,8-5-1-5-8,3* 6 2 6 3*,5,1.0,False,lesion>control
6422,8-5-1-8-1,3* 6 2 3* 2,5,1.0,False,lesion>control
6423,8-5-1-8-9,3* 6 2 3* 4*,5,1.0,False,lesion>control
6424,8-5-2-0-2,3* 6 3 1 3,5,1.0,False,lesion>control
6425,8-5-2-0-3,3* 6 3 1 4,5,1.0,False,lesion>control
6426,8-5-2-4-8,3* 6 3 5 3*,5,1.0,False,lesion>control
6427,8-5-2-5-2,3* 6 3 6 3,5,1.0,False,lesion>control
6428,8-5-2-5-7,3* 6 3 6 2*,5,1.0,False,lesion>control
6429,8-5-2-7-3,3* 6 3 2* 4,5,1.0,False,lesion>control
6430,8-5-2-9-5,3* 6 3 4* 6,5,1.0,False,lesion>control
6431,8-5-3-1-0,3* 6 4 2 1,5,1.0,False,control>lesion
6432,8-5-3-5-0,3* 6 4 6 1,5,1.0,False,lesion>control
6433,8-5-3-5-3,3* 6 4 6 4,5,1.0,False,lesion>control
6434,8-5-3-8-5,3* 6 4 3* 6,5,1.0,False,lesion>control
6435,8-5-4-0-1,3* 6 5 1 2,5,1.0,False,control>lesion
6436,8-5-4-5-1,3* 6 5 6 2,5,1.0,False,control>lesion
6437,8-5-4-5-3,3* 6 5 6 4,5,1.0,False,lesion>control
6438,8-5-4-8-0,3* 6 5 3* 1,5,1.0,False,lesion>control
6439,8-5-7-8-1,3* 6 2* 3* 2,5,1.0,False,lesion>control
6440,8-5-8-0-3,3* 6 3* 1 4,5,1.0,False,lesion>control
6441,8-5-8-0-5,3* 6 3* 1 6,5,1.0,False,lesion>control
6442,8-5-8-4-5,3* 6 3* 5 6,5,1.0,False,lesion>control
6443,8-5-8-9-5,3* 6 3* 4* 6,5,1.0,False,lesion>control
6444,8-5-9-4-8,3* 6 4* 5 3*,5,1.0,False,lesion>control
6445,8-5-9-8-0,3* 6 4* 3* 1,5,1.0,False,lesion>control
6446,8-7-0-4-1,3* 2* 1 5 2,5,1.0,False,lesion>control
6447,8-7-3-0-3,3* 2* 4 1 4,5,1.0,False,lesion>control
6448,8-7-3-1-8,3* 2* 4 2 3*,5,1.0,False,lesion>control
6449,8-7-3-4-0,3* 2* 4 5 1,5,1.0,False,control>lesion
6450,8-7-3-5-1,3* 2* 4 6 2,5,1.0,False,lesion>control
6451,8-7-4-0-3,3* 2* 5 1 4,5,1.0,False,lesion>control
6452,8-7-5-8-4,3* 2* 6 3* 5,5,1.0,False,lesion>control
6453,8-7-8-0-8,3* 2* 3* 1 3*,5,1.0,False,lesion>control
6454,8-7-8-0-9,3* 2* 3* 1 4*,5,1.0,False,lesion>control
6455,8-7-8-8-7,3* 2* 3* 3* 2*,5,1.0,False,control>lesion
6456,8-7-8-9-0,3* 2* 3* 4* 1,5,1.0,False,lesion>control
6457,8-8-0-1-8,3* 3* 1 2 3*,5,1.0,False,control>lesion
6458,8-8-0-9-8,3* 3* 1 4* 3*,5,1.0,False,lesion>control
6459,8-9-0-8-5,3* 4* 1 3* 6,5,1.0,False,lesion>control
6460,8-9-1-0-3,3* 4* 2 1 4,5,1.0,False,lesion>control
6461,8-9-1-3-1,3* 4* 2 4 2,5,1.0,False,lesion>control
6462,8-9-1-3-4,3* 4* 2 4 5,5,1.0,False,lesion>control
6463,8-9-1-3-5,3* 4* 2 4 6,5,1.0,False,lesion>control
6464,8-9-1-5-1,3* 4* 2 6 2,5,1.0,False,lesion>control
6465,8-9-1-8-0,3* 4* 2 3* 1,5,1.0,False,lesion>control
6466,8-9-1-8-5,3* 4* 2 3* 6,5,1.0,False,lesion>control
6467,8-9-3-0-1,3* 4* 4 1 2,5,1.0,False,lesion>control
6468,8-9-3-4-8,3* 4* 4 5 3*,5,1.0,False,lesion>control
6469,8-9-4-1-3,3* 4* 5 2 4,5,1.0,False,lesion>control
6470,8-9-5-0-3,3* 4* 6 1 4,5,1.0,False,lesion>control
6471,8-9-5-0-8,3* 4* 6 1 3*,5,1.0,False,lesion>control
6472,8-9-5-3-0,3* 4* 6 4 1,5,1.0,False,control>lesion
6473,8-9-5-3-1,3* 4* 6 4 2,5,1.0,False,lesion>control
6474,8-9-8-8-7,3* 4* 3* 3* 2*,5,1.0,False,lesion>control
6475,8-9-8-9-0,3* 4* 3* 4* 1,5,1.0,False,control>lesion
6476,9-0-1-8-9,4* 1 2 3* 4*,5,1.0,False,lesion>control
6477,9-0-4-8-3,4* 1 5 3* 4,5,1.0,False,lesion>control
6478,9-0-8-3-5,4* 1 3* 4 6,5,1.0,False,lesion>control
6479,9-0-8-7-0,4* 1 3* 2* 1,5,1.0,False,lesion>control
6480,9-1-5-1-3,4* 2 6 2 4,5,1.0,False,lesion>control
6481,9-1-5-8-0,4* 2 6 3* 1,5,1.0,False,lesion>control
6482,9-1-8-5-4,4* 2 3* 6 5,5,1.0,False,control>lesion
6483,9-3-0-1-3,4* 4 1 2 4,5,1.0,False,lesion>control
6484,9-3-4-8-7,4* 4 5 3* 2*,5,1.0,False,lesion>control
6485,9-3-8-3-5,4* 4 3* 4 6,5,1.0,False,control>lesion
6486,9-4-0-8-3,4* 5 1 3* 4,5,1.0,False,lesion>control
6487,9-4-3-1-0,4* 5 4 2 1,5,1.0,False,control>lesion
6488,9-4-5-0-3,4* 5 6 1 4,5,1.0,False,lesion>control
6489,9-4-5-1-0,4* 5 6 2 1,5,1.0,False,lesion>control
6490,9-4-5-1-8,4* 5 6 2 3*,5,1.0,False,lesion>control
6491,9-4-5-3-1,4* 5 6 4 2,5,1.0,False,lesion>control
6492,9-4-5-4-1,4* 5 6 5 2,5,1.0,False,control>lesion
6493,9-4-8-0-7,4* 5 3* 1 2*,5,1.0,False,lesion>control
6494,9-4-8-0-8,4* 5 3* 1 3*,5,1.0,False,lesion>control
6495,9-5-0-3-8,4* 6 1 4 3*,5,1.0,False,lesion>control
6496,9-5-1-0-3,4* 6 2 1 4,5,1.0,False,lesion>control
6497,9-5-3-1-8,4* 6 4 2 3*,5,1.0,False,lesion>control
6498,9-5-4-3-0,4* 6 5 4 1,5,1.0,False,control>lesion
6499,9-5-4-8-3,4* 6 5 3* 4,5,1.0,False,control>lesion
6500,9-5-8-0-1,4* 6 3* 1 2,5,1.0,False,control>lesion
6501,9-5-8-0-8,4* 6 3* 1 3*,5,1.0,False,lesion>control
6502,9-5-8-3-5,4* 6 3* 4 6,5,1.0,False,lesion>control
6503,9-8-0-1-0,4* 3* 1 2 1,5,1.0,False,lesion>control
6504,9-8-0-1-3,4* 3* 1 2 4,5,1.0,False,lesion>control
6505,9-8-0-8-3,4* 3* 1 3* 4,5,1.0,False,control>lesion
6506,9-8-3-0-3,4* 3* 4 1 4,5,1.0,False,lesion>control
6507,9-8-3-4-0,4* 3* 4 5 1,5,1.0,False,lesion>control
6508,9-8-4-2-0,4* 3* 5 3 1,5,1.0,False,control>lesion
6509,9-8-4-8-3,4* 3* 5 3* 4,5,1.0,False,lesion>control
6510,9-8-5-2-0,4* 3* 6 3 1,5,1.0,False,control>lesion
6511,9-8-5-4-5,4* 3* 6 5 6,5,1.0,False,control>lesion
6512,9-8-5-7-8,4* 3* 6 2* 3*,5,1.0,False,lesion>control
6513,9-8-5-8-0,4* 3* 6 3* 1,5,1.0,False,lesion>control
6514,9-8-5-8-3,4* 3* 6 3* 4,5,1.0,False,lesion>control
6515,9-8-7-0-4,4* 3* 2* 1 5,5,1.0,False,control>lesion
6516,9-8-9-0-1,4* 3* 4* 1 2,5,1.0,False,control>lesion
6517,9-8-9-4-5,4* 3* 4* 5 6,5,1.0,False,control>lesion
6518,9-8-9-4-8,4* 3* 4* 5 3*,5,1.0,False,lesion>control
6519,0-1-0-1-0-3,1 2 1 2 1 4,6,1.0,False,lesion>control
6520,0-1-0-1-3-0,1 2 1 2 4 1,6,1.0,False,control>lesion
6521,0-1-0-1-3-4,1 2 1 2 4 5,6,1.0,False,control>lesion
6522,0-1-0-1-3-5,1 2 1 2 4 6,6,1.0,False,control>lesion
6523,0-1-0-1-4-5,1 2 1 2 5 6,6,1.0,False,control>lesion
6524,0-1-0-1-4-8,1 2 1 2 5 3*,6,1.0,False,lesion>control
6525,0-1-0-3-4-5,1 2 1 4 5 6,6,1.0,False,lesion>control
6526,0-1-0-3-5-0,1 2 1 4 6 1,6,1.0,False,control>lesion
6527,0-1-0-3-8-3,1 2 1 4 3* 4,6,1.0,False,lesion>control
6528,0-1-0-5-1-0,1 2 1 6 2 1,6,1.0,False,lesion>control
6529,0-1-0-5-4-5,1 2 1 6 5 6,6,1.0,False,control>lesion
6530,0-1-0-8-9-4,1 2 1 3* 4* 5,6,1.0,False,control>lesion
6531,0-1-3-0-3-0,1 2 4 1 4 1,6,1.0,False,lesion>control
6532,0-1-3-0-5-4,1 2 4 1 6 5,6,1.0,False,control>lesion
6533,0-1-3-0-8-0,1 2 4 1 3* 1,6,1.0,False,control>lesion
6534,0-1-3-1-0-1,1 2 4 2 1 2,6,1.0,False,control>lesion
6535,0-1-3-1-0-3,1 2 4 2 1 4,6,1.0,False,control>lesion
6536,0-1-3-1-0-8,1 2 4 2 1 3*,6,1.0,False,control>lesion
6537,0-1-3-4-0-5,1 2 4 5 1 6,6,1.0,False,control>lesion
6538,0-1-3-4-3-0,1 2 4 5 4 1,6,1.0,False,control>lesion
6539,0-1-3-4-8-0,1 2 4 5 3* 1,6,1.0,False,lesion>control
6540,0-1-3-5-0-4,1 2 4 6 1 5,6,1.0,False,lesion>control
6541,0-1-3-5-3-0,1 2 4 6 4 1,6,1.0,False,control>lesion
6542,0-1-3-5-4-5,1 2 4 6 5 6,6,1.0,False,control>lesion
6543,0-1-3-8-0-1,1 2 4 3* 1 2,6,1.0,False,lesion>control
6544,0-1-3-8-3-5,1 2 4 3* 4 6,6,1.0,False,control>lesion
6545,0-1-3-8-5-4,1 2 4 3* 6 5,6,1.0,False,lesion>control
6546,0-1-3-8-7-4,1 2 4 3* 2* 5,6,1.0,False,lesion>control
6547,0-1-4-3-8-7,1 2 5 4 3* 2*,6,1.0,False,control>lesion
6548,0-1-4-5-4-3,1 2 5 6 5 4,6,1.0,False,lesion>control
6549,0-1-4-5-4-8,1 2 5 6 5 3*,6,1.0,False,control>lesion
6550,0-1-4-5-8-1,1 2 5 6 3* 2,6,1.0,False,lesion>control
6551,0-1-4-8-0-1,1 2 5 3* 1 2,6,1.0,False,lesion>control
6552,0-1-4-8-1-0,1 2 5 3* 2 1,6,1.0,False,lesion>control
6553,0-1-4-8-1-3,1 2 5 3* 2 4,6,1.0,False,lesion>control
6554,0-1-4-8-9-8,1 2 5 3* 4* 3*,6,1.0,False,lesion>control
6555,0-1-5-0-5-3,1 2 6 1 6 4,6,1.0,False,control>lesion
6556,0-1-5-1-0-1,1 2 6 2 1 2,6,1.0,False,lesion>control
6557,0-1-5-3-8-3,1 2 6 4 3* 4,6,1.0,False,control>lesion
6558,0-1-5-4-5-3,1 2 6 5 6 4,6,1.0,False,control>lesion
6559,0-1-5-4-8-0,1 2 6 5 3* 1,6,1.0,False,control>lesion
6560,0-1-5-8-0-3,1 2 6 3* 1 4,6,1.0,False,lesion>control
6561,0-1-5-8-0-5,1 2 6 3* 1 6,6,1.0,False,lesion>control
6562,0-1-5-8-0-9,1 2 6 3* 1 4*,6,1.0,False,lesion>control
6563,0-1-5-8-1-3,1 2 6 3* 2 4,6,1.0,False,lesion>control
6564,0-1-5-8-1-8,1 2 6 3* 2 3*,6,1.0,False,lesion>control
6565,0-1-5-8-9-0,1 2 6 3* 4* 1,6,1.0,False,lesion>control
6566,0-1-8-1-0-3,1 2 3* 2 1 4,6,1.0,False,lesion>control
6567,0-1-8-1-0-4,1 2 3* 2 1 5,6,1.0,False,lesion>control
6568,0-1-8-1-5-8,1 2 3* 2 6 3*,6,1.0,False,control>lesion
6569,0-1-8-4-2-1,1 2 3* 5 3 2,6,1.0,False,control>lesion
6570,0-1-8-4-3-8,1 2 3* 5 4 3*,6,1.0,False,lesion>control
6571,0-1-8-4-5-0,1 2 3* 5 6 1,6,1.0,False,lesion>control
6572,0-1-8-4-5-3,1 2 3* 5 6 4,6,1.0,False,control>lesion
6573,0-1-8-4-8-9,1 2 3* 5 3* 4*,6,1.0,False,control>lesion
6574,0-1-8-5-8-0,1 2 3* 6 3* 1,6,1.0,False,control>lesion
6575,0-1-8-9-3-0,1 2 3* 4* 4 1,6,1.0,False,control>lesion
6576,0-1-8-9-4-0,1 2 3* 4* 5 1,6,1.0,False,lesion>control
6577,0-1-8-9-4-1,1 2 3* 4* 5 2,6,1.0,False,lesion>control
6578,0-2-1-8-1-3,1 3 2 3* 2 4,6,1.0,False,lesion>control
6579,0-2-1-8-1-8,1 3 2 3* 2 3*,6,1.0,False,lesion>control
6580,0-2-1-8-5-2,1 3 2 3* 6 3,6,1.0,False,lesion>control
6581,0-2-7-8-1-8,1 3 2* 3* 2 3*,6,1.0,False,lesion>control
6582,0-2-9-4-8-7,1 3 4* 5 3* 2*,6,1.0,False,control>lesion
6583,0-2-9-8-7-8,1 3 4* 3* 2* 3*,6,1.0,False,lesion>control
6584,0-3-0-1-8-0,1 4 1 2 3* 1,6,1.0,False,lesion>control
6585,0-3-0-3-1-0,1 4 1 4 2 1,6,1.0,False,lesion>control
6586,0-3-0-3-4-5,1 4 1 4 5 6,6,1.0,False,lesion>control
6587,0-3-0-3-5-8,1 4 1 4 6 3*,6,1.0,False,lesion>control
6588,0-3-0-8-7-0,1 4 1 3* 2* 1,6,1.0,False,lesion>control
6589,0-3-1-0-1-3,1 4 2 1 2 4,6,1.0,False,control>lesion
6590,0-3-1-0-3-4,1 4 2 1 4 5,6,1.0,False,lesion>control
6591,0-3-1-0-3-5,1 4 2 1 4 6,6,1.0,False,lesion>control
6592,0-3-1-0-5-0,1 4 2 1 6 1,6,1.0,False,control>lesion
6593,0-3-1-3-8-7,1 4 2 4 3* 2*,6,1.0,False,lesion>control
6594,0-3-1-4-8-1,1 4 2 5 3* 2,6,1.0,False,lesion>control
6595,0-3-4-0-3-5,1 4 5 1 4 6,6,1.0,False,lesion>control
6596,0-3-4-0-5-8,1 4 5 1 6 3*,6,1.0,False,lesion>control
6597,0-3-4-5-0-1,1 4 5 6 1 2,6,1.0,False,lesion>control
6598,0-3-4-5-0-5,1 4 5 6 1 6,6,1.0,False,lesion>control
6599,0-3-4-5-0-8,1 4 5 6 1 3*,6,1.0,False,lesion>control
6600,0-3-4-5-1-0,1 4 5 6 2 1,6,1.0,False,lesion>control
6601,0-3-4-5-1-5,1 4 5 6 2 6,6,1.0,False,control>lesion
6602,0-3-4-5-4-8,1 4 5 6 5 3*,6,1.0,False,control>lesion
6603,0-3-4-8-7-3,1 4 5 3* 2* 4,6,1.0,False,lesion>control
6604,0-3-5-0-1-0,1 4 6 1 2 1,6,1.0,False,lesion>control
6605,0-3-5-0-3-1,1 4 6 1 4 2,6,1.0,False,control>lesion
6606,0-3-5-0-3-4,1 4 6 1 4 5,6,1.0,False,lesion>control
6607,0-3-5-0-3-8,1 4 6 1 4 3*,6,1.0,False,control>lesion
6608,0-3-5-0-5-8,1 4 6 1 6 3*,6,1.0,False,lesion>control
6609,0-3-5-1-0-5,1 4 6 2 1 6,6,1.0,False,control>lesion
6610,0-3-5-3-0-1,1 4 6 4 1 2,6,1.0,False,control>lesion
6611,0-3-5-3-0-5,1 4 6 4 1 6,6,1.0,False,lesion>control
6612,0-3-5-3-8-0,1 4 6 4 3* 1,6,1.0,False,lesion>control
6613,0-3-5-4-0-5,1 4 6 5 1 6,6,1.0,False,lesion>control
6614,0-3-5-4-5-4,1 4 6 5 6 5,6,1.0,False,lesion>control
6615,0-3-5-4-5-8,1 4 6 5 6 3*,6,1.0,False,lesion>control
6616,0-3-5-4-8-3,1 4 6 5 3* 4,6,1.0,False,control>lesion
6617,0-3-5-8-0-3,1 4 6 3* 1 4,6,1.0,False,lesion>control
6618,0-3-5-8-3-1,1 4 6 3* 4 2,6,1.0,False,control>lesion
6619,0-3-5-8-3-8,1 4 6 3* 4 3*,6,1.0,False,lesion>control
6620,0-3-8-0-1-5,1 4 3* 1 2 6,6,1.0,False,control>lesion
6621,0-3-8-0-3-0,1 4 3* 1 4 1,6,1.0,False,lesion>control
6622,0-3-8-0-3-5,1 4 3* 1 4 6,6,1.0,False,lesion>control
6623,0-3-8-1-0-4,1 4 3* 2 1 5,6,1.0,False,lesion>control
6624,0-3-8-1-0-8,1 4 3* 2 1 3*,6,1.0,False,lesion>control
6625,0-3-8-1-3-8,1 4 3* 2 4 3*,6,1.0,False,lesion>control
6626,0-3-8-1-5-4,1 4 3* 2 6 5,6,1.0,False,lesion>control
6627,0-3-8-3-0-5,1 4 3* 4 1 6,6,1.0,False,lesion>control
6628,0-3-8-3-1-5,1 4 3* 4 2 6,6,1.0,False,lesion>control
6629,0-3-8-3-2-1,1 4 3* 4 3 2,6,1.0,False,lesion>control
6630,0-3-8-3-3-8,1 4 3* 4 4 3*,6,1.0,False,lesion>control
6631,0-3-8-3-4-1,1 4 3* 4 5 2,6,1.0,False,lesion>control
6632,0-3-8-3-8-5,1 4 3* 4 3* 6,6,1.0,False,lesion>control
6633,0-3-8-4-8-7,1 4 3* 5 3* 2*,6,1.0,False,lesion>control
6634,0-3-8-7-5-3,1 4 3* 2* 6 4,6,1.0,False,lesion>control
6635,0-3-8-9-8-7,1 4 3* 4* 3* 2*,6,1.0,False,control>lesion
6636,0-4-0-3-0-3,1 5 1 4 1 4,6,1.0,False,lesion>control
6637,0-4-1-0-4-5,1 5 2 1 5 6,6,1.0,False,lesion>control
6638,0-4-3-8-1-0,1 5 4 3* 2 1,6,1.0,False,lesion>control
6639,0-4-5-0-3-0,1 5 6 1 4 1,6,1.0,False,lesion>control
6640,0-4-5-0-3-5,1 5 6 1 4 6,6,1.0,False,lesion>control
6641,0-4-5-1-0-3,1 5 6 2 1 4,6,1.0,False,lesion>control
6642,0-4-5-1-0-4,1 5 6 2 1 5,6,1.0,False,lesion>control
6643,0-4-5-3-8-7,1 5 6 4 3* 2*,6,1.0,False,lesion>control
6644,0-4-5-4-3-8,1 5 6 5 4 3*,6,1.0,False,lesion>control
6645,0-4-5-4-8-7,1 5 6 5 3* 2*,6,1.0,False,lesion>control
6646,0-4-8-0-1-3,1 5 3* 1 2 4,6,1.0,False,control>lesion
6647,0-4-8-1-0-5,1 5 3* 2 1 6,6,1.0,False,lesion>control
6648,0-4-8-3-8-0,1 5 3* 4 3* 1,6,1.0,False,lesion>control
6649,0-4-8-7-0-1,1 5 3* 2* 1 2,6,1.0,False,lesion>control
6650,0-5-0-1-0-8,1 6 1 2 1 3*,6,1.0,False,lesion>control
6651,0-5-0-1-5-0,1 6 1 2 6 1,6,1.0,False,lesion>control
6652,0-5-0-1-8-9,1 6 1 2 3* 4*,6,1.0,False,lesion>control
6653,0-5-0-3-0-1,1 6 1 4 1 2,6,1.0,False,lesion>control
6654,0-5-0-3-0-5,1 6 1 4 1 6,6,1.0,False,lesion>control
6655,0-5-0-3-0-8,1 6 1 4 1 3*,6,1.0,False,control>lesion
6656,0-5-0-3-1-5,1 6 1 4 2 6,6,1.0,False,lesion>control
6657,0-5-0-3-4-0,1 6 1 4 5 1,6,1.0,False,control>lesion
6658,0-5-0-3-5-3,1 6 1 4 6 4,6,1.0,False,lesion>control
6659,0-5-0-3-8-1,1 6 1 4 3* 2,6,1.0,False,lesion>control
6660,0-5-0-3-8-3,1 6 1 4 3* 4,6,1.0,False,lesion>control
6661,0-5-0-3-8-7,1 6 1 4 3* 2*,6,1.0,False,lesion>control
6662,0-5-0-4-5-3,1 6 1 5 6 4,6,1.0,False,lesion>control
6663,0-5-0-5-1-5,1 6 1 6 2 6,6,1.0,False,lesion>control
6664,0-5-0-5-8-3,1 6 1 6 3* 4,6,1.0,False,lesion>control
6665,0-5-0-5-8-7,1 6 1 6 3* 2*,6,1.0,False,control>lesion
6666,0-5-0-8-0-5,1 6 1 3* 1 6,6,1.0,False,lesion>control
6667,0-5-0-8-1-0,1 6 1 3* 2 1,6,1.0,False,lesion>control
6668,0-5-0-8-3-0,1 6 1 3* 4 1,6,1.0,False,lesion>control
6669,0-5-0-8-5-0,1 6 1 3* 6 1,6,1.0,False,lesion>control
6670,0-5-0-8-7-0,1 6 1 3* 2* 1,6,1.0,False,lesion>control
6671,0-5-0-8-7-3,1 6 1 3* 2* 4,6,1.0,False,lesion>control
6672,0-5-1-0-3-4,1 6 2 1 4 5,6,1.0,False,lesion>control
6673,0-5-1-0-4-1,1 6 2 1 5 2,6,1.0,False,lesion>control
6674,0-5-1-0-5-1,1 6 2 1 6 2,6,1.0,False,lesion>control
6675,0-5-1-0-5-4,1 6 2 1 6 5,6,1.0,False,lesion>control
6676,0-5-1-5-3-0,1 6 2 6 4 1,6,1.0,False,lesion>control
6677,0-5-1-5-8-5,1 6 2 6 3* 6,6,1.0,False,lesion>control
6678,0-5-3-0-5-0,1 6 4 1 6 1,6,1.0,False,lesion>control
6679,0-5-3-0-5-4,1 6 4 1 6 5,6,1.0,False,lesion>control
6680,0-5-3-0-5-8,1 6 4 1 6 3*,6,1.0,False,control>lesion
6681,0-5-3-1-0-5,1 6 4 2 1 6,6,1.0,False,lesion>control
6682,0-5-3-5-8-3,1 6 4 6 3* 4,6,1.0,False,lesion>control
6683,0-5-3-8-7-3,1 6 4 3* 2* 4,6,1.0,False,lesion>control
6684,0-5-3-8-7-8,1 6 4 3* 2* 3*,6,1.0,False,control>lesion
6685,0-5-4-0-1-5,1 6 5 1 2 6,6,1.0,False,control>lesion
6686,0-5-4-3-5-0,1 6 5 4 6 1,6,1.0,False,lesion>control
6687,0-5-4-3-5-4,1 6 5 4 6 5,6,1.0,False,lesion>control
6688,0-5-4-3-8-0,1 6 5 4 3* 1,6,1.0,False,lesion>control
6689,0-5-4-3-8-1,1 6 5 4 3* 2,6,1.0,False,lesion>control
6690,0-5-4-3-8-5,1 6 5 4 3* 6,6,1.0,False,lesion>control
6691,0-5-4-5-1-0,1 6 5 6 2 1,6,1.0,False,control>lesion
6692,0-5-4-5-4-5,1 6 5 6 5 6,6,1.0,False,lesion>control
6693,0-5-4-5-8-0,1 6 5 6 3* 1,6,1.0,False,lesion>control
6694,0-5-4-8-1-5,1 6 5 3* 2 6,6,1.0,False,lesion>control
6695,0-5-4-8-3-8,1 6 5 3* 4 3*,6,1.0,False,lesion>control
6696,0-5-4-8-5-4,1 6 5 3* 6 5,6,1.0,False,lesion>control
6697,0-5-8-0-3-0,1 6 3* 1 4 1,6,1.0,False,lesion>control
6698,0-5-8-0-5-0,1 6 3* 1 6 1,6,1.0,False,lesion>control
6699,0-5-8-0-8-7,1 6 3* 1 3* 2*,6,1.0,False,lesion>control
6700,0-5-8-1-0-8,1 6 3* 2 1 3*,6,1.0,False,lesion>control
6701,0-5-8-1-5-1,1 6 3* 2 6 2,6,1.0,False,lesion>control
6702,0-5-8-1-5-4,1 6 3* 2 6 5,6,1.0,False,lesion>control
6703,0-5-8-1-8-3,1 6 3* 2 3* 4,6,1.0,False,lesion>control
6704,0-5-8-3-1-0,1 6 3* 4 2 1,6,1.0,False,lesion>control
6705,0-5-8-3-8-3,1 6 3* 4 3* 4,6,1.0,False,lesion>control
6706,0-5-8-4-8-1,1 6 3* 5 3* 2,6,1.0,False,lesion>control
6707,0-5-8-4-8-4,1 6 3* 5 3* 5,6,1.0,False,lesion>control
6708,0-5-8-5-0-5,1 6 3* 6 1 6,6,1.0,False,lesion>control
6709,0-5-8-5-2-0,1 6 3* 6 3 1,6,1.0,False,lesion>control
6710,0-5-8-7-0-3,1 6 3* 2* 1 4,6,1.0,False,control>lesion
6711,0-5-8-9-4-8,1 6 3* 4* 5 3*,6,1.0,False,lesion>control
6712,0-5-8-9-8-0,1 6 3* 4* 3* 1,6,1.0,False,lesion>control
6713,0-7-3-5-8-3,1 2* 4 6 3* 4,6,1.0,False,lesion>control
6714,0-7-3-8-7-8,1 2* 4 3* 2* 3*,6,1.0,False,lesion>control
6715,0-7-8-1-8-1,1 2* 3* 2 3* 2,6,1.0,False,lesion>control
6716,0-7-8-9-4-8,1 2* 3* 4* 5 3*,6,1.0,False,lesion>control
6717,0-7-8-9-8-0,1 2* 3* 4* 3* 1,6,1.0,False,lesion>control
6718,0-8-0-1-3-5,1 3* 1 2 4 6,6,1.0,False,lesion>control
6719,0-8-0-2-1-8,1 3* 1 3 2 3*,6,1.0,False,lesion>control
6720,0-8-0-5-1-0,1 3* 1 6 2 1,6,1.0,False,lesion>control
6721,0-8-0-5-3-8,1 3* 1 6 4 3*,6,1.0,False,lesion>control
6722,0-8-0-5-4-5,1 3* 1 6 5 6,6,1.0,False,lesion>control
6723,0-8-0-8-3-0,1 3* 1 3* 4 1,6,1.0,False,lesion>control
6724,0-8-1-0-4-8,1 3* 2 1 5 3*,6,1.0,False,lesion>control
6725,0-8-1-0-8-0,1 3* 2 1 3* 1,6,1.0,False,lesion>control
6726,0-8-1-0-8-3,1 3* 2 1 3* 4,6,1.0,False,lesion>control
6727,0-8-1-3-4-8,1 3* 2 4 5 3*,6,1.0,False,lesion>control
6728,0-8-1-3-5-8,1 3* 2 4 6 3*,6,1.0,False,lesion>control
6729,0-8-1-5-8-1,1 3* 2 6 3* 2,6,1.0,False,lesion>control
6730,0-8-1-8-1-2,1 3* 2 3* 2 3,6,1.0,False,lesion>control
6731,0-8-1-8-9-1,1 3* 2 3* 4* 2,6,1.0,False,control>lesion
6732,0-8-1-8-9-5,1 3* 2 3* 4* 6,6,1.0,False,lesion>control
6733,0-8-3-1-0-3,1 3* 4 2 1 4,6,1.0,False,lesion>control
6734,0-8-3-4-3-0,1 3* 4 5 4 1,6,1.0,False,lesion>control
6735,0-8-3-4-5-0,1 3* 4 5 6 1,6,1.0,False,lesion>control
6736,0-8-3-4-5-3,1 3* 4 5 6 4,6,1.0,False,control>lesion
6737,0-8-3-5-0-3,1 3* 4 6 1 4,6,1.0,False,lesion>control
6738,0-8-3-5-0-8,1 3* 4 6 1 3*,6,1.0,False,lesion>control
6739,0-8-3-5-4-5,1 3* 4 6 5 6,6,1.0,False,control>lesion
6740,0-8-3-8-3-4,1 3* 4 3* 4 5,6,1.0,False,lesion>control
6741,0-8-3-8-5-0,1 3* 4 3* 6 1,6,1.0,False,lesion>control
6742,0-8-4-5-3-8,1 3* 5 6 4 3*,6,1.0,False,control>lesion
6743,0-8-4-5-4-3,1 3* 5 6 5 4,6,1.0,False,control>lesion
6744,0-8-4-5-4-8,1 3* 5 6 5 3*,6,1.0,False,lesion>control
6745,0-8-7-0-3-4,1 3* 2* 1 4 5,6,1.0,False,lesion>control
6746,0-8-7-0-8-1,1 3* 2* 1 3* 2,6,1.0,False,lesion>control
6747,0-8-7-3-1-0,1 3* 2* 4 2 1,6,1.0,False,lesion>control
6748,0-8-7-3-8-7,1 3* 2* 4 3* 2*,6,1.0,False,lesion>control
6749,0-8-7-8-9-3,1 3* 2* 3* 4* 4,6,1.0,False,lesion>control
6750,0-8-9-1-0-3,1 3* 4* 2 1 4,6,1.0,False,lesion>control
6751,0-8-9-1-0-8,1 3* 4* 2 1 3*,6,1.0,False,lesion>control
6752,0-8-9-1-8-1,1 3* 4* 2 3* 2,6,1.0,False,lesion>control
6753,0-8-9-1-8-9,1 3* 4* 2 3* 4*,6,1.0,False,lesion>control
6754,0-8-9-3-8-7,1 3* 4* 4 3* 2*,6,1.0,False,lesion>control
6755,0-8-9-4-3-4,1 3* 4* 5 4 5,6,1.0,False,lesion>control
6756,0-8-9-4-5-0,1 3* 4* 5 6 1,6,1.0,False,lesion>control
6757,0-8-9-4-8-0,1 3* 4* 5 3* 1,6,1.0,False,lesion>control
6758,0-8-9-5-3-8,1 3* 4* 6 4 3*,6,1.0,False,control>lesion
6759,0-8-9-5-8-7,1 3* 4* 6 3* 2*,6,1.0,False,control>lesion
6760,0-8-9-8-3-1,1 3* 4* 3* 4 2,6,1.0,False,lesion>control
6761,0-8-9-8-5-4,1 3* 4* 3* 6 5,6,1.0,False,control>lesion
6762,0-9-8-7-0-4,1 4* 3* 2* 1 5,6,1.0,False,control>lesion
6763,1-0-1-0-1-5,2 1 2 1 2 6,6,1.0,False,control>lesion
6764,1-0-1-0-3-8,2 1 2 1 4 3*,6,1.0,False,lesion>control
6765,1-0-1-3-0-1,2 1 2 4 1 2,6,1.0,False,lesion>control
6766,1-0-1-3-1-0,2 1 2 4 2 1,6,1.0,False,lesion>control
6767,1-0-1-3-1-8,2 1 2 4 2 3*,6,1.0,False,lesion>control
6768,1-0-1-3-8-1,2 1 2 4 3* 2,6,1.0,False,lesion>control
6769,1-0-1-4-5-4,2 1 2 5 6 5,6,1.0,False,control>lesion
6770,1-0-1-4-5-8,2 1 2 5 6 3*,6,1.0,False,control>lesion
6771,1-0-1-5-8-0,2 1 2 6 3* 1,6,1.0,False,lesion>control
6772,1-0-1-8-0-1,2 1 2 3* 1 2,6,1.0,False,control>lesion
6773,1-0-1-8-4-2,2 1 2 3* 5 3,6,1.0,False,control>lesion
6774,1-0-3-4-3-8,2 1 4 5 4 3*,6,1.0,False,lesion>control
6775,1-0-3-4-5-0,2 1 4 5 6 1,6,1.0,False,control>lesion
6776,1-0-3-4-5-3,2 1 4 5 6 4,6,1.0,False,lesion>control
6777,1-0-3-4-8-7,2 1 4 5 3* 2*,6,1.0,False,control>lesion
6778,1-0-3-5-3-0,2 1 4 6 4 1,6,1.0,False,control>lesion
6779,1-0-3-5-3-1,2 1 4 6 4 2,6,1.0,False,lesion>control
6780,1-0-3-5-3-5,2 1 4 6 4 6,6,1.0,False,control>lesion
6781,1-0-3-5-8-0,2 1 4 6 3* 1,6,1.0,False,control>lesion
6782,1-0-3-5-8-3,2 1 4 6 3* 4,6,1.0,False,control>lesion
6783,1-0-3-8-0-1,2 1 4 3* 1 2,6,1.0,False,control>lesion
6784,1-0-3-8-0-3,2 1 4 3* 1 4,6,1.0,False,lesion>control
6785,1-0-3-8-1-5,2 1 4 3* 2 6,6,1.0,False,lesion>control
6786,1-0-3-8-3-4,2 1 4 3* 4 5,6,1.0,False,lesion>control
6787,1-0-4-1-0-4,2 1 5 2 1 5,6,1.0,False,lesion>control
6788,1-0-4-1-4-5,2 1 5 2 5 6,6,1.0,False,lesion>control
6789,1-0-4-3-8-7,2 1 5 4 3* 2*,6,1.0,False,lesion>control
6790,1-0-4-5-1-8,2 1 5 6 2 3*,6,1.0,False,control>lesion
6791,1-0-4-8-1-3,2 1 5 3* 2 4,6,1.0,False,lesion>control
6792,1-0-5-0-3-0,2 1 6 1 4 1,6,1.0,False,lesion>control
6793,1-0-5-0-3-8,2 1 6 1 4 3*,6,1.0,False,lesion>control
6794,1-0-5-0-4-5,2 1 6 1 5 6,6,1.0,False,lesion>control
6795,1-0-5-3-1-0,2 1 6 4 2 1,6,1.0,False,control>lesion
6796,1-0-5-3-1-8,2 1 6 4 2 3*,6,1.0,False,control>lesion
6797,1-0-5-3-5-0,2 1 6 4 6 1,6,1.0,False,control>lesion
6798,1-0-5-3-8-3,2 1 6 4 3* 4,6,1.0,False,control>lesion
6799,1-0-5-8-0-3,2 1 6 3* 1 4,6,1.0,False,lesion>control
6800,1-0-5-8-0-8,2 1 6 3* 1 3*,6,1.0,False,lesion>control
6801,1-0-5-8-7-0,2 1 6 3* 2* 1,6,1.0,False,control>lesion
6802,1-0-8-1-4-8,2 1 3* 2 5 3*,6,1.0,False,lesion>control
6803,1-0-8-1-5-4,2 1 3* 2 6 5,6,1.0,False,lesion>control
6804,1-0-8-1-8-0,2 1 3* 2 3* 1,6,1.0,False,lesion>control
6805,1-0-8-3-4-5,2 1 3* 4 5 6,6,1.0,False,lesion>control
6806,1-0-8-4-5-4,2 1 3* 5 6 5,6,1.0,False,lesion>control
6807,1-0-8-9-5-0,2 1 3* 4* 6 1,6,1.0,False,lesion>control
6808,1-0-8-9-5-3,2 1 3* 4* 6 4,6,1.0,False,control>lesion
6809,1-2-9-8-5-2,2 3 4* 3* 6 3,6,1.0,False,lesion>control
6810,1-2-9-8-7-0,2 3 4* 3* 2* 1,6,1.0,False,lesion>control
6811,1-3-0-1-0-1,2 4 1 2 1 2,6,1.0,False,control>lesion
6812,1-3-0-3-0-5,2 4 1 4 1 6,6,1.0,False,lesion>control
6813,1-3-0-3-1-0,2 4 1 4 2 1,6,1.0,False,lesion>control
6814,1-3-0-5-1-0,2 4 1 6 2 1,6,1.0,False,control>lesion
6815,1-3-0-5-1-5,2 4 1 6 2 6,6,1.0,False,lesion>control
6816,1-3-0-5-3-5,2 4 1 6 4 6,6,1.0,False,lesion>control
6817,1-3-0-5-8-3,2 4 1 6 3* 4,6,1.0,False,lesion>control
6818,1-3-0-8-3-1,2 4 1 3* 4 2,6,1.0,False,lesion>control
6819,1-3-1-0-3-5,2 4 2 1 4 6,6,1.0,False,control>lesion
6820,1-3-1-0-8-1,2 4 2 1 3* 2,6,1.0,False,control>lesion
6821,1-3-1-3-4-5,2 4 2 4 5 6,6,1.0,False,lesion>control
6822,1-3-1-5-8-9,2 4 2 6 3* 4*,6,1.0,False,lesion>control
6823,1-3-1-8-1-8,2 4 2 3* 2 3*,6,1.0,False,lesion>control
6824,1-3-1-8-9-1,2 4 2 3* 4* 2,6,1.0,False,lesion>control
6825,1-3-1-8-9-5,2 4 2 3* 4* 6,6,1.0,False,lesion>control
6826,1-3-1-8-9-8,2 4 2 3* 4* 3*,6,1.0,False,lesion>control
6827,1-3-4-0-8-3,2 4 5 1 3* 4,6,1.0,False,lesion>control
6828,1-3-4-3-8-0,2 4 5 4 3* 1,6,1.0,False,control>lesion
6829,1-3-4-3-8-3,2 4 5 4 3* 4,6,1.0,False,lesion>control
6830,1-3-4-5-0-1,2 4 5 6 1 2,6,1.0,False,lesion>control
6831,1-3-4-5-1-3,2 4 5 6 2 4,6,1.0,False,lesion>control
6832,1-3-4-5-3-1,2 4 5 6 4 2,6,1.0,False,control>lesion
6833,1-3-4-8-0-3,2 4 5 3* 1 4,6,1.0,False,lesion>control
6834,1-3-4-8-7-3,2 4 5 3* 2* 4,6,1.0,False,lesion>control
6835,1-3-5-0-1-8,2 4 6 1 2 3*,6,1.0,False,control>lesion
6836,1-3-5-0-8-1,2 4 6 1 3* 2,6,1.0,False,control>lesion
6837,1-3-5-3-0-1,2 4 6 4 1 2,6,1.0,False,control>lesion
6838,1-3-5-3-4-5,2 4 6 4 5 6,6,1.0,False,lesion>control
6839,1-3-5-8-0-1,2 4 6 3* 1 2,6,1.0,False,control>lesion
6840,1-3-5-8-0-3,2 4 6 3* 1 4,6,1.0,False,lesion>control
6841,1-3-8-0-4-2,2 4 3* 1 5 3,6,1.0,False,lesion>control
6842,1-3-8-0-5-1,2 4 3* 1 6 2,6,1.0,False,lesion>control
6843,1-3-8-0-8-7,2 4 3* 1 3* 2*,6,1.0,False,lesion>control
6844,1-3-8-3-1-0,2 4 3* 4 2 1,6,1.0,False,control>lesion
6845,1-3-8-3-5-4,2 4 3* 4 6 5,6,1.0,False,control>lesion
6846,1-3-8-3-8-5,2 4 3* 4 3* 6,6,1.0,False,lesion>control
6847,1-3-8-7-3-1,2 4 3* 2* 4 2,6,1.0,False,lesion>control
6848,1-3-8-7-3-5,2 4 3* 2* 4 6,6,1.0,False,control>lesion
6849,1-3-8-7-4-3,2 4 3* 2* 5 4,6,1.0,False,lesion>control
6850,1-3-8-7-5-4,2 4 3* 2* 6 5,6,1.0,False,lesion>control
6851,1-3-8-7-8-7,2 4 3* 2* 3* 2*,6,1.0,False,lesion>control
6852,1-3-8-9-8-7,2 4 3* 4* 3* 2*,6,1.0,False,lesion>control
6853,1-4-3-8-7-0,2 5 4 3* 2* 1,6,1.0,False,lesion>control
6854,1-4-3-8-7-8,2 5 4 3* 2* 3*,6,1.0,False,lesion>control
6855,1-4-5-4-3-0,2 5 6 5 4 1,6,1.0,False,lesion>control
6856,1-4-5-4-8-0,2 5 6 5 3* 1,6,1.0,False,control>lesion
6857,1-4-5-8-1-0,2 5 6 3* 2 1,6,1.0,False,lesion>control
6858,1-4-5-8-1-8,2 5 6 3* 2 3*,6,1.0,False,lesion>control
6859,1-4-5-8-9-8,2 5 6 3* 4* 3*,6,1.0,False,control>lesion
6860,1-4-8-0-4-8,2 5 3* 1 5 3*,6,1.0,False,lesion>control
6861,1-4-8-1-0-8,2 5 3* 2 1 3*,6,1.0,False,lesion>control
6862,1-4-8-1-4-8,2 5 3* 2 5 3*,6,1.0,False,lesion>control
6863,1-4-8-1-8-0,2 5 3* 2 3* 1,6,1.0,False,lesion>control
6864,1-4-8-9-8-7,2 5 3* 4* 3* 2*,6,1.0,False,lesion>control
6865,1-5-0-3-4-3,2 6 1 4 5 4,6,1.0,False,control>lesion
6866,1-5-0-8-9-8,2 6 1 3* 4* 3*,6,1.0,False,lesion>control
6867,1-5-1-0-1-3,2 6 2 1 2 4,6,1.0,False,lesion>control
6868,1-5-3-1-0-1,2 6 4 2 1 2,6,1.0,False,control>lesion
6869,1-5-3-1-3-8,2 6 4 2 4 3*,6,1.0,False,lesion>control
6870,1-5-3-1-8-9,2 6 4 2 3* 4*,6,1.0,False,control>lesion
6871,1-5-3-8-7-3,2 6 4 3* 2* 4,6,1.0,False,lesion>control
6872,1-5-4-3-8-0,2 6 5 4 3* 1,6,1.0,False,lesion>control
6873,1-5-4-3-8-1,2 6 5 4 3* 2,6,1.0,False,lesion>control
6874,1-5-4-5-3-1,2 6 5 6 4 2,6,1.0,False,control>lesion
6875,1-5-4-8-1-3,2 6 5 3* 2 4,6,1.0,False,lesion>control
6876,1-5-4-8-1-8,2 6 5 3* 2 3*,6,1.0,False,control>lesion
6877,1-5-8-0-1-8,2 6 3* 1 2 3*,6,1.0,False,control>lesion
6878,1-5-8-0-9-8,2 6 3* 1 4* 3*,6,1.0,False,lesion>control
6879,1-5-8-1-0-4,2 6 3* 2 1 5,6,1.0,False,lesion>control
6880,1-5-8-1-8-0,2 6 3* 2 3* 1,6,1.0,False,lesion>control
6881,1-5-8-1-8-7,2 6 3* 2 3* 2*,6,1.0,False,lesion>control
6882,1-5-8-5-1-5,2 6 3* 6 2 6,6,1.0,False,lesion>control
6883,1-5-8-5-2-0,2 6 3* 6 3 1,6,1.0,False,lesion>control
6884,1-5-8-9-0-5,2 6 3* 4* 1 6,6,1.0,False,lesion>control
6885,1-5-8-9-4-5,2 6 3* 4* 5 6,6,1.0,False,lesion>control
6886,1-5-8-9-5-8,2 6 3* 4* 6 3*,6,1.0,False,lesion>control
6887,1-8-0-1-0-1,2 3* 1 2 1 2,6,1.0,False,lesion>control
6888,1-8-0-1-3-8,2 3* 1 2 4 3*,6,1.0,False,lesion>control
6889,1-8-0-1-8-0,2 3* 1 2 3* 1,6,1.0,False,lesion>control
6890,1-8-0-2-0-2,2 3* 1 3 1 3,6,1.0,False,lesion>control
6891,1-8-0-2-9-8,2 3* 1 3 4* 3*,6,1.0,False,lesion>control
6892,1-8-1-0-3-5,2 3* 2 1 4 6,6,1.0,False,control>lesion
6893,1-8-1-0-4-8,2 3* 2 1 5 3*,6,1.0,False,lesion>control
6894,1-8-1-0-5-8,2 3* 2 1 6 3*,6,1.0,False,control>lesion
6895,1-8-1-3-4-3,2 3* 2 4 5 4,6,1.0,False,lesion>control
6896,1-8-1-3-5-3,2 3* 2 4 6 4,6,1.0,False,control>lesion
6897,1-8-1-3-5-8,2 3* 2 4 6 3*,6,1.0,False,control>lesion
6898,1-8-1-5-3-8,2 3* 2 6 4 3*,6,1.0,False,lesion>control
6899,1-8-1-8-0-2,2 3* 2 3* 1 3,6,1.0,False,lesion>control
6900,1-8-1-8-1-4,2 3* 2 3* 2 5,6,1.0,False,lesion>control
6901,1-8-1-8-4-2,2 3* 2 3* 5 3,6,1.0,False,lesion>control
6902,1-8-1-8-4-5,2 3* 2 3* 5 6,6,1.0,False,lesion>control
6903,1-8-1-8-5-3,2 3* 2 3* 6 4,6,1.0,False,lesion>control
6904,1-8-4-5-2-1,2 3* 5 6 3 2,6,1.0,False,lesion>control
6905,1-8-4-5-4-8,2 3* 5 6 5 3*,6,1.0,False,control>lesion
6906,1-8-4-5-8-9,2 3* 5 6 3* 4*,6,1.0,False,control>lesion
6907,1-8-5-2-0-5,2 3* 6 3 1 6,6,1.0,False,lesion>control
6908,1-8-5-2-1-3,2 3* 6 3 2 4,6,1.0,False,lesion>control
6909,1-8-5-2-1-5,2 3* 6 3 2 6,6,1.0,False,lesion>control
6910,1-8-5-4-1-0,2 3* 6 5 2 1,6,1.0,False,lesion>control
6911,1-8-5-4-5-1,2 3* 6 5 6 2,6,1.0,False,control>lesion
6912,1-8-5-8-0-1,2 3* 6 3* 1 2,6,1.0,False,lesion>control
6913,1-8-5-8-1-0,2 3* 6 3* 2 1,6,1.0,False,lesion>control
6914,1-8-5-9-4-8,2 3* 6 4* 5 3*,6,1.0,False,lesion>control
6915,1-8-7-0-8-1,2 3* 2* 1 3* 2,6,1.0,False,lesion>control
6916,1-8-7-4-8-1,2 3* 2* 5 3* 2,6,1.0,False,lesion>control
6917,1-8-8-0-9-8,2 3* 3* 1 4* 3*,6,1.0,False,lesion>control
6918,1-8-8-7-0-1,2 3* 3* 2* 1 2,6,1.0,False,lesion>control
6919,1-8-9-0-1-8,2 3* 4* 1 2 3*,6,1.0,False,lesion>control
6920,1-8-9-0-8-3,2 3* 4* 1 3* 4,6,1.0,False,lesion>control
6921,1-8-9-0-8-5,2 3* 4* 1 3* 6,6,1.0,False,lesion>control
6922,1-8-9-1-0-5,2 3* 4* 2 1 6,6,1.0,False,control>lesion
6923,1-8-9-1-0-8,2 3* 4* 2 1 3*,6,1.0,False,lesion>control
6924,1-8-9-1-3-4,2 3* 4* 2 4 5,6,1.0,False,lesion>control
6925,1-8-9-3-1-8,2 3* 4* 4 2 3*,6,1.0,False,control>lesion
6926,1-8-9-3-4-5,2 3* 4* 4 5 6,6,1.0,False,control>lesion
6927,1-8-9-5-1-0,2 3* 4* 6 2 1,6,1.0,False,lesion>control
6928,1-8-9-8-0-7,2 3* 4* 3* 1 2*,6,1.0,False,lesion>control
6929,1-8-9-8-0-8,2 3* 4* 3* 1 3*,6,1.0,False,control>lesion
6930,1-8-9-8-5-4,2 3* 4* 3* 6 5,6,1.0,False,control>lesion
6931,2-0-2-9-5-8,3 1 3 4* 6 3*,6,1.0,False,lesion>control
6932,2-0-2-9-8-3,3 1 3 4* 3* 4,6,1.0,False,lesion>control
6933,2-0-5-8-5-2,3 1 6 3* 6 3,6,1.0,False,lesion>control
6934,2-0-8-3-8-3,3 1 3* 4 3* 4,6,1.0,False,control>lesion
6935,2-0-9-8-3-8,3 1 4* 3* 4 3*,6,1.0,False,lesion>control
6936,2-0-9-8-7-8,3 1 4* 3* 2* 3*,6,1.0,False,lesion>control
6937,2-1-0-3-8-3,3 2 1 4 3* 4,6,1.0,False,lesion>control
6938,2-1-3-4-8-3,3 2 4 5 3* 4,6,1.0,False,lesion>control
6939,2-1-3-8-1-8,3 2 4 3* 2 3*,6,1.0,False,lesion>control
6940,2-1-3-8-3-8,3 2 4 3* 4 3*,6,1.0,False,lesion>control
6941,2-1-5-8-1-8,3 2 6 3* 2 3*,6,1.0,False,control>lesion
6942,2-1-8-1-8-9,3 2 3* 2 3* 4*,6,1.0,False,lesion>control
6943,2-1-8-3-2-1,3 2 3* 4 3 2,6,1.0,False,control>lesion
6944,2-1-8-9-8-3,3 2 3* 4* 3* 4,6,1.0,False,control>lesion
6945,2-3-2-7-8-1,3 4 3 2* 3* 2,6,1.0,False,lesion>control
6946,2-3-2-7-8-9,3 4 3 2* 3* 4*,6,1.0,False,lesion>control
6947,2-3-4-5-4-3,3 4 5 6 5 4,6,1.0,False,lesion>control
6948,2-3-8-3-8-3,3 4 3* 4 3* 4,6,1.0,False,lesion>control
6949,2-4-3-8-7-8,3 5 4 3* 2* 3*,6,1.0,False,lesion>control
6950,2-7-0-3-4-8,3 2* 1 4 5 3*,6,1.0,False,lesion>control
6951,2-7-0-3-8-7,3 2* 1 4 3* 2*,6,1.0,False,lesion>control
6952,2-7-0-8-9-4,3 2* 1 3* 4* 5,6,1.0,False,lesion>control
6953,2-7-0-8-9-8,3 2* 1 3* 4* 3*,6,1.0,False,lesion>control
6954,2-7-3-8-7-8,3 2* 4 3* 2* 3*,6,1.0,False,control>lesion
6955,2-7-5-3-8-7,3 2* 6 4 3* 2*,6,1.0,False,lesion>control
6956,2-7-8-1-0-8,3 2* 3* 2 1 3*,6,1.0,False,lesion>control
6957,2-8-7-3-8-7,3 3* 2* 4 3* 2*,6,1.0,False,lesion>control
6958,2-9-1-8-9-8,3 4* 2 3* 4* 3*,6,1.0,False,control>lesion
6959,2-9-8-5-2-3,3 4* 3* 6 3 4,6,1.0,False,lesion>control
6960,2-9-8-5-2-7,3 4* 3* 6 3 2*,6,1.0,False,lesion>control
6961,2-9-8-7-0-1,3 4* 3* 2* 1 2,6,1.0,False,lesion>control
6962,3-0-1-0-1-0,4 1 2 1 2 1,6,1.0,False,control>lesion
6963,3-0-1-0-3-5,4 1 2 1 4 6,6,1.0,False,control>lesion
6964,3-0-1-3-1-4,4 1 2 4 2 5,6,1.0,False,lesion>control
6965,3-0-1-5-3-8,4 1 2 6 4 3*,6,1.0,False,control>lesion
6966,3-0-1-5-4-8,4 1 2 6 5 3*,6,1.0,False,control>lesion
6967,3-0-3-0-3-1,4 1 4 1 4 2,6,1.0,False,lesion>control
6968,3-0-3-0-3-4,4 1 4 1 4 5,6,1.0,False,lesion>control
6969,3-0-3-1-0-5,4 1 4 2 1 6,6,1.0,False,lesion>control
6970,3-0-3-4-5-0,4 1 4 5 6 1,6,1.0,False,lesion>control
6971,3-0-3-5-0-1,4 1 4 6 1 2,6,1.0,False,lesion>control
6972,3-0-3-5-0-4,4 1 4 6 1 5,6,1.0,False,lesion>control
6973,3-0-3-5-0-5,4 1 4 6 1 6,6,1.0,False,control>lesion
6974,3-0-3-8-7-0,4 1 4 3* 2* 1,6,1.0,False,lesion>control
6975,3-0-3-8-7-3,4 1 4 3* 2* 4,6,1.0,False,lesion>control
6976,3-0-3-8-7-4,4 1 4 3* 2* 5,6,1.0,False,lesion>control
6977,3-0-4-0-3-0,4 1 5 1 4 1,6,1.0,False,lesion>control
6978,3-0-5-0-3-0,4 1 6 1 4 1,6,1.0,False,lesion>control
6979,3-0-5-0-4-8,4 1 6 1 5 3*,6,1.0,False,control>lesion
6980,3-0-5-0-8-0,4 1 6 1 3* 1,6,1.0,False,lesion>control
6981,3-0-5-1-0-5,4 1 6 2 1 6,6,1.0,False,control>lesion
6982,3-0-5-3-0-5,4 1 6 4 1 6,6,1.0,False,lesion>control
6983,3-0-5-3-8-7,4 1 6 4 3* 2*,6,1.0,False,lesion>control
6984,3-0-5-4-0-5,4 1 6 5 1 6,6,1.0,False,lesion>control
6985,3-0-5-4-1-0,4 1 6 5 2 1,6,1.0,False,control>lesion
6986,3-0-5-4-8-3,4 1 6 5 3* 4,6,1.0,False,lesion>control
6987,3-0-5-8-3-8,4 1 6 3* 4 3*,6,1.0,False,lesion>control
6988,3-0-8-3-0-1,4 1 3* 4 1 2,6,1.0,False,lesion>control
6989,3-0-8-3-0-3,4 1 3* 4 1 4,6,1.0,False,lesion>control
6990,3-0-8-3-5-0,4 1 3* 4 6 1,6,1.0,False,lesion>control
6991,3-0-8-3-8-0,4 1 3* 4 3* 1,6,1.0,False,lesion>control
6992,3-0-8-3-8-3,4 1 3* 4 3* 4,6,1.0,False,lesion>control
6993,3-0-8-7-0-1,4 1 3* 2* 1 2,6,1.0,False,control>lesion
6994,3-0-8-7-8-9,4 1 3* 2* 3* 4*,6,1.0,False,lesion>control
6995,3-1-0-1-0-8,4 2 1 2 1 3*,6,1.0,False,control>lesion
6996,3-1-0-1-3-4,4 2 1 2 4 5,6,1.0,False,lesion>control
6997,3-1-0-3-4-1,4 2 1 4 5 2,6,1.0,False,lesion>control
6998,3-1-0-3-5-0,4 2 1 4 6 1,6,1.0,False,lesion>control
6999,3-1-0-3-8-1,4 2 1 4 3* 2,6,1.0,False,lesion>control
7000,3-1-0-4-0-1,4 2 1 5 1 2,6,1.0,False,control>lesion
7001,3-1-0-5-0-5,4 2 1 6 1 6,6,1.0,False,lesion>control
7002,3-1-0-5-3-8,4 2 1 6 4 3*,6,1.0,False,lesion>control
7003,3-1-0-5-8-1,4 2 1 6 3* 2,6,1.0,False,lesion>control
7004,3-1-0-8-1-0,4 2 1 3* 2 1,6,1.0,False,control>lesion
7005,3-1-0-8-5-0,4 2 1 3* 6 1,6,1.0,False,lesion>control
7006,3-1-0-8-9-1,4 2 1 3* 4* 2,6,1.0,False,lesion>control
7007,3-1-3-0-8-3,4 2 4 1 3* 4,6,1.0,False,lesion>control
7008,3-1-3-1-3-0,4 2 4 2 4 1,6,1.0,False,lesion>control
7009,3-1-3-1-3-1,4 2 4 2 4 2,6,1.0,False,lesion>control
7010,3-1-3-8-7-0,4 2 4 3* 2* 1,6,1.0,False,lesion>control
7011,3-1-4-5-8-9,4 2 5 6 3* 4*,6,1.0,False,control>lesion
7012,3-1-4-8-1-0,4 2 5 3* 2 1,6,1.0,False,lesion>control
7013,3-1-5-1-5-8,4 2 6 2 6 3*,6,1.0,False,lesion>control
7014,3-1-5-8-1-0,4 2 6 3* 2 1,6,1.0,False,lesion>control
7015,3-1-5-8-1-8,4 2 6 3* 2 3*,6,1.0,False,lesion>control
7016,3-1-8-0-1-8,4 2 3* 1 2 3*,6,1.0,False,lesion>control
7017,3-1-8-1-0-5,4 2 3* 2 1 6,6,1.0,False,control>lesion
7018,3-1-8-1-0-8,4 2 3* 2 1 3*,6,1.0,False,control>lesion
7019,3-1-8-1-2-9,4 2 3* 2 3 4*,6,1.0,False,control>lesion
7020,3-1-8-5-4-1,4 2 3* 6 5 2,6,1.0,False,lesion>control
7021,3-1-8-5-9-8,4 2 3* 6 4* 3*,6,1.0,False,control>lesion
7022,3-1-8-9-1-0,4 2 3* 4* 2 1,6,1.0,False,lesion>control
7023,3-1-8-9-3-8,4 2 3* 4* 4 3*,6,1.0,False,lesion>control
7024,3-1-8-9-4-3,4 2 3* 4* 5 4,6,1.0,False,lesion>control
7025,3-1-8-9-4-8,4 2 3* 4* 5 3*,6,1.0,False,lesion>control
7026,3-1-8-9-5-8,4 2 3* 4* 6 3*,6,1.0,False,lesion>control
7027,3-1-8-9-8-9,4 2 3* 4* 3* 4*,6,1.0,False,lesion>control
7028,3-2-1-0-5-8,4 3 2 1 6 3*,6,1.0,False,lesion>control
7029,3-2-1-0-8-3,4 3 2 1 3* 4,6,1.0,False,lesion>control
7030,3-2-1-8-3-2,4 3 2 3* 4 3,6,1.0,False,control>lesion
7031,3-2-3-2-3-2,4 3 4 3 4 3,6,1.0,False,lesion>control
7032,3-3-8-3-4-5,4 4 3* 4 5 6,6,1.0,False,control>lesion
7033,3-3-8-3-8-3,4 4 3* 4 3* 4,6,1.0,False,lesion>control
7034,3-3-8-7-0-3,4 4 3* 2* 1 4,6,1.0,False,lesion>control
7035,3-3-8-7-3-8,4 4 3* 2* 4 3*,6,1.0,False,lesion>control
7036,3-3-8-7-8-1,4 4 3* 2* 3* 2,6,1.0,False,lesion>control
7037,3-4-0-3-0-5,4 5 1 4 1 6,6,1.0,False,lesion>control
7038,3-4-0-5-0-3,4 5 1 6 1 4,6,1.0,False,lesion>control
7039,3-4-1-0-3-8,4 5 2 1 4 3*,6,1.0,False,lesion>control
7040,3-4-1-8-1-8,4 5 2 3* 2 3*,6,1.0,False,lesion>control
7041,3-4-3-0-5-0,4 5 4 1 6 1,6,1.0,False,lesion>control
7042,3-4-3-0-8-3,4 5 4 1 3* 4,6,1.0,False,control>lesion
7043,3-4-3-1-8-1,4 5 4 2 3* 2,6,1.0,False,control>lesion
7044,3-4-3-4-3-8,4 5 4 5 4 3*,6,1.0,False,lesion>control
7045,3-4-3-4-5-8,4 5 4 5 6 3*,6,1.0,False,lesion>control
7046,3-4-3-8-7-5,4 5 4 3* 2* 6,6,1.0,False,lesion>control
7047,3-4-5-0-3-0,4 5 6 1 4 1,6,1.0,False,lesion>control
7048,3-4-5-0-3-4,4 5 6 1 4 5,6,1.0,False,lesion>control
7049,3-4-5-0-4-0,4 5 6 1 5 1,6,1.0,False,control>lesion
7050,3-4-5-1-3-0,4 5 6 2 4 1,6,1.0,False,lesion>control
7051,3-4-5-1-3-1,4 5 6 2 4 2,6,1.0,False,lesion>control
7052,3-4-5-2-3-4,4 5 6 3 4 5,6,1.0,False,lesion>control
7053,3-4-5-3-8-0,4 5 6 4 3* 1,6,1.0,False,control>lesion
7054,3-4-5-4-0-1,4 5 6 5 1 2,6,1.0,False,lesion>control
7055,3-4-5-4-3-4,4 5 6 5 4 5,6,1.0,False,control>lesion
7056,3-4-5-4-5-4,4 5 6 5 6 5,6,1.0,False,control>lesion
7057,3-4-5-4-5-8,4 5 6 5 6 3*,6,1.0,False,lesion>control
7058,3-4-5-8-0-3,4 5 6 3* 1 4,6,1.0,False,lesion>control
7059,3-4-5-8-3-0,4 5 6 3* 4 1,6,1.0,False,control>lesion
7060,3-4-5-8-3-1,4 5 6 3* 4 2,6,1.0,False,lesion>control
7061,3-4-8-0-1-8,4 5 3* 1 2 3*,6,1.0,False,control>lesion
7062,3-4-8-0-3-4,4 5 3* 1 4 5,6,1.0,False,lesion>control
7063,3-4-8-0-3-8,4 5 3* 1 4 3*,6,1.0,False,lesion>control
7064,3-4-8-3-1-0,4 5 3* 4 2 1,6,1.0,False,lesion>control
7065,3-4-8-3-1-8,4 5 3* 4 2 3*,6,1.0,False,lesion>control
7066,3-4-8-5-3-8,4 5 3* 6 4 3*,6,1.0,False,lesion>control
7067,3-4-8-7-8-7,4 5 3* 2* 3* 2*,6,1.0,False,lesion>control
7068,3-5-0-1-0-5,4 6 1 2 1 6,6,1.0,False,lesion>control
7069,3-5-0-1-5-4,4 6 1 2 6 5,6,1.0,False,lesion>control
7070,3-5-0-3-0-4,4 6 1 4 1 5,6,1.0,False,lesion>control
7071,3-5-0-4-5-1,4 6 1 5 6 2,6,1.0,False,lesion>control
7072,3-5-0-5-0-5,4 6 1 6 1 6,6,1.0,False,lesion>control
7073,3-5-0-5-3-0,4 6 1 6 4 1,6,1.0,False,control>lesion
7074,3-5-0-5-3-4,4 6 1 6 4 5,6,1.0,False,control>lesion
7075,3-5-1-0-5-0,4 6 2 1 6 1,6,1.0,False,lesion>control
7076,3-5-3-0-1-3,4 6 4 1 2 4,6,1.0,False,control>lesion
7077,3-5-3-0-1-4,4 6 4 1 2 5,6,1.0,False,control>lesion
7078,3-5-3-0-1-5,4 6 4 1 2 6,6,1.0,False,control>lesion
7079,3-5-3-5-3-0,4 6 4 6 4 1,6,1.0,False,lesion>control
7080,3-5-3-8-0-3,4 6 4 3* 1 4,6,1.0,False,lesion>control
7081,3-5-4-1-0-1,4 6 5 2 1 2,6,1.0,False,control>lesion
7082,3-5-4-1-0-3,4 6 5 2 1 4,6,1.0,False,control>lesion
7083,3-5-4-3-0-1,4 6 5 4 1 2,6,1.0,False,control>lesion
7084,3-5-4-3-0-5,4 6 5 4 1 6,6,1.0,False,control>lesion
7085,3-5-4-3-8-0,4 6 5 4 3* 1,6,1.0,False,control>lesion
7086,3-5-4-3-8-3,4 6 5 4 3* 4,6,1.0,False,lesion>control
7087,3-5-4-5-3-4,4 6 5 6 4 5,6,1.0,False,lesion>control
7088,3-5-4-5-4-8,4 6 5 6 5 3*,6,1.0,False,lesion>control
7089,3-5-4-5-8-7,4 6 5 6 3* 2*,6,1.0,False,control>lesion
7090,3-5-4-8-7-5,4 6 5 3* 2* 6,6,1.0,False,lesion>control
7091,3-5-8-3-0-4,4 6 3* 4 1 5,6,1.0,False,lesion>control
7092,3-5-8-3-1-0,4 6 3* 4 2 1,6,1.0,False,control>lesion
7093,3-5-8-3-5-0,4 6 3* 4 6 1,6,1.0,False,control>lesion
7094,3-5-8-4-8-4,4 6 3* 5 3* 5,6,1.0,False,lesion>control
7095,3-5-8-7-3-4,4 6 3* 2* 4 5,6,1.0,False,control>lesion
7096,3-5-8-7-5-8,4 6 3* 2* 6 3*,6,1.0,False,lesion>control
7097,3-8-0-1-3-5,4 3* 1 2 4 6,6,1.0,False,control>lesion
7098,3-8-0-1-3-8,4 3* 1 2 4 3*,6,1.0,False,control>lesion
7099,3-8-0-1-5-8,4 3* 1 2 6 3*,6,1.0,False,lesion>control
7100,3-8-0-1-8-0,4 3* 1 2 3* 1,6,1.0,False,lesion>control
7101,3-8-0-2-7-0,4 3* 1 3 2* 1,6,1.0,False,lesion>control
7102,3-8-0-3-0-5,4 3* 1 4 1 6,6,1.0,False,lesion>control
7103,3-8-0-3-0-8,4 3* 1 4 1 3*,6,1.0,False,lesion>control
7104,3-8-0-3-2-7,4 3* 1 4 3 2*,6,1.0,False,lesion>control
7105,3-8-0-3-3-8,4 3* 1 4 4 3*,6,1.0,False,lesion>control
7106,3-8-0-3-5-3,4 3* 1 4 6 4,6,1.0,False,lesion>control
7107,3-8-0-3-8-0,4 3* 1 4 3* 1,6,1.0,False,lesion>control
7108,3-8-0-5-1-0,4 3* 1 6 2 1,6,1.0,False,lesion>control
7109,3-8-0-5-4-3,4 3* 1 6 5 4,6,1.0,False,lesion>control
7110,3-8-0-5-8-7,4 3* 1 6 3* 2*,6,1.0,False,lesion>control
7111,3-8-0-7-3-8,4 3* 1 2* 4 3*,6,1.0,False,lesion>control
7112,3-8-0-7-8-5,4 3* 1 2* 3* 6,6,1.0,False,lesion>control
7113,3-8-0-8-5-8,4 3* 1 3* 6 3*,6,1.0,False,lesion>control
7114,3-8-0-8-7-3,4 3* 1 3* 2* 4,6,1.0,False,lesion>control
7115,3-8-1-0-1-5,4 3* 2 1 2 6,6,1.0,False,lesion>control
7116,3-8-1-0-3-1,4 3* 2 1 4 2,6,1.0,False,lesion>control
7117,3-8-1-0-3-5,4 3* 2 1 4 6,6,1.0,False,lesion>control
7118,3-8-1-0-4-0,4 3* 2 1 5 1,6,1.0,False,lesion>control
7119,3-8-1-2-3-4,4 3* 2 3 4 5,6,1.0,False,lesion>control
7120,3-8-1-2-3-8,4 3* 2 3 4 3*,6,1.0,False,lesion>control
7121,3-8-1-3-8-9,4 3* 2 4 3* 4*,6,1.0,False,lesion>control
7122,3-8-1-4-8-1,4 3* 2 5 3* 2,6,1.0,False,lesion>control
7123,3-8-1-5-4-3,4 3* 2 6 5 4,6,1.0,False,lesion>control
7124,3-8-1-5-8-1,4 3* 2 6 3* 2,6,1.0,False,lesion>control
7125,3-8-1-8-1-5,4 3* 2 3* 2 6,6,1.0,False,lesion>control
7126,3-8-3-0-8-3,4 3* 4 1 3* 4,6,1.0,False,lesion>control
7127,3-8-3-1-0-1,4 3* 4 2 1 2,6,1.0,False,control>lesion
7128,3-8-3-1-3-4,4 3* 4 2 4 5,6,1.0,False,control>lesion
7129,3-8-3-2-7-3,4 3* 4 3 2* 4,6,1.0,False,control>lesion
7130,3-8-3-4-0-3,4 3* 4 5 1 4,6,1.0,False,lesion>control
7131,3-8-3-4-5-1,4 3* 4 5 6 2,6,1.0,False,lesion>control
7132,3-8-3-5-3-1,4 3* 4 6 4 2,6,1.0,False,control>lesion
7133,3-8-3-8-0-2,4 3* 4 3* 1 3,6,1.0,False,control>lesion
7134,3-8-3-8-0-5,4 3* 4 3* 1 6,6,1.0,False,lesion>control
7135,3-8-3-8-3-0,4 3* 4 3* 4 1,6,1.0,False,lesion>control
7136,3-8-3-8-4-5,4 3* 4 3* 5 6,6,1.0,False,lesion>control
7137,3-8-4-5-8-7,4 3* 5 6 3* 2*,6,1.0,False,lesion>control
7138,3-8-5-0-3-8,4 3* 6 1 4 3*,6,1.0,False,control>lesion
7139,3-8-5-0-5-0,4 3* 6 1 6 1,6,1.0,False,lesion>control
7140,3-8-5-1-0-1,4 3* 6 2 1 2,6,1.0,False,lesion>control
7141,3-8-5-3-8-5,4 3* 6 4 3* 6,6,1.0,False,lesion>control
7142,3-8-5-4-1-0,4 3* 6 5 2 1,6,1.0,False,lesion>control
7143,3-8-5-8-5-2,4 3* 6 3* 6 3,6,1.0,False,lesion>control
7144,3-8-7-0-8-3,4 3* 2* 1 3* 4,6,1.0,False,lesion>control
7145,3-8-7-3-0-3,4 3* 2* 4 1 4,6,1.0,False,lesion>control
7146,3-8-7-3-4-3,4 3* 2* 4 5 4,6,1.0,False,control>lesion
7147,3-8-7-3-5-1,4 3* 2* 4 6 2,6,1.0,False,lesion>control
7148,3-8-7-4-0-3,4 3* 2* 5 1 4,6,1.0,False,lesion>control
7149,3-8-7-8-0-5,4 3* 2* 3* 1 6,6,1.0,False,lesion>control
7150,3-8-7-8-5-2,4 3* 2* 3* 6 3,6,1.0,False,lesion>control
7151,3-8-7-8-5-3,4 3* 2* 3* 6 4,6,1.0,False,lesion>control
7152,3-8-7-8-8-9,4 3* 2* 3* 3* 4*,6,1.0,False,control>lesion
7153,3-8-8-7-8-1,4 3* 3* 2* 3* 2,6,1.0,False,control>lesion
7154,3-8-9-0-8-3,4 3* 4* 1 3* 4,6,1.0,False,lesion>control
7155,3-8-9-1-8-1,4 3* 4* 2 3* 2,6,1.0,False,lesion>control
7156,3-8-9-8-3-5,4 3* 4* 3* 4 6,6,1.0,False,lesion>control
7157,3-8-9-8-7-0,4 3* 4* 3* 2* 1,6,1.0,False,lesion>control
7158,4-0-1-0-1-3,5 1 2 1 2 4,6,1.0,False,lesion>control
7159,4-0-1-3-4-5,5 1 2 4 5 6,6,1.0,False,control>lesion
7160,4-0-1-8-0-1,5 1 2 3* 1 2,6,1.0,False,lesion>control
7161,4-0-1-8-1-0,5 1 2 3* 2 1,6,1.0,False,lesion>control
7162,4-0-3-0-5-3,5 1 4 1 6 4,6,1.0,False,lesion>control
7163,4-0-3-0-8-3,5 1 4 1 3* 4,6,1.0,False,lesion>control
7164,4-0-3-8-3-4,5 1 4 3* 4 5,6,1.0,False,lesion>control
7165,4-0-3-8-3-8,5 1 4 3* 4 3*,6,1.0,False,lesion>control
7166,4-0-5-4-8-0,5 1 6 5 3* 1,6,1.0,False,lesion>control
7167,4-0-8-3-4-5,5 1 3* 4 5 6,6,1.0,False,control>lesion
7168,4-0-8-3-5-4,5 1 3* 4 6 5,6,1.0,False,control>lesion
7169,4-0-8-4-5-4,5 1 3* 5 6 5,6,1.0,False,lesion>control
7170,4-0-8-7-8-1,5 1 3* 2* 3* 2,6,1.0,False,lesion>control
7171,4-0-8-9-8-3,5 1 3* 4* 3* 4,6,1.0,False,lesion>control
7172,4-1-0-1-3-5,5 2 1 2 4 6,6,1.0,False,control>lesion
7173,4-1-0-3-5-1,5 2 1 4 6 2,6,1.0,False,control>lesion
7174,4-1-0-4-5-1,5 2 1 5 6 2,6,1.0,False,lesion>control
7175,4-1-0-5-3-1,5 2 1 6 4 2,6,1.0,False,control>lesion
7176,4-1-0-5-4-5,5 2 1 6 5 6,6,1.0,False,control>lesion
7177,4-1-0-5-8-1,5 2 1 6 3* 2,6,1.0,False,lesion>control
7178,4-1-0-8-1-0,5 2 1 3* 2 1,6,1.0,False,control>lesion
7179,4-1-0-8-1-5,5 2 1 3* 2 6,6,1.0,False,lesion>control
7180,4-1-0-8-9-8,5 2 1 3* 4* 3*,6,1.0,False,lesion>control
7181,4-1-8-1-8-1,5 2 3* 2 3* 2,6,1.0,False,control>lesion
7182,4-1-8-1-8-9,5 2 3* 2 3* 4*,6,1.0,False,lesion>control
7183,4-2-1-3-8-7,5 3 2 4 3* 2*,6,1.0,False,lesion>control
7184,4-2-7-3-8-7,5 3 2* 4 3* 2*,6,1.0,False,lesion>control
7185,4-3-0-1-3-5,5 4 1 2 4 6,6,1.0,False,control>lesion
7186,4-3-0-1-8-9,5 4 1 2 3* 4*,6,1.0,False,control>lesion
7187,4-3-1-5-8-1,5 4 2 6 3* 2,6,1.0,False,control>lesion
7188,4-3-1-8-9-8,5 4 2 3* 4* 3*,6,1.0,False,control>lesion
7189,4-3-4-3-8-3,5 4 5 4 3* 4,6,1.0,False,lesion>control
7190,4-3-4-5-3-8,5 4 5 6 4 3*,6,1.0,False,lesion>control
7191,4-3-5-8-3-8,5 4 6 3* 4 3*,6,1.0,False,control>lesion
7192,4-3-8-0-3-3,5 4 3* 1 4 4,6,1.0,False,lesion>control
7193,4-3-8-0-8-7,5 4 3* 1 3* 2*,6,1.0,False,control>lesion
7194,4-3-8-3-0-8,5 4 3* 4 1 3*,6,1.0,False,control>lesion
7195,4-3-8-3-1-0,5 4 3* 4 2 1,6,1.0,False,control>lesion
7196,4-3-8-3-8-0,5 4 3* 4 3* 1,6,1.0,False,control>lesion
7197,4-3-8-3-8-5,5 4 3* 4 3* 6,6,1.0,False,control>lesion
7198,4-3-8-7-5-3,5 4 3* 2* 6 4,6,1.0,False,lesion>control
7199,4-5-0-1-3-4,5 6 1 2 4 5,6,1.0,False,lesion>control
7200,4-5-0-1-3-5,5 6 1 2 4 6,6,1.0,False,lesion>control
7201,4-5-0-1-8-4,5 6 1 2 3* 5,6,1.0,False,lesion>control
7202,4-5-0-3-0-8,5 6 1 4 1 3*,6,1.0,False,lesion>control
7203,4-5-0-3-4-1,5 6 1 4 5 2,6,1.0,False,lesion>control
7204,4-5-0-3-4-5,5 6 1 4 5 6,6,1.0,False,lesion>control
7205,4-5-0-5-0-3,5 6 1 6 1 4,6,1.0,False,control>lesion
7206,4-5-0-5-8-4,5 6 1 6 3* 5,6,1.0,False,lesion>control
7207,4-5-0-8-3-5,5 6 1 3* 4 6,6,1.0,False,lesion>control
7208,4-5-1-0-3-4,5 6 2 1 4 5,6,1.0,False,control>lesion
7209,4-5-1-0-5-1,5 6 2 1 6 2,6,1.0,False,lesion>control
7210,4-5-1-5-1-0,5 6 2 6 2 1,6,1.0,False,lesion>control
7211,4-5-1-8-1-0,5 6 2 3* 2 1,6,1.0,False,control>lesion
7212,4-5-1-8-9-8,5 6 2 3* 4* 3*,6,1.0,False,lesion>control
7213,4-5-2-3-4-5,5 6 3 4 5 6,6,1.0,False,lesion>control
7214,4-5-3-0-1-3,5 6 4 1 2 4,6,1.0,False,control>lesion
7215,4-5-3-0-8-3,5 6 4 1 3* 4,6,1.0,False,control>lesion
7216,4-5-3-1-0-5,5 6 4 2 1 6,6,1.0,False,lesion>control
7217,4-5-3-1-8-1,5 6 4 2 3* 2,6,1.0,False,control>lesion
7218,4-5-3-1-8-9,5 6 4 2 3* 4*,6,1.0,False,lesion>control
7219,4-5-3-4-5-4,5 6 4 5 6 5,6,1.0,False,lesion>control
7220,4-5-3-8-0-1,5 6 4 3* 1 2,6,1.0,False,control>lesion
7221,4-5-3-8-5-4,5 6 4 3* 6 5,6,1.0,False,control>lesion
7222,4-5-4-0-1-3,5 6 5 1 2 4,6,1.0,False,control>lesion
7223,4-5-4-0-8-3,5 6 5 1 3* 4,6,1.0,False,control>lesion
7224,4-5-4-5-4-0,5 6 5 6 5 1,6,1.0,False,lesion>control
7225,4-5-4-5-4-5,5 6 5 6 5 6,6,1.0,False,lesion>control
7226,4-5-4-5-8-1,5 6 5 6 3* 2,6,1.0,False,lesion>control
7227,4-5-4-5-8-7,5 6 5 6 3* 2*,6,1.0,False,lesion>control
7228,4-5-4-8-7-3,5 6 5 3* 2* 4,6,1.0,False,lesion>control
7229,4-5-4-8-8-7,5 6 5 3* 3* 2*,6,1.0,False,control>lesion
7230,4-5-8-0-3-5,5 6 3* 1 4 6,6,1.0,False,lesion>control
7231,4-5-8-0-7-8,5 6 3* 1 2* 3*,6,1.0,False,control>lesion
7232,4-5-8-1-0-1,5 6 3* 2 1 2,6,1.0,False,lesion>control
7233,4-5-8-1-8-9,5 6 3* 2 3* 4*,6,1.0,False,lesion>control
7234,4-5-8-3-0-1,5 6 3* 4 1 2,6,1.0,False,control>lesion
7235,4-5-8-3-1-0,5 6 3* 4 2 1,6,1.0,False,lesion>control
7236,4-5-8-3-4-0,5 6 3* 4 5 1,6,1.0,False,lesion>control
7237,4-5-8-3-5-8,5 6 3* 4 6 3*,6,1.0,False,lesion>control
7238,4-5-8-3-8-0,5 6 3* 4 3* 1,6,1.0,False,control>lesion
7239,4-5-8-9-4-8,5 6 3* 4* 5 3*,6,1.0,False,control>lesion
7240,4-8-0-1-3-8,5 3* 1 2 4 3*,6,1.0,False,lesion>control
7241,4-8-0-1-5-3,5 3* 1 2 6 4,6,1.0,False,control>lesion
7242,4-8-0-1-8-1,5 3* 1 2 3* 2,6,1.0,False,control>lesion
7243,4-8-0-3-4-5,5 3* 1 4 5 6,6,1.0,False,lesion>control
7244,4-8-0-3-5-8,5 3* 1 4 6 3*,6,1.0,False,lesion>control
7245,4-8-0-3-8-4,5 3* 1 4 3* 5,6,1.0,False,lesion>control
7246,4-8-0-4-8-1,5 3* 1 5 3* 2,6,1.0,False,lesion>control
7247,4-8-0-5-4-8,5 3* 1 6 5 3*,6,1.0,False,lesion>control
7248,4-8-0-7-8-9,5 3* 1 2* 3* 4*,6,1.0,False,lesion>control
7249,4-8-0-8-1-8,5 3* 1 3* 2 3*,6,1.0,False,lesion>control
7250,4-8-1-0-4-5,5 3* 2 1 5 6,6,1.0,False,control>lesion
7251,4-8-1-0-4-8,5 3* 2 1 5 3*,6,1.0,False,lesion>control
7252,4-8-1-0-5-4,5 3* 2 1 6 5,6,1.0,False,lesion>control
7253,4-8-1-3-1-0,5 3* 2 4 2 1,6,1.0,False,lesion>control
7254,4-8-1-4-5-8,5 3* 2 5 6 3*,6,1.0,False,lesion>control
7255,4-8-1-8-1-4,5 3* 2 3* 2 5,6,1.0,False,lesion>control
7256,4-8-3-1-0-1,5 3* 4 2 1 2,6,1.0,False,lesion>control
7257,4-8-3-8-0-3,5 3* 4 3* 1 4,6,1.0,False,lesion>control
7258,4-8-3-8-3-1,5 3* 4 3* 4 2,6,1.0,False,lesion>control
7259,4-8-3-8-3-5,5 3* 4 3* 4 6,6,1.0,False,lesion>control
7260,4-8-3-8-9-8,5 3* 4 3* 4* 3*,6,1.0,False,lesion>control
7261,4-8-5-8-1-0,5 3* 6 3* 2 1,6,1.0,False,lesion>control
7262,4-8-7-8-1-3,5 3* 2* 3* 2 4,6,1.0,False,lesion>control
7263,4-8-7-8-9-1,5 3* 2* 3* 4* 2,6,1.0,False,lesion>control
7264,4-8-8-7-0-1,5 3* 3* 2* 1 2,6,1.0,False,control>lesion
7265,4-8-9-8-3-1,5 3* 4* 3* 4 2,6,1.0,False,lesion>control
7266,4-9-8-7-8-9,5 4* 3* 2* 3* 4*,6,1.0,False,control>lesion
7267,5-0-1-0-5-0,6 1 2 1 6 1,6,1.0,False,lesion>control
7268,5-0-1-5-0-5,6 1 2 6 1 6,6,1.0,False,lesion>control
7269,5-0-1-5-4-5,6 1 2 6 5 6,6,1.0,False,lesion>control
7270,5-0-1-8-4-5,6 1 2 3* 5 6,6,1.0,False,lesion>control
7271,5-0-1-8-9-0,6 1 2 3* 4* 1,6,1.0,False,lesion>control
7272,5-0-1-8-9-5,6 1 2 3* 4* 6,6,1.0,False,lesion>control
7273,5-0-3-0-1-3,6 1 4 1 2 4,6,1.0,False,lesion>control
7274,5-0-3-0-3-5,6 1 4 1 4 6,6,1.0,False,lesion>control
7275,5-0-3-0-5-0,6 1 4 1 6 1,6,1.0,False,lesion>control
7276,5-0-3-1-0-5,6 1 4 2 1 6,6,1.0,False,control>lesion
7277,5-0-3-1-0-8,6 1 4 2 1 3*,6,1.0,False,control>lesion
7278,5-0-3-1-5-8,6 1 4 2 6 3*,6,1.0,False,lesion>control
7279,5-0-3-4-0-3,6 1 4 5 1 4,6,1.0,False,lesion>control
7280,5-0-3-4-0-8,6 1 4 5 1 3*,6,1.0,False,lesion>control
7281,5-0-3-4-1-0,6 1 4 5 2 1,6,1.0,False,lesion>control
7282,5-0-3-4-5-0,6 1 4 5 6 1,6,1.0,False,lesion>control
7283,5-0-3-5-4-3,6 1 4 6 5 4,6,1.0,False,lesion>control
7284,5-0-3-8-3-0,6 1 4 3* 4 1,6,1.0,False,lesion>control
7285,5-0-3-8-5-0,6 1 4 3* 6 1,6,1.0,False,lesion>control
7286,5-0-3-8-7-3,6 1 4 3* 2* 4,6,1.0,False,control>lesion
7287,5-0-4-0-5-0,6 1 5 1 6 1,6,1.0,False,control>lesion
7288,5-0-4-3-8-0,6 1 5 4 3* 1,6,1.0,False,lesion>control
7289,5-0-4-5-0-8,6 1 5 6 1 3*,6,1.0,False,lesion>control
7290,5-0-4-5-1-0,6 1 5 6 2 1,6,1.0,False,lesion>control
7291,5-0-4-8-7-0,6 1 5 3* 2* 1,6,1.0,False,control>lesion
7292,5-0-5-0-3-8,6 1 6 1 4 3*,6,1.0,False,lesion>control
7293,5-0-5-0-4-5,6 1 6 1 5 6,6,1.0,False,lesion>control
7294,5-0-5-0-5-4,6 1 6 1 6 5,6,1.0,False,lesion>control
7295,5-0-5-0-8-5,6 1 6 1 3* 6,6,1.0,False,lesion>control
7296,5-0-5-1-5-8,6 1 6 2 6 3*,6,1.0,False,lesion>control
7297,5-0-5-8-1-0,6 1 6 3* 2 1,6,1.0,False,lesion>control
7298,5-0-5-8-4-5,6 1 6 3* 5 6,6,1.0,False,lesion>control
7299,5-0-5-8-4-8,6 1 6 3* 5 3*,6,1.0,False,lesion>control
7300,5-0-5-8-5-0,6 1 6 3* 6 1,6,1.0,False,lesion>control
7301,5-0-5-8-7-0,6 1 6 3* 2* 1,6,1.0,False,control>lesion
7302,5-0-8-0-5-1,6 1 3* 1 6 2,6,1.0,False,lesion>control
7303,5-0-8-3-4-5,6 1 3* 4 5 6,6,1.0,False,lesion>control
7304,5-0-8-7-0-1,6 1 3* 2* 1 2,6,1.0,False,lesion>control
7305,5-0-8-7-3-1,6 1 3* 2* 4 2,6,1.0,False,lesion>control
7306,5-0-8-9-4-5,6 1 3* 4* 5 6,6,1.0,False,lesion>control
7307,5-1-0-1-3-1,6 2 1 2 4 2,6,1.0,False,lesion>control
7308,5-1-0-1-3-5,6 2 1 2 4 6,6,1.0,False,control>lesion
7309,5-1-0-3-4-0,6 2 1 4 5 1,6,1.0,False,lesion>control
7310,5-1-0-3-5-8,6 2 1 4 6 3*,6,1.0,False,control>lesion
7311,5-1-0-5-0-4,6 2 1 6 1 5,6,1.0,False,lesion>control
7312,5-1-0-8-1-3,6 2 1 3* 2 4,6,1.0,False,lesion>control
7313,5-1-0-8-9-4,6 2 1 3* 4* 5,6,1.0,False,lesion>control
7314,5-1-0-8-9-8,6 2 1 3* 4* 3*,6,1.0,False,lesion>control
7315,5-1-3-0-3-0,6 2 4 1 4 1,6,1.0,False,lesion>control
7316,5-1-3-0-3-8,6 2 4 1 4 3*,6,1.0,False,lesion>control
7317,5-1-3-1-0-5,6 2 4 2 1 6,6,1.0,False,control>lesion
7318,5-1-3-5-8-3,6 2 4 6 3* 4,6,1.0,False,lesion>control
7319,5-1-5-0-5-1,6 2 6 1 6 2,6,1.0,False,lesion>control
7320,5-1-5-8-1-8,6 2 6 3* 2 3*,6,1.0,False,lesion>control
7321,5-1-5-8-5-1,6 2 6 3* 6 2,6,1.0,False,lesion>control
7322,5-1-5-8-9-8,6 2 6 3* 4* 3*,6,1.0,False,lesion>control
7323,5-1-8-1-3-8,6 2 3* 2 4 3*,6,1.0,False,control>lesion
7324,5-1-8-1-8-9,6 2 3* 2 3* 4*,6,1.0,False,lesion>control
7325,5-1-8-9-8-3,6 2 3* 4* 3* 4,6,1.0,False,lesion>control
7326,5-2-0-5-2-0,6 3 1 6 3 1,6,1.0,False,lesion>control
7327,5-2-0-9-8-3,6 3 1 4* 3* 4,6,1.0,False,lesion>control
7328,5-2-1-0-3-8,6 3 2 1 4 3*,6,1.0,False,lesion>control
7329,5-2-1-3-8-3,6 3 2 4 3* 4,6,1.0,False,lesion>control
7330,5-2-1-8-1-5,6 3 2 3* 2 6,6,1.0,False,lesion>control
7331,5-2-3-4-5-4,6 3 4 5 6 5,6,1.0,False,lesion>control
7332,5-2-3-8-4-2,6 3 4 3* 5 3,6,1.0,False,lesion>control
7333,5-2-5-2-5-2,6 3 6 3 6 3,6,1.0,False,lesion>control
7334,5-2-5-7-3-0,6 3 6 2* 4 1,6,1.0,False,lesion>control
7335,5-2-9-5-8-7,6 3 4* 6 3* 2*,6,1.0,False,lesion>control
7336,5-3-0-1-4-5,6 4 1 2 5 6,6,1.0,False,lesion>control
7337,5-3-0-3-5-4,6 4 1 4 6 5,6,1.0,False,lesion>control
7338,5-3-0-5-0-4,6 4 1 6 1 5,6,1.0,False,lesion>control
7339,5-3-1-0-3-5,6 4 2 1 4 6,6,1.0,False,control>lesion
7340,5-3-1-3-8-3,6 4 2 4 3* 4,6,1.0,False,lesion>control
7341,5-3-1-8-1-0,6 4 2 3* 2 1,6,1.0,False,control>lesion
7342,5-3-1-8-1-8,6 4 2 3* 2 3*,6,1.0,False,control>lesion
7343,5-3-1-8-9-4,6 4 2 3* 4* 5,6,1.0,False,lesion>control
7344,5-3-1-8-9-8,6 4 2 3* 4* 3*,6,1.0,False,lesion>control
7345,5-3-4-0-1-0,6 4 5 1 2 1,6,1.0,False,control>lesion
7346,5-3-4-1-0-1,6 4 5 2 1 2,6,1.0,False,control>lesion
7347,5-3-4-5-8-3,6 4 5 6 3* 4,6,1.0,False,lesion>control
7348,5-3-4-5-8-7,6 4 5 6 3* 2*,6,1.0,False,control>lesion
7349,5-3-4-8-0-3,6 4 5 3* 1 4,6,1.0,False,lesion>control
7350,5-3-5-3-0-1,6 4 6 4 1 2,6,1.0,False,control>lesion
7351,5-3-5-3-0-3,6 4 6 4 1 4,6,1.0,False,lesion>control
7352,5-3-5-3-8-3,6 4 6 4 3* 4,6,1.0,False,lesion>control
7353,5-3-5-4-3-5,6 4 6 5 4 6,6,1.0,False,lesion>control
7354,5-3-5-4-5-3,6 4 6 5 6 4,6,1.0,False,lesion>control
7355,5-3-5-4-8-1,6 4 6 5 3* 2,6,1.0,False,lesion>control
7356,5-3-5-8-0-1,6 4 6 3* 1 2,6,1.0,False,control>lesion
7357,5-3-5-8-3-0,6 4 6 3* 4 1,6,1.0,False,lesion>control
7358,5-3-8-0-8-7,6 4 3* 1 3* 2*,6,1.0,False,lesion>control
7359,5-3-8-7-5-3,6 4 3* 2* 6 4,6,1.0,False,lesion>control
7360,5-4-0-1-3-4,6 5 1 2 4 5,6,1.0,False,control>lesion
7361,5-4-0-1-3-8,6 5 1 2 4 3*,6,1.0,False,control>lesion
7362,5-4-0-1-5-4,6 5 1 2 6 5,6,1.0,False,control>lesion
7363,5-4-0-1-8-0,6 5 1 2 3* 1,6,1.0,False,control>lesion
7364,5-4-0-5-4-8,6 5 1 6 5 3*,6,1.0,False,lesion>control
7365,5-4-0-8-9-8,6 5 1 3* 4* 3*,6,1.0,False,control>lesion
7366,5-4-1-0-3-5,6 5 2 1 4 6,6,1.0,False,control>lesion
7367,5-4-1-0-5-4,6 5 2 1 6 5,6,1.0,False,control>lesion
7368,5-4-1-3-0-5,6 5 2 4 1 6,6,1.0,False,lesion>control
7369,5-4-1-3-8-3,6 5 2 4 3* 4,6,1.0,False,control>lesion
7370,5-4-1-5-4-0,6 5 2 6 5 1,6,1.0,False,lesion>control
7371,5-4-1-8-9-8,6 5 2 3* 4* 3*,6,1.0,False,lesion>control
7372,5-4-2-1-3-8,6 5 3 2 4 3*,6,1.0,False,lesion>control
7373,5-4-2-1-8-9,6 5 3 2 3* 4*,6,1.0,False,control>lesion
7374,5-4-3-0-1-0,6 5 4 1 2 1,6,1.0,False,control>lesion
7375,5-4-3-0-3-5,6 5 4 1 4 6,6,1.0,False,lesion>control
7376,5-4-3-0-5-3,6 5 4 1 6 4,6,1.0,False,control>lesion
7377,5-4-3-1-0-1,6 5 4 2 1 2,6,1.0,False,lesion>control
7378,5-4-3-1-0-5,6 5 4 2 1 6,6,1.0,False,lesion>control
7379,5-4-3-1-8-9,6 5 4 2 3* 4*,6,1.0,False,control>lesion
7380,5-4-3-4-8-7,6 5 4 5 3* 2*,6,1.0,False,control>lesion
7381,5-4-3-5-0-3,6 5 4 6 1 4,6,1.0,False,lesion>control
7382,5-4-3-5-4-8,6 5 4 6 5 3*,6,1.0,False,lesion>control
7383,5-4-3-8-0-3,6 5 4 3* 1 4,6,1.0,False,control>lesion
7384,5-4-3-8-0-5,6 5 4 3* 1 6,6,1.0,False,lesion>control
7385,5-4-3-8-0-7,6 5 4 3* 1 2*,6,1.0,False,lesion>control
7386,5-4-3-8-0-8,6 5 4 3* 1 3*,6,1.0,False,control>lesion
7387,5-4-3-8-3-1,6 5 4 3* 4 2,6,1.0,False,control>lesion
7388,5-4-3-8-7-5,6 5 4 3* 2* 6,6,1.0,False,lesion>control
7389,5-4-3-8-8-7,6 5 4 3* 3* 2*,6,1.0,False,control>lesion
7390,5-4-5-0-3-5,6 5 6 1 4 6,6,1.0,False,lesion>control
7391,5-4-5-0-5-0,6 5 6 1 6 1,6,1.0,False,lesion>control
7392,5-4-5-1-0-3,6 5 6 2 1 4,6,1.0,False,control>lesion
7393,5-4-5-1-3-5,6 5 6 2 4 6,6,1.0,False,control>lesion
7394,5-4-5-1-8-9,6 5 6 2 3* 4*,6,1.0,False,lesion>control
7395,5-4-5-3-8-5,6 5 6 4 3* 6,6,1.0,False,control>lesion
7396,5-4-5-4-0-1,6 5 6 5 1 2,6,1.0,False,lesion>control
7397,5-4-5-4-8-0,6 5 6 5 3* 1,6,1.0,False,lesion>control
7398,5-4-5-4-8-1,6 5 6 5 3* 2,6,1.0,False,lesion>control
7399,5-4-5-4-8-3,6 5 6 5 3* 4,6,1.0,False,lesion>control
7400,5-4-5-4-8-9,6 5 6 5 3* 4*,6,1.0,False,control>lesion
7401,5-4-5-8-0-3,6 5 6 3* 1 4,6,1.0,False,lesion>control
7402,5-4-5-8-0-5,6 5 6 3* 1 6,6,1.0,False,lesion>control
7403,5-4-5-8-3-8,6 5 6 3* 4 3*,6,1.0,False,lesion>control
7404,5-4-5-8-5-4,6 5 6 3* 6 5,6,1.0,False,lesion>control
7405,5-4-8-0-1-5,6 5 3* 1 2 6,6,1.0,False,control>lesion
7406,5-4-8-0-5-4,6 5 3* 1 6 5,6,1.0,False,lesion>control
7407,5-4-8-1-0-4,6 5 3* 2 1 5,6,1.0,False,control>lesion
7408,5-4-8-1-5-4,6 5 3* 2 6 5,6,1.0,False,lesion>control
7409,5-4-8-1-5-8,6 5 3* 2 6 3*,6,1.0,False,lesion>control
7410,5-4-8-1-8-0,6 5 3* 2 3* 1,6,1.0,False,control>lesion
7411,5-4-8-3-4-8,6 5 3* 4 5 3*,6,1.0,False,lesion>control
7412,5-4-8-3-5-4,6 5 3* 4 6 5,6,1.0,False,lesion>control
7413,5-4-8-3-8-0,6 5 3* 4 3* 1,6,1.0,False,lesion>control
7414,5-4-8-5-4-3,6 5 3* 6 5 4,6,1.0,False,lesion>control
7415,5-4-8-7-0-5,6 5 3* 2* 1 6,6,1.0,False,lesion>control
7416,5-4-8-7-8-7,6 5 3* 2* 3* 2*,6,1.0,False,lesion>control
7417,5-4-8-8-7-0,6 5 3* 3* 2* 1,6,1.0,False,control>lesion
7418,5-4-8-9-8-7,6 5 3* 4* 3* 2*,6,1.0,False,control>lesion
7419,5-4-9-8-7-8,6 5 4* 3* 2* 3*,6,1.0,False,lesion>control
7420,5-7-8-1-8-9,6 2* 3* 2 3* 4*,6,1.0,False,lesion>control
7421,5-8-0-1-3-4,6 3* 1 2 4 5,6,1.0,False,control>lesion
7422,5-8-0-2-3-8,6 3* 1 3 4 3*,6,1.0,False,lesion>control
7423,5-8-0-3-5-0,6 3* 1 4 6 1,6,1.0,False,lesion>control
7424,5-8-0-3-8-0,6 3* 1 4 3* 1,6,1.0,False,lesion>control
7425,5-8-0-3-8-7,6 3* 1 4 3* 2*,6,1.0,False,lesion>control
7426,5-8-0-5-0-8,6 3* 1 6 1 3*,6,1.0,False,control>lesion
7427,5-8-0-5-4-8,6 3* 1 6 5 3*,6,1.0,False,lesion>control
7428,5-8-0-5-8-0,6 3* 1 6 3* 1,6,1.0,False,lesion>control
7429,5-8-0-7-8-9,6 3* 1 2* 3* 4*,6,1.0,False,control>lesion
7430,5-8-0-8-3-5,6 3* 1 3* 4 6,6,1.0,False,lesion>control
7431,5-8-0-8-5-2,6 3* 1 3* 6 3,6,1.0,False,lesion>control
7432,5-8-0-8-7-8,6 3* 1 3* 2* 3*,6,1.0,False,lesion>control
7433,5-8-0-9-8-7,6 3* 1 4* 3* 2*,6,1.0,False,control>lesion
7434,5-8-1-0-1-3,6 3* 2 1 2 4,6,1.0,False,lesion>control
7435,5-8-1-0-3-1,6 3* 2 1 4 2,6,1.0,False,lesion>control
7436,5-8-1-0-4-1,6 3* 2 1 5 2,6,1.0,False,lesion>control
7437,5-8-1-0-4-5,6 3* 2 1 5 6,6,1.0,False,lesion>control
7438,5-8-1-0-5-3,6 3* 2 1 6 4,6,1.0,False,lesion>control
7439,5-8-1-0-5-4,6 3* 2 1 6 5,6,1.0,False,lesion>control
7440,5-8-1-5-1-5,6 3* 2 6 2 6,6,1.0,False,lesion>control
7441,5-8-1-5-4-8,6 3* 2 6 5 3*,6,1.0,False,lesion>control
7442,5-8-1-5-8-5,6 3* 2 6 3* 6,6,1.0,False,lesion>control
7443,5-8-1-8-3-2,6 3* 2 3* 4 3,6,1.0,False,lesion>control
7444,5-8-1-8-9-1,6 3* 2 3* 4* 2,6,1.0,False,lesion>control
7445,5-8-1-8-9-5,6 3* 2 3* 4* 6,6,1.0,False,lesion>control
7446,5-8-3-0-1-0,6 3* 4 1 2 1,6,1.0,False,control>lesion
7447,5-8-3-1-0-1,6 3* 4 2 1 2,6,1.0,False,control>lesion
7448,5-8-3-1-0-5,6 3* 4 2 1 6,6,1.0,False,lesion>control
7449,5-8-3-4-0-5,6 3* 4 5 1 6,6,1.0,False,control>lesion
7450,5-8-3-4-5-3,6 3* 4 5 6 4,6,1.0,False,lesion>control
7451,5-8-3-4-8-0,6 3* 4 5 3* 1,6,1.0,False,control>lesion
7452,5-8-3-4-8-3,6 3* 4 5 3* 4,6,1.0,False,lesion>control
7453,5-8-3-5-0-3,6 3* 4 6 1 4,6,1.0,False,control>lesion
7454,5-8-3-8-0-7,6 3* 4 3* 1 2*,6,1.0,False,control>lesion
7455,5-8-3-8-4-5,6 3* 4 3* 5 6,6,1.0,False,lesion>control
7456,5-8-4-5-4-5,6 3* 5 6 5 6,6,1.0,False,lesion>control
7457,5-8-4-8-1-0,6 3* 5 3* 2 1,6,1.0,False,lesion>control
7458,5-8-4-8-4-8,6 3* 5 3* 5 3*,6,1.0,False,lesion>control
7459,5-8-5-0-5-0,6 3* 6 1 6 1,6,1.0,False,lesion>control
7460,5-8-5-2-0-5,6 3* 6 3 1 6,6,1.0,False,lesion>control
7461,5-8-5-9-8-0,6 3* 6 4* 3* 1,6,1.0,False,lesion>control
7462,5-8-7-0-3-5,6 3* 2* 1 4 6,6,1.0,False,lesion>control
7463,5-8-7-0-5-3,6 3* 2* 1 6 4,6,1.0,False,lesion>control
7464,5-8-7-0-8-3,6 3* 2* 1 3* 4,6,1.0,False,control>lesion
7465,5-8-7-0-8-4,6 3* 2* 1 3* 5,6,1.0,False,lesion>control
7466,5-8-7-3-4-0,6 3* 2* 4 5 1,6,1.0,False,control>lesion
7467,5-8-7-3-5-8,6 3* 2* 4 6 3*,6,1.0,False,lesion>control
7468,5-8-7-5-8-1,6 3* 2* 6 3* 2,6,1.0,False,lesion>control
7469,5-8-7-8-0-1,6 3* 2* 3* 1 2,6,1.0,False,lesion>control
7470,5-8-7-8-1-3,6 3* 2* 3* 2 4,6,1.0,False,control>lesion
7471,5-8-7-8-9-1,6 3* 2* 3* 4* 2,6,1.0,False,lesion>control
7472,5-8-7-8-9-5,6 3* 2* 3* 4* 6,6,1.0,False,lesion>control
7473,5-8-9-4-8-3,6 3* 4* 5 3* 4,6,1.0,False,lesion>control
7474,5-8-9-5-4-8,6 3* 4* 6 5 3*,6,1.0,False,control>lesion
7475,5-8-9-8-0-8,6 3* 4* 3* 1 3*,6,1.0,False,control>lesion
7476,5-9-4-8-7-0,6 4* 5 3* 2* 1,6,1.0,False,lesion>control
7477,5-9-8-3-8-3,6 4* 3* 4 3* 4,6,1.0,False,lesion>control
7478,5-9-8-3-8-7,6 4* 3* 4 3* 2*,6,1.0,False,lesion>control
7479,5-9-8-7-3-5,6 4* 3* 2* 4 6,6,1.0,False,lesion>control
7480,5-9-8-7-8-1,6 4* 3* 2* 3* 2,6,1.0,False,control>lesion
7481,7-0-1-3-1-8,2* 1 2 4 2 3*,6,1.0,False,lesion>control
7482,7-0-1-4-3-8,2* 1 2 5 4 3*,6,1.0,False,control>lesion
7483,7-0-1-4-5-4,2* 1 2 5 6 5,6,1.0,False,lesion>control
7484,7-0-1-5-4-3,2* 1 2 6 5 4,6,1.0,False,control>lesion
7485,7-0-1-8-0-1,2* 1 2 3* 1 2,6,1.0,False,control>lesion
7486,7-0-1-8-1-5,2* 1 2 3* 2 6,6,1.0,False,control>lesion
7487,7-0-1-8-5-4,2* 1 2 3* 6 5,6,1.0,False,lesion>control
7488,7-0-3-1-0-3,2* 1 4 2 1 4,6,1.0,False,lesion>control
7489,7-0-3-4-5-0,2* 1 4 5 6 1,6,1.0,False,lesion>control
7490,7-0-3-4-8-3,2* 1 4 5 3* 4,6,1.0,False,lesion>control
7491,7-0-3-8-4-8,2* 1 4 3* 5 3*,6,1.0,False,lesion>control
7492,7-0-3-8-5-3,2* 1 4 3* 6 4,6,1.0,False,lesion>control
7493,7-0-4-3-8-1,2* 1 5 4 3* 2,6,1.0,False,lesion>control
7494,7-0-4-5-3-8,2* 1 5 6 4 3*,6,1.0,False,lesion>control
7495,7-0-4-5-4-3,2* 1 5 6 5 4,6,1.0,False,lesion>control
7496,7-0-4-8-1-3,2* 1 5 3* 2 4,6,1.0,False,lesion>control
7497,7-0-5-4-3-1,2* 1 6 5 4 2,6,1.0,False,lesion>control
7498,7-0-5-8-1-5,2* 1 6 3* 2 6,6,1.0,False,lesion>control
7499,7-0-8-1-0-5,2* 1 3* 2 1 6,6,1.0,False,lesion>control
7500,7-0-8-1-5-3,2* 1 3* 2 6 4,6,1.0,False,lesion>control
7501,7-0-8-3-2-1,2* 1 3* 4 3 2,6,1.0,False,lesion>control
7502,7-0-8-4-3-8,2* 1 3* 5 4 3*,6,1.0,False,control>lesion
7503,7-0-8-4-5-4,2* 1 3* 5 6 5,6,1.0,False,control>lesion
7504,7-0-8-4-5-8,2* 1 3* 5 6 3*,6,1.0,False,lesion>control
7505,7-0-8-5-3-8,2* 1 3* 6 4 3*,6,1.0,False,control>lesion
7506,7-0-8-9-1-8,2* 1 3* 4* 2 3*,6,1.0,False,lesion>control
7507,7-0-8-9-5-8,2* 1 3* 4* 6 3*,6,1.0,False,control>lesion
7508,7-3-1-0-3-5,2* 4 2 1 4 6,6,1.0,False,control>lesion
7509,7-3-1-0-3-8,2* 4 2 1 4 3*,6,1.0,False,lesion>control
7510,7-3-1-3-1-3,2* 4 2 4 2 4,6,1.0,False,lesion>control
7511,7-3-1-3-8-1,2* 4 2 4 3* 2,6,1.0,False,lesion>control
7512,7-3-1-3-8-3,2* 4 2 4 3* 4,6,1.0,False,lesion>control
7513,7-3-4-1-0-1,2* 4 5 2 1 2,6,1.0,False,control>lesion
7514,7-3-4-1-0-3,2* 4 5 2 1 4,6,1.0,False,control>lesion
7515,7-3-4-5-3-8,2* 4 5 6 4 3*,6,1.0,False,control>lesion
7516,7-3-4-5-4-3,2* 4 5 6 5 4,6,1.0,False,control>lesion
7517,7-3-4-5-4-8,2* 4 5 6 5 3*,6,1.0,False,lesion>control
7518,7-3-4-8-7-3,2* 4 5 3* 2* 4,6,1.0,False,lesion>control
7519,7-3-5-8-0-2,2* 4 6 3* 1 3,6,1.0,False,lesion>control
7520,7-3-5-8-3-5,2* 4 6 3* 4 6,6,1.0,False,lesion>control
7521,7-3-5-8-7-0,2* 4 6 3* 2* 1,6,1.0,False,lesion>control
7522,7-3-5-8-7-3,2* 4 6 3* 2* 4,6,1.0,False,lesion>control
7523,7-3-8-0-8-3,2* 4 3* 1 3* 4,6,1.0,False,lesion>control
7524,7-3-8-3-2-7,2* 4 3* 4 3 2*,6,1.0,False,lesion>control
7525,7-3-8-3-3-8,2* 4 3* 4 4 3*,6,1.0,False,lesion>control
7526,7-3-8-3-8-5,2* 4 3* 4 3* 6,6,1.0,False,lesion>control
7527,7-3-8-5-2-3,2* 4 3* 6 3 4,6,1.0,False,lesion>control
7528,7-3-8-5-3-8,2* 4 3* 6 4 3*,6,1.0,False,lesion>control
7529,7-3-8-5-4-3,2* 4 3* 6 5 4,6,1.0,False,lesion>control
7530,7-3-8-5-8-3,2* 4 3* 6 3* 4,6,1.0,False,lesion>control
7531,7-3-8-7-0-5,2* 4 3* 2* 1 6,6,1.0,False,control>lesion
7532,7-3-8-7-5-3,2* 4 3* 2* 6 4,6,1.0,False,lesion>control
7533,7-3-8-7-8-4,2* 4 3* 2* 3* 5,6,1.0,False,lesion>control
7534,7-3-8-9-8-7,2* 4 3* 4* 3* 2*,6,1.0,False,lesion>control
7535,7-4-8-1-0-1,2* 5 3* 2 1 2,6,1.0,False,control>lesion
7536,7-4-8-1-5-3,2* 5 3* 2 6 4,6,1.0,False,lesion>control
7537,7-5-4-5-4-3,2* 6 5 6 5 4,6,1.0,False,lesion>control
7538,7-5-4-8-1-0,2* 6 5 3* 2 1,6,1.0,False,lesion>control
7539,7-5-4-8-1-3,2* 6 5 3* 2 4,6,1.0,False,lesion>control
7540,7-5-8-0-8-5,2* 6 3* 1 3* 6,6,1.0,False,lesion>control
7541,7-5-8-1-5-8,2* 6 3* 2 6 3*,6,1.0,False,lesion>control
7542,7-5-8-1-8-9,2* 6 3* 2 3* 4*,6,1.0,False,lesion>control
7543,7-5-8-9-8-7,2* 6 3* 4* 3* 2*,6,1.0,False,lesion>control
7544,7-8-0-2-1-8,2* 3* 1 3 2 3*,6,1.0,False,lesion>control
7545,7-8-0-9-8-7,2* 3* 1 4* 3* 2*,6,1.0,False,lesion>control
7546,7-8-1-3-1-8,2* 3* 2 4 2 3*,6,1.0,False,control>lesion
7547,7-8-1-3-4-8,2* 3* 2 4 5 3*,6,1.0,False,control>lesion
7548,7-8-1-3-5-3,2* 3* 2 4 6 4,6,1.0,False,control>lesion
7549,7-8-1-3-8-4,2* 3* 2 4 3* 5,6,1.0,False,lesion>control
7550,7-8-1-5-4-3,2* 3* 2 6 5 4,6,1.0,False,lesion>control
7551,7-8-1-5-8-9,2* 3* 2 6 3* 4*,6,1.0,False,lesion>control
7552,7-8-1-8-0-2,2* 3* 2 3* 1 3,6,1.0,False,lesion>control
7553,7-8-1-8-0-8,2* 3* 2 3* 1 3*,6,1.0,False,lesion>control
7554,7-8-1-8-1-5,2* 3* 2 3* 2 6,6,1.0,False,lesion>control
7555,7-8-1-8-3-2,2* 3* 2 3* 4 3,6,1.0,False,lesion>control
7556,7-8-1-8-4-3,2* 3* 2 3* 5 4,6,1.0,False,lesion>control
7557,7-8-1-8-5-3,2* 3* 2 3* 6 4,6,1.0,False,lesion>control
7558,7-8-1-8-7-3,2* 3* 2 3* 2* 4,6,1.0,False,lesion>control
7559,7-8-3-2-1-3,2* 3* 4 3 2 4,6,1.0,False,lesion>control
7560,7-8-4-5-4-3,2* 3* 5 6 5 4,6,1.0,False,control>lesion
7561,7-8-4-9-8-7,2* 3* 5 4* 3* 2*,6,1.0,False,control>lesion
7562,7-8-5-1-0-8,2* 3* 6 2 1 3*,6,1.0,False,lesion>control
7563,7-8-5-2-9-1,2* 3* 6 3 4* 2,6,1.0,False,lesion>control
7564,7-8-5-2-9-5,2* 3* 6 3 4* 6,6,1.0,False,lesion>control
7565,7-8-5-3-8-3,2* 3* 6 4 3* 4,6,1.0,False,control>lesion
7566,7-8-5-3-8-4,2* 3* 6 4 3* 5,6,1.0,False,lesion>control
7567,7-8-5-3-8-7,2* 3* 6 4 3* 2*,6,1.0,False,lesion>control
7568,7-8-5-4-2-1,2* 3* 6 5 3 2,6,1.0,False,control>lesion
7569,7-8-7-3-4-3,2* 3* 2* 4 5 4,6,1.0,False,control>lesion
7570,7-8-7-8-9-4,2* 3* 2* 3* 4* 5,6,1.0,False,control>lesion
7571,7-8-8-9-8-3,2* 3* 3* 4* 3* 4,6,1.0,False,control>lesion
7572,7-8-9-1-0-8,2* 3* 4* 2 1 3*,6,1.0,False,lesion>control
7573,7-8-9-3-4-3,2* 3* 4* 4 5 4,6,1.0,False,control>lesion
7574,7-8-9-4-5-0,2* 3* 4* 5 6 1,6,1.0,False,control>lesion
7575,7-8-9-8-4-2,2* 3* 4* 3* 5 3,6,1.0,False,lesion>control
7576,7-8-9-8-5-2,2* 3* 4* 3* 6 3,6,1.0,False,lesion>control
7577,7-8-9-8-7-5,2* 3* 4* 3* 2* 6,6,1.0,False,lesion>control
7578,8-0-1-0-1-3,3* 1 2 1 2 4,6,1.0,False,control>lesion
7579,8-0-1-0-1-4,3* 1 2 1 2 5,6,1.0,False,lesion>control
7580,8-0-1-0-3-4,3* 1 2 1 4 5,6,1.0,False,lesion>control
7581,8-0-1-0-8-1,3* 1 2 1 3* 2,6,1.0,False,lesion>control
7582,8-0-1-3-4-3,3* 1 2 4 5 4,6,1.0,False,control>lesion
7583,8-0-1-3-5-8,3* 1 2 4 6 3*,6,1.0,False,control>lesion
7584,8-0-1-3-8-0,3* 1 2 4 3* 1,6,1.0,False,lesion>control
7585,8-0-1-3-8-3,3* 1 2 4 3* 4,6,1.0,False,control>lesion
7586,8-0-1-4-8-0,3* 1 2 5 3* 1,6,1.0,False,lesion>control
7587,8-0-1-5-8-0,3* 1 2 6 3* 1,6,1.0,False,lesion>control
7588,8-0-1-8-5-2,3* 1 2 3* 6 3,6,1.0,False,lesion>control
7589,8-0-1-8-9-3,3* 1 2 3* 4* 4,6,1.0,False,control>lesion
7590,8-0-2-0-2-9,3* 1 3 1 3 4*,6,1.0,False,lesion>control
7591,8-0-2-1-8-5,3* 1 3 2 3* 6,6,1.0,False,lesion>control
7592,8-0-2-7-0-8,3* 1 3 2* 1 3*,6,1.0,False,control>lesion
7593,8-0-2-9-8-0,3* 1 3 4* 3* 1,6,1.0,False,control>lesion
7594,8-0-2-9-8-7,3* 1 3 4* 3* 2*,6,1.0,False,lesion>control
7595,8-0-3-0-3-0,3* 1 4 1 4 1,6,1.0,False,lesion>control
7596,8-0-3-1-0-1,3* 1 4 2 1 2,6,1.0,False,control>lesion
7597,8-0-3-1-0-3,3* 1 4 2 1 4,6,1.0,False,lesion>control
7598,8-0-3-1-0-5,3* 1 4 2 1 6,6,1.0,False,lesion>control
7599,8-0-3-4-5-0,3* 1 4 5 6 1,6,1.0,False,lesion>control
7600,8-0-3-5-0-3,3* 1 4 6 1 4,6,1.0,False,lesion>control
7601,8-0-3-5-8-0,3* 1 4 6 3* 1,6,1.0,False,lesion>control
7602,8-0-3-5-8-3,3* 1 4 6 3* 4,6,1.0,False,lesion>control
7603,8-0-3-8-7-3,3* 1 4 3* 2* 4,6,1.0,False,lesion>control
7604,8-0-4-8-7-0,3* 1 5 3* 2* 1,6,1.0,False,lesion>control
7605,8-0-5-1-0-3,3* 1 6 2 1 4,6,1.0,False,lesion>control
7606,8-0-5-1-0-8,3* 1 6 2 1 3*,6,1.0,False,lesion>control
7607,8-0-5-3-8-0,3* 1 6 4 3* 1,6,1.0,False,lesion>control
7608,8-0-5-4-3-5,3* 1 6 5 4 6,6,1.0,False,lesion>control
7609,8-0-5-4-8-0,3* 1 6 5 3* 1,6,1.0,False,lesion>control
7610,8-0-5-8-7-0,3* 1 6 3* 2* 1,6,1.0,False,lesion>control
7611,8-0-7-3-5-8,3* 1 2* 4 6 3*,6,1.0,False,lesion>control
7612,8-0-7-3-8-7,3* 1 2* 4 3* 2*,6,1.0,False,lesion>control
7613,8-0-8-3-0-1,3* 1 3* 4 1 2,6,1.0,False,lesion>control
7614,8-0-8-3-4-5,3* 1 3* 4 5 6,6,1.0,False,control>lesion
7615,8-0-8-3-5-8,3* 1 3* 4 6 3*,6,1.0,False,lesion>control
7616,8-0-8-3-8-3,3* 1 3* 4 3* 4,6,1.0,False,control>lesion
7617,8-0-8-7-3-8,3* 1 3* 2* 4 3*,6,1.0,False,lesion>control
7618,8-0-9-8-7-0,3* 1 4* 3* 2* 1,6,1.0,False,control>lesion
7619,8-1-0-1-5-1,3* 2 1 2 6 2,6,1.0,False,control>lesion
7620,8-1-0-1-8-0,3* 2 1 2 3* 1,6,1.0,False,control>lesion
7621,8-1-0-2-3-8,3* 2 1 3 4 3*,6,1.0,False,control>lesion
7622,8-1-0-3-1-3,3* 2 1 4 2 4,6,1.0,False,lesion>control
7623,8-1-0-3-4-8,3* 2 1 4 5 3*,6,1.0,False,control>lesion
7624,8-1-0-4-5-1,3* 2 1 5 6 2,6,1.0,False,control>lesion
7625,8-1-0-4-5-8,3* 2 1 5 6 3*,6,1.0,False,lesion>control
7626,8-1-0-8-3-2,3* 2 1 3* 4 3,6,1.0,False,lesion>control
7627,8-1-2-1-2-1,3* 2 3 2 3 2,6,1.0,False,lesion>control
7628,8-1-2-1-2-9,3* 2 3 2 3 4*,6,1.0,False,lesion>control
7629,8-1-3-0-5-3,3* 2 4 1 6 4,6,1.0,False,control>lesion
7630,8-1-3-1-8-1,3* 2 4 2 3* 2,6,1.0,False,lesion>control
7631,8-1-3-1-8-9,3* 2 4 2 3* 4*,6,1.0,False,lesion>control
7632,8-1-3-4-5-8,3* 2 4 5 6 3*,6,1.0,False,control>lesion
7633,8-1-3-5-0-8,3* 2 4 6 1 3*,6,1.0,False,control>lesion
7634,8-1-3-5-3-0,3* 2 4 6 4 1,6,1.0,False,control>lesion
7635,8-1-3-8-5-3,3* 2 4 3* 6 4,6,1.0,False,lesion>control
7636,8-1-3-8-5-4,3* 2 4 3* 6 5,6,1.0,False,lesion>control
7637,8-1-3-8-7-4,3* 2 4 3* 2* 5,6,1.0,False,lesion>control
7638,8-1-3-8-9-8,3* 2 4 3* 4* 3*,6,1.0,False,lesion>control
7639,8-1-4-3-8-7,3* 2 5 4 3* 2*,6,1.0,False,lesion>control
7640,8-1-4-5-8-1,3* 2 5 6 3* 2,6,1.0,False,lesion>control
7641,8-1-4-8-1-0,3* 2 5 3* 2 1,6,1.0,False,lesion>control
7642,8-1-4-8-1-4,3* 2 5 3* 2 5,6,1.0,False,lesion>control
7643,8-1-4-8-9-8,3* 2 5 3* 4* 3*,6,1.0,False,lesion>control
7644,8-1-5-1-5-8,3* 2 6 2 6 3*,6,1.0,False,lesion>control
7645,8-1-5-3-8-3,3* 2 6 4 3* 4,6,1.0,False,control>lesion
7646,8-1-5-3-8-4,3* 2 6 4 3* 5,6,1.0,False,lesion>control
7647,8-1-5-3-8-5,3* 2 6 4 3* 6,6,1.0,False,lesion>control
7648,8-1-5-8-1-3,3* 2 6 3* 2 4,6,1.0,False,lesion>control
7649,8-1-5-8-5-2,3* 2 6 3* 6 3,6,1.0,False,lesion>control
7650,8-1-5-8-5-9,3* 2 6 3* 6 4*,6,1.0,False,lesion>control
7651,8-1-5-8-9-5,3* 2 6 3* 4* 6,6,1.0,False,lesion>control
7652,8-1-8-0-2-0,3* 2 3* 1 3 1,6,1.0,False,lesion>control
7653,8-1-8-1-0-5,3* 2 3* 2 1 6,6,1.0,False,control>lesion
7654,8-1-8-1-3-1,3* 2 3* 2 4 2,6,1.0,False,lesion>control
7655,8-1-8-1-3-5,3* 2 3* 2 4 6,6,1.0,False,control>lesion
7656,8-1-8-1-5-3,3* 2 3* 2 6 4,6,1.0,False,lesion>control
7657,8-1-8-5-8-9,3* 2 3* 6 3* 4*,6,1.0,False,control>lesion
7658,8-1-8-5-9-4,3* 2 3* 6 4* 5,6,1.0,False,lesion>control
7659,8-1-8-7-4-8,3* 2 3* 2* 5 3*,6,1.0,False,lesion>control
7660,8-1-8-8-7-0,3* 2 3* 3* 2* 1,6,1.0,False,lesion>control
7661,8-1-8-9-1-0,3* 2 3* 4* 2 1,6,1.0,False,lesion>control
7662,8-1-8-9-3-1,3* 2 3* 4* 4 2,6,1.0,False,control>lesion
7663,8-1-8-9-3-8,3* 2 3* 4* 4 3*,6,1.0,False,control>lesion
7664,8-3-0-1-0-3,3* 4 1 2 1 4,6,1.0,False,control>lesion
7665,8-3-0-3-0-3,3* 4 1 4 1 4,6,1.0,False,lesion>control
7666,8-3-0-3-0-5,3* 4 1 4 1 6,6,1.0,False,lesion>control
7667,8-3-0-5-0-8,3* 4 1 6 1 3*,6,1.0,False,lesion>control
7668,8-3-0-5-4-8,3* 4 1 6 5 3*,6,1.0,False,lesion>control
7669,8-3-0-8-7-8,3* 4 1 3* 2* 3*,6,1.0,False,lesion>control
7670,8-3-1-0-3-1,3* 4 2 1 4 2,6,1.0,False,lesion>control
7671,8-3-1-0-3-4,3* 4 2 1 4 5,6,1.0,False,lesion>control
7672,8-3-1-0-3-8,3* 4 2 1 4 3*,6,1.0,False,lesion>control
7673,8-3-1-0-4-5,3* 4 2 1 5 6,6,1.0,False,lesion>control
7674,8-3-1-0-5-0,3* 4 2 1 6 1,6,1.0,False,lesion>control
7675,8-3-1-0-8-1,3* 4 2 1 3* 2,6,1.0,False,lesion>control
7676,8-3-1-3-1-0,3* 4 2 4 2 1,6,1.0,False,lesion>control
7677,8-3-1-3-8-3,3* 4 2 4 3* 4,6,1.0,False,lesion>control
7678,8-3-1-8-0-1,3* 4 2 3* 1 2,6,1.0,False,lesion>control
7679,8-3-1-8-3-5,3* 4 2 3* 4 6,6,1.0,False,control>lesion
7680,8-3-1-8-5-1,3* 4 2 3* 6 2,6,1.0,False,lesion>control
7681,8-3-1-8-9-3,3* 4 2 3* 4* 4,6,1.0,False,lesion>control
7682,8-3-2-1-0-8,3* 4 3 2 1 3*,6,1.0,False,lesion>control
7683,8-3-2-1-4-8,3* 4 3 2 5 3*,6,1.0,False,lesion>control
7684,8-3-2-7-3-8,3* 4 3 2* 4 3*,6,1.0,False,control>lesion
7685,8-3-3-8-3-4,3* 4 4 3* 4 5,6,1.0,False,control>lesion
7686,8-3-3-8-7-3,3* 4 4 3* 2* 4,6,1.0,False,lesion>control
7687,8-3-4-0-3-8,3* 4 5 1 4 3*,6,1.0,False,lesion>control
7688,8-3-4-0-5-8,3* 4 5 1 6 3*,6,1.0,False,control>lesion
7689,8-3-4-1-0-8,3* 4 5 2 1 3*,6,1.0,False,lesion>control
7690,8-3-4-3-8-0,3* 4 5 4 3* 1,6,1.0,False,lesion>control
7691,8-3-4-5-0-1,3* 4 5 6 1 2,6,1.0,False,lesion>control
7692,8-3-4-5-0-4,3* 4 5 6 1 5,6,1.0,False,lesion>control
7693,8-3-4-5-0-8,3* 4 5 6 1 3*,6,1.0,False,lesion>control
7694,8-3-4-5-1-8,3* 4 5 6 2 3*,6,1.0,False,lesion>control
7695,8-3-4-5-4-0,3* 4 5 6 5 1,6,1.0,False,lesion>control
7696,8-3-4-5-8-0,3* 4 5 6 3* 1,6,1.0,False,lesion>control
7697,8-3-4-8-0-1,3* 4 5 3* 1 2,6,1.0,False,control>lesion
7698,8-3-5-0-3-0,3* 4 6 1 4 1,6,1.0,False,lesion>control
7699,8-3-5-3-1-0,3* 4 6 4 2 1,6,1.0,False,control>lesion
7700,8-3-5-3-8-0,3* 4 6 4 3* 1,6,1.0,False,control>lesion
7701,8-3-5-3-8-3,3* 4 6 4 3* 4,6,1.0,False,lesion>control
7702,8-3-5-4-3-0,3* 4 6 5 4 1,6,1.0,False,control>lesion
7703,8-3-5-4-5-3,3* 4 6 5 6 4,6,1.0,False,control>lesion
7704,8-3-5-4-5-4,3* 4 6 5 6 5,6,1.0,False,control>lesion
7705,8-3-5-8-3-8,3* 4 6 3* 4 3*,6,1.0,False,lesion>control
7706,8-3-5-8-7-3,3* 4 6 3* 2* 4,6,1.0,False,control>lesion
7707,8-3-8-0-1-5,3* 4 3* 1 2 6,6,1.0,False,lesion>control
7708,8-3-8-0-5-8,3* 4 3* 1 6 3*,6,1.0,False,lesion>control
7709,8-3-8-1-2-3,3* 4 3* 2 3 4,6,1.0,False,lesion>control
7710,8-3-8-3-0-8,3* 4 3* 4 1 3*,6,1.0,False,lesion>control
7711,8-3-8-3-1-3,3* 4 3* 4 2 4,6,1.0,False,control>lesion
7712,8-3-8-3-3-4,3* 4 3* 4 4 5,6,1.0,False,lesion>control
7713,8-3-8-3-8-8,3* 4 3* 4 3* 3*,6,1.0,False,lesion>control
7714,8-3-8-5-2-3,3* 4 3* 6 3 4,6,1.0,False,lesion>control
7715,8-3-8-5-2-5,3* 4 3* 6 3 6,6,1.0,False,lesion>control
7716,8-3-8-5-8-5,3* 4 3* 6 3* 6,6,1.0,False,lesion>control
7717,8-3-8-7-0-4,3* 4 3* 2* 1 5,6,1.0,False,control>lesion
7718,8-3-8-7-0-5,3* 4 3* 2* 1 6,6,1.0,False,lesion>control
7719,8-3-8-7-5-4,3* 4 3* 2* 6 5,6,1.0,False,lesion>control
7720,8-3-8-7-8-8,3* 4 3* 2* 3* 3*,6,1.0,False,control>lesion
7721,8-3-8-9-0-8,3* 4 3* 4* 1 3*,6,1.0,False,lesion>control
7722,8-4-2-1-8-4,3* 5 3 2 3* 5,6,1.0,False,lesion>control
7723,8-4-5-0-1-3,3* 5 6 1 2 4,6,1.0,False,lesion>control
7724,8-4-5-3-8-7,3* 5 6 4 3* 2*,6,1.0,False,control>lesion
7725,8-4-5-8-0-1,3* 5 6 3* 1 2,6,1.0,False,control>lesion
7726,8-4-5-8-1-3,3* 5 6 3* 2 4,6,1.0,False,lesion>control
7727,8-4-5-8-9-4,3* 5 6 3* 4* 5,6,1.0,False,control>lesion
7728,8-4-8-0-8-3,3* 5 3* 1 3* 4,6,1.0,False,lesion>control
7729,8-4-8-1-0-5,3* 5 3* 2 1 6,6,1.0,False,lesion>control
7730,8-4-8-3-8-3,3* 5 3* 4 3* 4,6,1.0,False,lesion>control
7731,8-4-8-4-8-1,3* 5 3* 5 3* 2,6,1.0,False,lesion>control
7732,8-4-8-7-0-1,3* 5 3* 2* 1 2,6,1.0,False,lesion>control
7733,8-4-8-7-8-1,3* 5 3* 2* 3* 2,6,1.0,False,control>lesion
7734,8-4-8-9-8-7,3* 5 3* 4* 3* 2*,6,1.0,False,lesion>control
7735,8-5-0-2-1-8,3* 6 1 3 2 3*,6,1.0,False,lesion>control
7736,8-5-0-3-8-3,3* 6 1 4 3* 4,6,1.0,False,control>lesion
7737,8-5-0-4-5-0,3* 6 1 5 6 1,6,1.0,False,lesion>control
7738,8-5-1-0-3-8,3* 6 2 1 4 3*,6,1.0,False,lesion>control
7739,8-5-1-8-9-8,3* 6 2 3* 4* 3*,6,1.0,False,lesion>control
7740,8-5-2-0-3-8,3* 6 3 1 4 3*,6,1.0,False,lesion>control
7741,8-5-2-1-0-3,3* 6 3 2 1 4,6,1.0,False,lesion>control
7742,8-5-2-1-8-9,3* 6 3 2 3* 4*,6,1.0,False,lesion>control
7743,8-5-2-3-8-4,3* 6 3 4 3* 5,6,1.0,False,lesion>control
7744,8-5-2-3-8-5,3* 6 3 4 3* 6,6,1.0,False,lesion>control
7745,8-5-2-5-7-3,3* 6 3 6 2* 4,6,1.0,False,lesion>control
7746,8-5-2-9-1-3,3* 6 3 4* 2 4,6,1.0,False,lesion>control
7747,8-5-2-9-1-8,3* 6 3 4* 2 3*,6,1.0,False,control>lesion
7748,8-5-2-9-5-8,3* 6 3 4* 6 3*,6,1.0,False,lesion>control
7749,8-5-2-9-8-7,3* 6 3 4* 3* 2*,6,1.0,False,lesion>control
7750,8-5-3-1-0-1,3* 6 4 2 1 2,6,1.0,False,control>lesion
7751,8-5-3-8-5-2,3* 6 4 3* 6 3,6,1.0,False,lesion>control
7752,8-5-4-1-0-5,3* 6 5 2 1 6,6,1.0,False,lesion>control
7753,8-5-4-1-8-9,3* 6 5 2 3* 4*,6,1.0,False,lesion>control
7754,8-5-4-2-1-3,3* 6 5 3 2 4,6,1.0,False,lesion>control
7755,8-5-4-2-1-8,3* 6 5 3 2 3*,6,1.0,False,control>lesion
7756,8-5-4-5-1-3,3* 6 5 6 2 4,6,1.0,False,control>lesion
7757,8-5-4-8-7-0,3* 6 5 3* 2* 1,6,1.0,False,lesion>control
7758,8-5-4-8-7-3,3* 6 5 3* 2* 4,6,1.0,False,lesion>control
7759,8-5-4-8-9-8,3* 6 5 3* 4* 3*,6,1.0,False,lesion>control
7760,8-5-4-9-8-7,3* 6 5 4* 3* 2*,6,1.0,False,lesion>control
7761,8-5-7-8-1-8,3* 6 2* 3* 2 3*,6,1.0,False,lesion>control
7762,8-5-8-0-1-8,3* 6 3* 1 2 3*,6,1.0,False,lesion>control
7763,8-5-8-0-3-8,3* 6 3* 1 4 3*,6,1.0,False,lesion>control
7764,8-5-8-0-5-8,3* 6 3* 1 6 3*,6,1.0,False,lesion>control
7765,8-5-8-1-0-1,3* 6 3* 2 1 2,6,1.0,False,lesion>control
7766,8-5-8-1-8-5,3* 6 3* 2 3* 6,6,1.0,False,lesion>control
7767,8-5-8-9-8-5,3* 6 3* 4* 3* 6,6,1.0,False,lesion>control
7768,8-5-9-4-8-7,3* 6 4* 5 3* 2*,6,1.0,False,lesion>control
7769,8-5-9-8-7-3,3* 6 4* 3* 2* 4,6,1.0,False,lesion>control
7770,8-7-0-1-0-4,3* 2* 1 2 1 5,6,1.0,False,control>lesion
7771,8-7-0-1-4-3,3* 2* 1 2 5 4,6,1.0,False,control>lesion
7772,8-7-0-1-5-3,3* 2* 1 2 6 4,6,1.0,False,lesion>control
7773,8-7-0-1-5-4,3* 2* 1 2 6 5,6,1.0,False,control>lesion
7774,8-7-0-1-8-0,3* 2* 1 2 3* 1,6,1.0,False,control>lesion
7775,8-7-0-1-8-3,3* 2* 1 2 3* 4,6,1.0,False,lesion>control
7776,8-7-0-3-8-0,3* 2* 1 4 3* 1,6,1.0,False,lesion>control
7777,8-7-0-4-1-0,3* 2* 1 5 2 1,6,1.0,False,lesion>control
7778,8-7-0-4-5-3,3* 2* 1 5 6 4,6,1.0,False,lesion>control
7779,8-7-0-4-8-0,3* 2* 1 5 3* 1,6,1.0,False,lesion>control
7780,8-7-0-4-8-9,3* 2* 1 5 3* 4*,6,1.0,False,control>lesion
7781,8-7-0-5-0-3,3* 2* 1 6 1 4,6,1.0,False,lesion>control
7782,8-7-0-5-1-0,3* 2* 1 6 2 1,6,1.0,False,lesion>control
7783,8-7-0-5-4-5,3* 2* 1 6 5 6,6,1.0,False,control>lesion
7784,8-7-0-5-8-4,3* 2* 1 6 3* 5,6,1.0,False,lesion>control
7785,8-7-0-8-1-5,3* 2* 1 3* 2 6,6,1.0,False,lesion>control
7786,8-7-0-8-4-3,3* 2* 1 3* 5 4,6,1.0,False,control>lesion
7787,8-7-0-8-5-3,3* 2* 1 3* 6 4,6,1.0,False,control>lesion
7788,8-7-3-4-5-1,3* 2* 4 5 6 2,6,1.0,False,lesion>control
7789,8-7-3-5-1-0,3* 2* 4 6 2 1,6,1.0,False,lesion>control
7790,8-7-3-8-0-2,3* 2* 4 3* 1 3,6,1.0,False,lesion>control
7791,8-7-3-8-0-5,3* 2* 4 3* 1 6,6,1.0,False,lesion>control
7792,8-7-3-8-1-5,3* 2* 4 3* 2 6,6,1.0,False,lesion>control
7793,8-7-3-8-3-3,3* 2* 4 3* 4 4,6,1.0,False,lesion>control
7794,8-7-3-8-4-3,3* 2* 4 3* 5 4,6,1.0,False,lesion>control
7795,8-7-3-8-5-3,3* 2* 4 3* 6 4,6,1.0,False,lesion>control
7796,8-7-3-8-5-4,3* 2* 4 3* 6 5,6,1.0,False,lesion>control
7797,8-7-3-8-9-8,3* 2* 4 3* 4* 3*,6,1.0,False,lesion>control
7798,8-7-4-0-3-8,3* 2* 5 1 4 3*,6,1.0,False,lesion>control
7799,8-7-5-3-8-3,3* 2* 6 4 3* 4,6,1.0,False,control>lesion
7800,8-7-5-4-5-4,3* 2* 6 5 6 5,6,1.0,False,lesion>control
7801,8-7-5-4-5-8,3* 2* 6 5 6 3*,6,1.0,False,control>lesion
7802,8-7-5-8-0-8,3* 2* 6 3* 1 3*,6,1.0,False,lesion>control
7803,8-7-5-8-1-0,3* 2* 6 3* 2 1,6,1.0,False,lesion>control
7804,8-7-5-8-1-5,3* 2* 6 3* 2 6,6,1.0,False,lesion>control
7805,8-7-5-8-4-8,3* 2* 6 3* 5 3*,6,1.0,False,lesion>control
7806,8-7-5-8-5-2,3* 2* 6 3* 6 3,6,1.0,False,lesion>control
7807,8-7-8-0-5-8,3* 2* 3* 1 6 3*,6,1.0,False,lesion>control
7808,8-7-8-0-8-9,3* 2* 3* 1 3* 4*,6,1.0,False,lesion>control
7809,8-7-8-0-9-8,3* 2* 3* 1 4* 3*,6,1.0,False,lesion>control
7810,8-7-8-1-3-0,3* 2* 3* 2 4 1,6,1.0,False,lesion>control
7811,8-7-8-1-5-8,3* 2* 3* 2 6 3*,6,1.0,False,lesion>control
7812,8-7-8-1-8-3,3* 2* 3* 2 3* 4,6,1.0,False,lesion>control
7813,8-7-8-4-5-4,3* 2* 3* 5 6 5,6,1.0,False,control>lesion
7814,8-7-8-5-1-0,3* 2* 3* 6 2 1,6,1.0,False,lesion>control
7815,8-7-8-5-2-1,3* 2* 3* 6 3 2,6,1.0,False,lesion>control
7816,8-7-8-5-4-2,3* 2* 3* 6 5 3,6,1.0,False,control>lesion
7817,8-7-8-7-3-4,3* 2* 3* 2* 4 5,6,1.0,False,control>lesion
7818,8-7-8-8-7-8,3* 2* 3* 3* 2* 3*,6,1.0,False,control>lesion
7819,8-7-8-8-9-8,3* 2* 3* 3* 4* 3*,6,1.0,False,control>lesion
7820,8-7-8-9-5-1,3* 2* 3* 4* 6 2,6,1.0,False,lesion>control
7821,8-8-0-9-8-7,3* 3* 1 4* 3* 2*,6,1.0,False,lesion>control
7822,8-9-0-1-8-9,3* 4* 1 2 3* 4*,6,1.0,False,lesion>control
7823,8-9-0-4-8-3,3* 4* 1 5 3* 4,6,1.0,False,lesion>control
7824,8-9-0-8-3-5,3* 4* 1 3* 4 6,6,1.0,False,lesion>control
7825,8-9-1-5-1-3,3* 4* 2 6 2 4,6,1.0,False,lesion>control
7826,8-9-3-4-8-7,3* 4* 4 5 3* 2*,6,1.0,False,lesion>control
7827,8-9-3-8-3-5,3* 4* 4 3* 4 6,6,1.0,False,control>lesion
7828,8-9-4-3-1-0,3* 4* 5 4 2 1,6,1.0,False,control>lesion
7829,8-9-4-5-0-3,3* 4* 5 6 1 4,6,1.0,False,lesion>control
7830,8-9-4-5-1-0,3* 4* 5 6 2 1,6,1.0,False,lesion>control
7831,8-9-4-5-1-8,3* 4* 5 6 2 3*,6,1.0,False,lesion>control
7832,8-9-4-5-3-1,3* 4* 5 6 4 2,6,1.0,False,lesion>control
7833,8-9-4-5-4-1,3* 4* 5 6 5 2,6,1.0,False,control>lesion
7834,8-9-4-8-0-7,3* 4* 5 3* 1 2*,6,1.0,False,lesion>control
7835,8-9-4-8-0-8,3* 4* 5 3* 1 3*,6,1.0,False,lesion>control
7836,8-9-5-0-3-8,3* 4* 6 1 4 3*,6,1.0,False,lesion>control
7837,8-9-5-3-1-8,3* 4* 6 4 2 3*,6,1.0,False,lesion>control
7838,8-9-5-4-3-0,3* 4* 6 5 4 1,6,1.0,False,control>lesion
7839,8-9-5-4-8-3,3* 4* 6 5 3* 4,6,1.0,False,control>lesion
7840,8-9-5-8-0-1,3* 4* 6 3* 1 2,6,1.0,False,control>lesion
7841,8-9-5-8-0-8,3* 4* 6 3* 1 3*,6,1.0,False,lesion>control
7842,8-9-5-8-3-5,3* 4* 6 3* 4 6,6,1.0,False,lesion>control
7843,8-9-8-0-1-3,3* 4* 3* 1 2 4,6,1.0,False,lesion>control
7844,8-9-8-0-8-3,3* 4* 3* 1 3* 4,6,1.0,False,control>lesion
7845,8-9-8-3-0-3,3* 4* 3* 4 1 4,6,1.0,False,lesion>control
7846,8-9-8-3-4-0,3* 4* 3* 4 5 1,6,1.0,False,lesion>control
7847,8-9-8-4-2-0,3* 4* 3* 5 3 1,6,1.0,False,control>lesion
7848,8-9-8-4-8-3,3* 4* 3* 5 3* 4,6,1.0,False,lesion>control
7849,8-9-8-5-2-0,3* 4* 3* 6 3 1,6,1.0,False,control>lesion
7850,8-9-8-5-2-3,3* 4* 3* 6 3 4,6,1.0,False,lesion>control
7851,8-9-8-5-2-7,3* 4* 3* 6 3 2*,6,1.0,False,lesion>control
7852,8-9-8-5-4-5,3* 4* 3* 6 5 6,6,1.0,False,control>lesion
7853,8-9-8-5-7-8,3* 4* 3* 6 2* 3*,6,1.0,False,lesion>control
7854,8-9-8-5-8-0,3* 4* 3* 6 3* 1,6,1.0,False,lesion>control
7855,8-9-8-5-8-3,3* 4* 3* 6 3* 4,6,1.0,False,lesion>control
7856,8-9-8-8-7-8,3* 4* 3* 3* 2* 3*,6,1.0,False,lesion>control
7857,8-9-8-9-0-1,3* 4* 3* 4* 1 2,6,1.0,False,control>lesion
7858,8-9-8-9-4-5,3* 4* 3* 4* 5 6,6,1.0,False,control>lesion
7859,8-9-8-9-4-8,3* 4* 3* 4* 5 3*,6,1.0,False,lesion>control
7860,9-0-4-8-3-8,4* 1 5 3* 4 3*,6,1.0,False,lesion>control
7861,9-0-8-7-0-3,4* 1 3* 2* 1 4,6,1.0,False,lesion>control
7862,9-1-0-8-9-8,4* 2 1 3* 4* 3*,6,1.0,False,lesion>control
7863,9-1-3-8-3-1,4* 2 4 3* 4 2,6,1.0,False,lesion>control
7864,9-1-3-8-3-8,4* 2 4 3* 4 3*,6,1.0,False,lesion>control
7865,9-1-3-8-7-0,4* 2 4 3* 2* 1,6,1.0,False,lesion>control
7866,9-1-8-9-4-5,4* 2 3* 4* 5 6,6,1.0,False,lesion>control
7867,9-3-4-3-8-7,4* 4 5 4 3* 2*,6,1.0,False,control>lesion
7868,9-3-4-8-7-8,4* 4 5 3* 2* 3*,6,1.0,False,lesion>control
7869,9-3-8-3-4-3,4* 4 3* 4 5 4,6,1.0,False,lesion>control
7870,9-3-8-3-5-4,4* 4 3* 4 6 5,6,1.0,False,control>lesion
7871,9-3-8-7-8-9,4* 4 3* 2* 3* 4*,6,1.0,False,lesion>control
7872,9-4-3-1-0-1,4* 5 4 2 1 2,6,1.0,False,control>lesion
7873,9-4-3-1-8-9,4* 5 4 2 3* 4*,6,1.0,False,control>lesion
7874,9-4-3-8-0-1,4* 5 4 3* 1 2,6,1.0,False,control>lesion
7875,9-4-3-8-0-7,4* 5 4 3* 1 2*,6,1.0,False,control>lesion
7876,9-4-3-8-3-0,4* 5 4 3* 4 1,6,1.0,False,control>lesion
7877,9-4-3-8-7-5,4* 5 4 3* 2* 6,6,1.0,False,control>lesion
7878,9-4-5-0-3-4,4* 5 6 1 4 5,6,1.0,False,lesion>control
7879,9-4-5-1-0-1,4* 5 6 2 1 2,6,1.0,False,lesion>control
7880,9-4-5-1-8-9,4* 5 6 2 3* 4*,6,1.0,False,lesion>control
7881,9-4-5-3-4-3,4* 5 6 4 5 4,6,1.0,False,control>lesion
7882,9-4-5-4-1-0,4* 5 6 5 2 1,6,1.0,False,control>lesion
7883,9-4-5-4-3-1,4* 5 6 5 4 2,6,1.0,False,control>lesion
7884,9-4-5-4-5-8,4* 5 6 5 6 3*,6,1.0,False,lesion>control
7885,9-4-5-4-8-8,4* 5 6 5 3* 3*,6,1.0,False,lesion>control
7886,9-4-5-8-0-3,4* 5 6 3* 1 4,6,1.0,False,control>lesion
7887,9-4-8-0-7-8,4* 5 3* 1 2* 3*,6,1.0,False,lesion>control
7888,9-4-8-3-1-8,4* 5 3* 4 2 3*,6,1.0,False,lesion>control
7889,9-4-8-3-4-8,4* 5 3* 4 5 3*,6,1.0,False,lesion>control
7890,9-4-8-3-8-9,4* 5 3* 4 3* 4*,6,1.0,False,lesion>control
7891,9-4-8-7-0-3,4* 5 3* 2* 1 4,6,1.0,False,lesion>control
7892,9-4-8-7-3-4,4* 5 3* 2* 4 5,6,1.0,False,control>lesion
7893,9-4-8-7-8-7,4* 5 3* 2* 3* 2*,6,1.0,False,lesion>control
7894,9-5-3-8-7-0,4* 6 4 3* 2* 1,6,1.0,False,lesion>control
7895,9-5-4-3-0-1,4* 6 5 4 1 2,6,1.0,False,control>lesion
7896,9-5-4-3-8-0,4* 6 5 4 3* 1,6,1.0,False,control>lesion
7897,9-5-4-8-3-8,4* 6 5 3* 4 3*,6,1.0,False,control>lesion
7898,9-5-4-8-7-0,4* 6 5 3* 2* 1,6,1.0,False,lesion>control
7899,9-5-8-0-1-8,4* 6 3* 1 2 3*,6,1.0,False,control>lesion
7900,9-5-8-3-5-8,4* 6 3* 4 6 3*,6,1.0,False,lesion>control
7901,9-5-8-7-0-1,4* 6 3* 2* 1 2,6,1.0,False,lesion>control
7902,9-5-8-7-3-8,4* 6 3* 2* 4 3*,6,1.0,False,lesion>control
7903,9-5-8-7-8-5,4* 6 3* 2* 3* 6,6,1.0,False,lesion>control
7904,9-8-0-1-0-1,4* 3* 1 2 1 2,6,1.0,False,lesion>control
7905,9-8-0-3-8-7,4* 3* 1 4 3* 2*,6,1.0,False,control>lesion
7906,9-8-3-0-1-5,4* 3* 4 1 2 6,6,1.0,False,control>lesion
7907,9-8-3-1-0-8,4* 3* 4 2 1 3*,6,1.0,False,lesion>control
7908,9-8-3-1-3-8,4* 3* 4 2 4 3*,6,1.0,False,lesion>control
7909,9-8-3-1-8-5,4* 3* 4 2 3* 6,6,1.0,False,control>lesion
7910,9-8-3-4-1-8,4* 3* 4 5 2 3*,6,1.0,False,lesion>control
7911,9-8-3-4-3-1,4* 3* 4 5 4 2,6,1.0,False,lesion>control
7912,9-8-3-8-5-2,4* 3* 4 3* 6 3,6,1.0,False,lesion>control
7913,9-8-3-8-8-7,4* 3* 4 3* 3* 2*,6,1.0,False,control>lesion
7914,9-8-3-8-9-0,4* 3* 4 3* 4* 1,6,1.0,False,lesion>control
7915,9-8-4-3-8-3,4* 3* 5 4 3* 4,6,1.0,False,lesion>control
7916,9-8-4-8-0-8,4* 3* 5 3* 1 3*,6,1.0,False,lesion>control
7917,9-8-4-8-3-8,4* 3* 5 3* 4 3*,6,1.0,False,lesion>control
7918,9-8-5-3-8-3,4* 3* 6 4 3* 4,6,1.0,False,control>lesion
7919,9-8-5-4-8-7,4* 3* 6 5 3* 2*,6,1.0,False,lesion>control
7920,9-8-5-8-3-8,4* 3* 6 3* 4 3*,6,1.0,False,lesion>control
7921,9-8-7-0-1-4,4* 3* 2* 1 2 5,6,1.0,False,lesion>control
7922,9-8-7-0-8-5,4* 3* 2* 1 3* 6,6,1.0,False,lesion>control
7923,9-8-7-1-0-3,4* 3* 2* 2 1 4,6,1.0,False,lesion>control
7924,9-8-7-3-4-3,4* 3* 2* 4 5 4,6,1.0,False,lesion>control
7925,9-8-7-4-8-1,4* 3* 2* 5 3* 2,6,1.0,False,lesion>control
7926,9-8-7-8-5-1,4* 3* 2* 3* 6 2,6,1.0,False,lesion>control
7927,9-8-8-7-8-9,4* 3* 3* 2* 3* 4*,6,1.0,False,lesion>control
7928,9-8-9-0-1-8,4* 3* 4* 1 2 3*,6,1.0,False,control>lesion
7929,9-8-9-4-8-7,4* 3* 4* 5 3* 2*,6,1.0,False,lesion>control
7930,9-8-9-8-3-4,4* 3* 4* 3* 4 5,6,1.0,False,control>lesion
7931,0-0,1 1,2,1.0,False,control>lesion
7932,0-0-1,1 1 2,3,1.0,False,control>lesion
7933,0-1-1,1 2 2,3,1.0,False,lesion>control
7934,0-1-9,1 2 4*,3,1.0,False,control>lesion
7935,0-3-7,1 4 2*,3,1.0,False,control>lesion
7936,0-5-5,1 6 6,3,1.0,False,lesion>control
7937,0-5-9,1 6 4*,3,1.0,False,lesion>control
7938,0-9-0,1 4* 1,3,1.0,False,control>lesion
7939,0-9-3,1 4* 4,3,1.0,False,lesion>control
7940,0-9-4,1 4* 5,3,1.0,False,lesion>control
7941,1-0-9,2 1 4*,3,1.0,False,lesion>control
7942,1-1-3,2 2 4,3,1.0,False,control>lesion
7943,1-3-2,2 4 3,3,1.0,False,lesion>control
7944,1-3-3,2 4 4,3,1.0,False,control>lesion
7945,1-9-0,2 4* 1,3,1.0,False,lesion>control
7946,1-9-5,2 4* 6,3,1.0,False,control>lesion
7947,2-1-1,3 2 2,3,1.0,False,lesion>control
7948,2-1-9,3 2 4*,3,1.0,False,lesion>control
7949,2-4-1,3 5 2,3,1.0,False,lesion>control
7950,2-4-2,3 5 3,3,1.0,False,lesion>control
7951,2-4-5,3 5 6,3,1.0,False,lesion>control
7952,2-4-7,3 5 2*,3,1.0,False,lesion>control
7953,2-4-9,3 5 4*,3,1.0,False,lesion>control
7954,2-5-5,3 6 6,3,1.0,False,lesion>control
7955,2-8-9,3 3* 4*,3,1.0,False,lesion>control
7956,2-9-0,3 4* 1,3,1.0,False,lesion>control
7957,3-1-2,4 2 3,3,1.0,False,control>lesion
7958,3-2-8,4 3 3*,3,1.0,False,lesion>control
7959,4-0-2,5 1 3,3,1.0,False,lesion>control
7960,4-1-1,5 2 2,3,1.0,False,lesion>control
7961,4-1-2,5 2 3,3,1.0,False,control>lesion
7962,4-2-4,5 3 5,3,1.0,False,lesion>control
7963,4-3-3,5 4 4,3,1.0,False,control>lesion
7964,4-5-9,5 6 4*,3,1.0,False,lesion>control
7965,4-7-3,5 2* 4,3,1.0,False,lesion>control
7966,4-7-8,5 2* 3*,3,1.0,False,lesion>control
7967,4-9-2,5 4* 3,3,1.0,False,lesion>control
7968,5-1-1,6 2 2,3,1.0,False,control>lesion
7969,5-1-9,6 2 4*,3,1.0,False,control>lesion
7970,5-4-7,6 5 2*,3,1.0,False,lesion>control
7971,5-5-0,6 6 1,3,1.0,False,lesion>control
7972,5-5-8,6 6 3*,3,1.0,False,lesion>control
7973,5-7-0,6 2* 1,3,1.0,False,lesion>control
7974,5-9-0,6 4* 1,3,1.0,False,lesion>control
7975,5-9-1,6 4* 2,3,1.0,False,lesion>control
7976,5-9-5,6 4* 6,3,1.0,False,control>lesion
7977,7-1-3,2* 2 4,3,1.0,False,lesion>control
7978,7-1-5,2* 2 6,3,1.0,False,control>lesion
7979,7-2-0,2* 3 1,3,1.0,False,lesion>control
7980,7-2-1,2* 3 2,3,1.0,False,lesion>control
7981,7-2-4,2* 3 5,3,1.0,False,lesion>control
7982,7-5-1,2* 6 2,3,1.0,False,lesion>control
7983,8-0-0,3* 1 1,3,1.0,False,control>lesion
7984,8-1-1,3* 2 2,3,1.0,False,control>lesion
7985,9-1-4,4* 2 5,3,1.0,False,control>lesion
7986,9-2-8,4* 3 3*,3,1.0,False,control>lesion
7987,0-0-1-0,1 1 2 1,4,1.0,False,control>lesion
7988,0-1-1-8,1 2 2 3*,4,1.0,False,lesion>control
7989,0-1-2-0,1 2 3 1,4,1.0,False,lesion>control
7990,0-1-2-4,1 2 3 5,4,1.0,False,lesion>control
7991,0-1-5-2,1 2 6 3,4,1.0,False,lesion>control
7992,0-1-8-8,1 2 3* 3*,4,1.0,False,lesion>control
7993,0-1-9-5,1 2 4* 6,4,1.0,False,control>lesion
7994,0-2-0-9,1 3 1 4*,4,1.0,False,control>lesion
7995,0-2-1-2,1 3 2 3,4,1.0,False,lesion>control
7996,0-2-1-3,1 3 2 4,4,1.0,False,control>lesion
7997,0-2-1-4,1 3 2 5,4,1.0,False,lesion>control
7998,0-2-3-1,1 3 4 2,4,1.0,False,lesion>control
7999,0-2-3-2,1 3 4 3,4,1.0,False,control>lesion
8000,0-2-5-1,1 3 6 2,4,1.0,False,control>lesion
8001,0-2-5-5,1 3 6 6,4,1.0,False,lesion>control
8002,0-2-7-3,1 3 2* 4,4,1.0,False,control>lesion
8003,0-2-9-0,1 3 4* 1,4,1.0,False,lesion>control
8004,0-3-2-0,1 4 3 1,4,1.0,False,lesion>control
8005,0-3-2-1,1 4 3 2,4,1.0,False,control>lesion
8006,0-3-7-0,1 4 2* 1,4,1.0,False,control>lesion
8007,0-3-8-8,1 4 3* 3*,4,1.0,False,control>lesion
8008,0-4-0-4,1 5 1 5,4,1.0,False,lesion>control
8009,0-4-1-2,1 5 2 3,4,1.0,False,control>lesion
8010,0-4-1-5,1 5 2 6,4,1.0,False,lesion>control
8011,0-4-1-8,1 5 2 3*,4,1.0,False,control>lesion
8012,0-4-2-0,1 5 3 1,4,1.0,False,lesion>control
8013,0-4-2-1,1 5 3 2,4,1.0,False,lesion>control
8014,0-4-2-3,1 5 3 4,4,1.0,False,lesion>control
8015,0-4-3-0,1 5 4 1,4,1.0,False,lesion>control
8016,0-4-3-1,1 5 4 2,4,1.0,False,control>lesion
8017,0-4-3-2,1 5 4 3,4,1.0,False,lesion>control
8018,0-4-3-4,1 5 4 5,4,1.0,False,lesion>control
8019,0-4-3-5,1 5 4 6,4,1.0,False,control>lesion
8020,0-4-8-4,1 5 3* 5,4,1.0,False,control>lesion
8021,0-5-1-2,1 6 2 3,4,1.0,False,control>lesion
8022,0-5-1-4,1 6 2 5,4,1.0,False,control>lesion
8023,0-5-2-1,1 6 3 2,4,1.0,False,lesion>control
8024,0-5-2-3,1 6 3 4,4,1.0,False,control>lesion
8025,0-5-2-4,1 6 3 5,4,1.0,False,lesion>control
8026,0-5-2-7,1 6 3 2*,4,1.0,False,lesion>control
8027,0-5-2-9,1 6 3 4*,4,1.0,False,control>lesion
8028,0-5-4-2,1 6 5 3,4,1.0,False,lesion>control
8029,0-5-5-0,1 6 6 1,4,1.0,False,lesion>control
8030,0-5-9-0,1 6 4* 1,4,1.0,False,lesion>control
8031,0-7-0-3,1 2* 1 4,4,1.0,False,lesion>control
8032,0-7-0-4,1 2* 1 5,4,1.0,False,lesion>control
8033,0-7-0-8,1 2* 1 3*,4,1.0,False,control>lesion
8034,0-7-3-1,1 2* 4 2,4,1.0,False,control>lesion
8035,0-7-5-8,1 2* 6 3*,4,1.0,False,lesion>control
8036,0-7-8-4,1 2* 3* 5,4,1.0,False,lesion>control
8037,0-8-0-7,1 3* 1 2*,4,1.0,False,control>lesion
8038,0-8-0-9,1 3* 1 4*,4,1.0,False,control>lesion
8039,0-8-1-2,1 3* 2 3,4,1.0,False,lesion>control
8040,0-8-1-9,1 3* 2 4*,4,1.0,False,lesion>control
8041,0-8-4-0,1 3* 5 1,4,1.0,False,control>lesion
8042,0-8-4-2,1 3* 5 3,4,1.0,False,control>lesion
8043,0-8-4-7,1 3* 5 2*,4,1.0,False,lesion>control
8044,0-8-5-9,1 3* 6 4*,4,1.0,False,control>lesion
8045,0-8-9-0,1 3* 4* 1,4,1.0,False,lesion>control
8046,0-9-0-1,1 4* 1 2,4,1.0,False,control>lesion
8047,0-9-1-3,1 4* 2 4,4,1.0,False,lesion>control
8048,0-9-3-0,1 4* 4 1,4,1.0,False,lesion>control
8049,0-9-4-0,1 4* 5 1,4,1.0,False,lesion>control
8050,0-9-5-0,1 4* 6 1,4,1.0,False,lesion>control
8051,0-9-5-3,1 4* 6 4,4,1.0,False,lesion>control
8052,0-9-8-0,1 4* 3* 1,4,1.0,False,lesion>control
8053,0-9-8-8,1 4* 3* 3*,4,1.0,False,control>lesion
8054,1-0-2-0,2 1 3 1,4,1.0,False,lesion>control
8055,1-0-2-9,2 1 3 4*,4,1.0,False,lesion>control
8056,1-0-5-2,2 1 6 3,4,1.0,False,lesion>control
8057,1-0-9-8,2 1 4* 3*,4,1.0,False,lesion>control
8058,1-1-0-1,2 2 1 2,4,1.0,False,lesion>control
8059,1-1-0-8,2 2 1 3*,4,1.0,False,lesion>control
8060,1-1-3-0,2 2 4 1,4,1.0,False,control>lesion
8061,1-1-8-5,2 2 3* 6,4,1.0,False,lesion>control
8062,1-1-8-9,2 2 3* 4*,4,1.0,False,control>lesion
8063,1-2-0-1,2 3 1 2,4,1.0,False,control>lesion
8064,1-2-0-2,2 3 1 3,4,1.0,False,control>lesion
8065,1-2-0-3,2 3 1 4,4,1.0,False,control>lesion
8066,1-2-0-5,2 3 1 6,4,1.0,False,lesion>control
8067,1-2-1-3,2 3 2 4,4,1.0,False,lesion>control
8068,1-2-1-4,2 3 2 5,4,1.0,False,control>lesion
8069,1-2-1-5,2 3 2 6,4,1.0,False,control>lesion
8070,1-2-4-5,2 3 5 6,4,1.0,False,lesion>control
8071,1-2-5-1,2 3 6 2,4,1.0,False,lesion>control
8072,1-2-5-3,2 3 6 4,4,1.0,False,lesion>control
8073,1-2-5-4,2 3 6 5,4,1.0,False,control>lesion
8074,1-2-5-8,2 3 6 3*,4,1.0,False,lesion>control
8075,1-2-8-5,2 3 3* 6,4,1.0,False,control>lesion
8076,1-2-8-7,2 3 3* 2*,4,1.0,False,lesion>control
8077,1-2-9-5,2 3 4* 6,4,1.0,False,control>lesion
8078,1-3-2-1,2 4 3 2,4,1.0,False,lesion>control
8079,1-3-3-8,2 4 4 3*,4,1.0,False,control>lesion
8080,1-4-0-4,2 5 1 5,4,1.0,False,lesion>control
8081,1-4-0-8,2 5 1 3*,4,1.0,False,lesion>control
8082,1-4-1-0,2 5 2 1,4,1.0,False,lesion>control
8083,1-4-1-8,2 5 2 3*,4,1.0,False,control>lesion
8084,1-4-3-0,2 5 4 1,4,1.0,False,control>lesion
8085,1-4-3-5,2 5 4 6,4,1.0,False,lesion>control
8086,1-4-8-3,2 5 3* 4,4,1.0,False,lesion>control
8087,1-5-0-4,2 6 1 5,4,1.0,False,lesion>control
8088,1-5-0-9,2 6 1 4*,4,1.0,False,control>lesion
8089,1-5-1-2,2 6 2 3,4,1.0,False,control>lesion
8090,1-5-2-1,2 6 3 2,4,1.0,False,lesion>control
8091,1-5-2-3,2 6 3 4,4,1.0,False,lesion>control
8092,1-5-2-5,2 6 3 6,4,1.0,False,control>lesion
8093,1-5-2-9,2 6 3 4*,4,1.0,False,lesion>control
8094,1-5-4-9,2 6 5 4*,4,1.0,False,lesion>control
8095,1-5-8-8,2 6 3* 3*,4,1.0,False,lesion>control
8096,1-8-0-0,2 3* 1 1,4,1.0,False,control>lesion
8097,1-8-1-9,2 3* 2 4*,4,1.0,False,lesion>control
8098,1-8-4-1,2 3* 5 2,4,1.0,False,lesion>control
8099,1-8-4-9,2 3* 5 4*,4,1.0,False,control>lesion
8100,1-8-8-5,2 3* 3* 6,4,1.0,False,control>lesion
8101,1-8-9-2,2 3* 4* 3,4,1.0,False,lesion>control
8102,1-9-0-8,2 4* 1 3*,4,1.0,False,lesion>control
8103,1-9-5-8,2 4* 6 3*,4,1.0,False,control>lesion
8104,1-9-8-3,2 4* 3* 4,4,1.0,False,control>lesion
8105,1-9-8-9,2 4* 3* 4*,4,1.0,False,lesion>control
8106,2-0-1-3,3 1 2 4,4,1.0,False,lesion>control
8107,2-0-1-5,3 1 2 6,4,1.0,False,control>lesion
8108,2-0-1-8,3 1 2 3*,4,1.0,False,control>lesion
8109,2-0-2-7,3 1 3 2*,4,1.0,False,lesion>control
8110,2-0-3-0,3 1 4 1,4,1.0,False,control>lesion
8111,2-0-3-2,3 1 4 3,4,1.0,False,lesion>control
8112,2-0-3-4,3 1 4 5,4,1.0,False,control>lesion
8113,2-0-4-1,3 1 5 2,4,1.0,False,control>lesion
8114,2-0-4-2,3 1 5 3,4,1.0,False,lesion>control
8115,2-0-4-5,3 1 5 6,4,1.0,False,lesion>control
8116,2-0-5-1,3 1 6 2,4,1.0,False,lesion>control
8117,2-0-5-4,3 1 6 5,4,1.0,False,lesion>control
8118,2-0-5-9,3 1 6 4*,4,1.0,False,lesion>control
8119,2-1-0-2,3 2 1 3,4,1.0,False,lesion>control
8120,2-1-1-0,3 2 2 1,4,1.0,False,lesion>control
8121,2-1-2-0,3 2 3 1,4,1.0,False,control>lesion
8122,2-1-2-3,3 2 3 4,4,1.0,False,lesion>control
8123,2-1-2-4,3 2 3 5,4,1.0,False,lesion>control
8124,2-1-3-1,3 2 4 2,4,1.0,False,lesion>control
8125,2-1-3-2,3 2 4 3,4,1.0,False,lesion>control
8126,2-1-3-5,3 2 4 6,4,1.0,False,control>lesion
8127,2-1-4-2,3 2 5 3,4,1.0,False,control>lesion
8128,2-1-4-3,3 2 5 4,4,1.0,False,lesion>control
8129,2-1-5-1,3 2 6 2,4,1.0,False,control>lesion
8130,2-1-5-2,3 2 6 3,4,1.0,False,lesion>control
8131,2-1-9-8,3 2 4* 3*,4,1.0,False,lesion>control
8132,2-3-0-2,3 4 1 3,4,1.0,False,control>lesion
8133,2-3-0-5,3 4 1 6,4,1.0,False,control>lesion
8134,2-3-1-0,3 4 2 1,4,1.0,False,lesion>control
8135,2-3-1-3,3 4 2 4,4,1.0,False,lesion>control
8136,2-3-1-8,3 4 2 3*,4,1.0,False,lesion>control
8137,2-3-4-2,3 4 5 3,4,1.0,False,lesion>control
8138,2-3-5-1,3 4 6 2,4,1.0,False,lesion>control
8139,2-3-8-0,3 4 3* 1,4,1.0,False,lesion>control
8140,2-3-8-1,3 4 3* 2,4,1.0,False,lesion>control
8141,2-4-1-1,3 5 2 2,4,1.0,False,lesion>control
8142,2-4-2-1,3 5 3 2,4,1.0,False,lesion>control
8143,2-4-3-0,3 5 4 1,4,1.0,False,control>lesion
8144,2-4-5-1,3 5 6 2,4,1.0,False,lesion>control
8145,2-4-7-3,3 5 2* 4,4,1.0,False,lesion>control
8146,2-4-8-0,3 5 3* 1,4,1.0,False,lesion>control
8147,2-4-8-5,3 5 3* 6,4,1.0,False,control>lesion
8148,2-4-8-7,3 5 3* 2*,4,1.0,False,lesion>control
8149,2-4-9-8,3 5 4* 3*,4,1.0,False,lesion>control
8150,2-5-0-4,3 6 1 5,4,1.0,False,lesion>control
8151,2-5-1-0,3 6 2 1,4,1.0,False,lesion>control
8152,2-5-1-2,3 6 2 3,4,1.0,False,control>lesion
8153,2-5-2-3,3 6 3 4,4,1.0,False,lesion>control
8154,2-5-2-8,3 6 3 3*,4,1.0,False,lesion>control
8155,2-5-3-2,3 6 4 3,4,1.0,False,control>lesion
8156,2-5-3-4,3 6 4 5,4,1.0,False,control>lesion
8157,2-5-3-7,3 6 4 2*,4,1.0,False,lesion>control
8158,2-5-4-3,3 6 5 4,4,1.0,False,lesion>control
8159,2-5-5-8,3 6 6 3*,4,1.0,False,lesion>control
8160,2-5-7-8,3 6 2* 3*,4,1.0,False,lesion>control
8161,2-5-8-0,3 6 3* 1,4,1.0,False,lesion>control
8162,2-5-8-3,3 6 3* 4,4,1.0,False,lesion>control
8163,2-5-8-5,3 6 3* 6,4,1.0,False,lesion>control
8164,2-5-8-9,3 6 3* 4*,4,1.0,False,control>lesion
8165,2-7-3-4,3 2* 4 5,4,1.0,False,lesion>control
8166,2-7-3-5,3 2* 4 6,4,1.0,False,control>lesion
8167,2-7-5-0,3 2* 6 1,4,1.0,False,lesion>control
8168,2-7-5-4,3 2* 6 5,4,1.0,False,lesion>control
8169,2-7-8-0,3 2* 3* 1,4,1.0,False,lesion>control
8170,2-7-8-5,3 2* 3* 6,4,1.0,False,lesion>control
8171,2-8-5-0,3 3* 6 1,4,1.0,False,control>lesion
8172,2-8-5-3,3 3* 6 4,4,1.0,False,lesion>control
8173,2-8-7-0,3 3* 2* 1,4,1.0,False,control>lesion
8174,2-8-7-8,3 3* 2* 3*,4,1.0,False,control>lesion
8175,2-8-9-8,3 3* 4* 3*,4,1.0,False,lesion>control
8176,2-9-0-8,3 4* 1 3*,4,1.0,False,lesion>control
8177,2-9-8-8,3 4* 3* 3*,4,1.0,False,lesion>control
8178,3-0-1-2,4 1 2 3,4,1.0,False,lesion>control
8179,3-0-2-3,4 1 3 4,4,1.0,False,control>lesion
8180,3-0-2-5,4 1 3 6,4,1.0,False,control>lesion
8181,3-0-3-2,4 1 4 3,4,1.0,False,lesion>control
8182,3-0-7-0,4 1 2* 1,4,1.0,False,lesion>control
8183,3-0-7-4,4 1 2* 5,4,1.0,False,control>lesion
8184,3-0-7-5,4 1 2* 6,4,1.0,False,lesion>control
8185,3-0-7-8,4 1 2* 3*,4,1.0,False,lesion>control
8186,3-0-8-9,4 1 3* 4*,4,1.0,False,control>lesion
8187,3-1-2-3,4 2 3 4,4,1.0,False,control>lesion
8188,3-1-5-3,4 2 6 4,4,1.0,False,control>lesion
8189,3-1-5-4,4 2 6 5,4,1.0,False,lesion>control
8190,3-1-8-8,4 2 3* 3*,4,1.0,False,control>lesion
8191,3-2-0-3,4 3 1 4,4,1.0,False,lesion>control
8192,3-2-3-8,4 3 4 3*,4,1.0,False,lesion>control
8193,3-2-4-2,4 3 5 3,4,1.0,False,lesion>control
8194,3-2-4-3,4 3 5 4,4,1.0,False,lesion>control
8195,3-2-4-8,4 3 5 3*,4,1.0,False,lesion>control
8196,3-2-5-0,4 3 6 1,4,1.0,False,lesion>control
8197,3-2-5-4,4 3 6 5,4,1.0,False,control>lesion
8198,3-2-5-7,4 3 6 2*,4,1.0,False,lesion>control
8199,3-2-7-4,4 3 2* 5,4,1.0,False,lesion>control
8200,3-2-7-5,4 3 2* 6,4,1.0,False,lesion>control
8201,3-2-8-7,4 3 3* 2*,4,1.0,False,lesion>control
8202,3-3-4-1,4 4 5 2,4,1.0,False,lesion>control
8203,3-3-4-3,4 4 5 4,4,1.0,False,lesion>control
8204,3-3-4-5,4 4 5 6,4,1.0,False,control>lesion
8205,3-3-5-3,4 4 6 4,4,1.0,False,control>lesion
8206,3-3-5-4,4 4 6 5,4,1.0,False,lesion>control
8207,3-3-5-8,4 4 6 3*,4,1.0,False,control>lesion
8208,3-3-8-0,4 4 3* 1,4,1.0,False,control>lesion
8209,3-3-8-4,4 4 3* 5,4,1.0,False,lesion>control
8210,3-3-8-5,4 4 3* 6,4,1.0,False,control>lesion
8211,3-4-2-1,4 5 3 2,4,1.0,False,lesion>control
8212,3-4-2-7,4 5 3 2*,4,1.0,False,lesion>control
8213,3-4-3-3,4 5 4 4,4,1.0,False,control>lesion
8214,3-4-8-1,4 5 3* 2,4,1.0,False,control>lesion
8215,3-4-8-4,4 5 3* 5,4,1.0,False,control>lesion
8216,3-4-8-8,4 5 3* 3*,4,1.0,False,control>lesion
8217,3-5-1-1,4 6 2 2,4,1.0,False,control>lesion
8218,3-5-2-5,4 6 3 6,4,1.0,False,lesion>control
8219,3-7-0-1,4 2* 1 2,4,1.0,False,control>lesion
8220,3-7-0-3,4 2* 1 4,4,1.0,False,control>lesion
8221,3-7-3-1,4 2* 4 2,4,1.0,False,lesion>control
8222,3-7-3-8,4 2* 4 3*,4,1.0,False,lesion>control
8223,3-7-8-1,4 2* 3* 2,4,1.0,False,lesion>control
8224,3-7-8-9,4 2* 3* 4*,4,1.0,False,lesion>control
8225,3-8-0-9,4 3* 1 4*,4,1.0,False,control>lesion
8226,3-8-4-1,4 3* 5 2,4,1.0,False,lesion>control
8227,3-8-4-7,4 3* 5 2*,4,1.0,False,lesion>control
8228,3-8-7-1,4 3* 2* 2,4,1.0,False,lesion>control
8229,3-8-8-5,4 3* 3* 6,4,1.0,False,lesion>control
8230,3-8-8-9,4 3* 3* 4*,4,1.0,False,control>lesion
8231,3-8-9-4,4 3* 4* 5,4,1.0,False,lesion>control
8232,3-8-9-5,4 3* 4* 6,4,1.0,False,control>lesion
8233,4-0-2-5,5 1 3 6,4,1.0,False,lesion>control
8234,4-0-3-4,5 1 4 5,4,1.0,False,control>lesion
8235,4-0-4-0,5 1 5 1,4,1.0,False,lesion>control
8236,4-0-4-3,5 1 5 4,4,1.0,False,lesion>control
8237,4-0-4-5,5 1 5 6,4,1.0,False,lesion>control
8238,4-0-4-8,5 1 5 3*,4,1.0,False,control>lesion
8239,4-0-5-2,5 1 6 3,4,1.0,False,control>lesion
8240,4-1-1-0,5 2 2 1,4,1.0,False,lesion>control
8241,4-1-2-4,5 2 3 5,4,1.0,False,control>lesion
8242,4-1-3-5,5 2 4 6,4,1.0,False,control>lesion
8243,4-1-4-0,5 2 5 1,4,1.0,False,lesion>control
8244,4-1-4-1,5 2 5 2,4,1.0,False,lesion>control
8245,4-1-4-2,5 2 5 3,4,1.0,False,lesion>control
8246,4-1-4-8,5 2 5 3*,4,1.0,False,lesion>control
8247,4-1-5-1,5 2 6 2,4,1.0,False,lesion>control
8248,4-1-5-2,5 2 6 3,4,1.0,False,control>lesion
8249,4-1-5-8,5 2 6 3*,4,1.0,False,lesion>control
8250,4-2-0-8,5 3 1 3*,4,1.0,False,control>lesion
8251,4-2-1-1,5 3 2 2,4,1.0,False,lesion>control
8252,4-2-1-2,5 3 2 3,4,1.0,False,lesion>control
8253,4-2-1-9,5 3 2 4*,4,1.0,False,lesion>control
8254,4-2-3-2,5 3 4 3,4,1.0,False,lesion>control
8255,4-2-3-8,5 3 4 3*,4,1.0,False,control>lesion
8256,4-2-4-9,5 3 5 4*,4,1.0,False,lesion>control
8257,4-2-5-3,5 3 6 4,4,1.0,False,lesion>control
8258,4-2-5-8,5 3 6 3*,4,1.0,False,control>lesion
8259,4-2-7-0,5 3 2* 1,4,1.0,False,lesion>control
8260,4-2-7-4,5 3 2* 5,4,1.0,False,lesion>control
8261,4-2-9-1,5 3 4* 2,4,1.0,False,control>lesion
8262,4-3-0-4,5 4 1 5,4,1.0,False,lesion>control
8263,4-3-1-3,5 4 2 4,4,1.0,False,lesion>control
8264,4-3-1-4,5 4 2 5,4,1.0,False,control>lesion
8265,4-3-2-5,5 4 3 6,4,1.0,False,lesion>control
8266,4-3-3-4,5 4 4 5,4,1.0,False,control>lesion
8267,4-3-4-1,5 4 5 2,4,1.0,False,control>lesion
8268,4-3-8-9,5 4 3* 4*,4,1.0,False,control>lesion
8269,4-5-0-9,5 6 1 4*,4,1.0,False,lesion>control
8270,4-5-1-2,5 6 2 3,4,1.0,False,lesion>control
8271,4-5-1-4,5 6 2 5,4,1.0,False,lesion>control
8272,4-5-2-8,5 6 3 3*,4,1.0,False,control>lesion
8273,4-5-9-4,5 6 4* 5,4,1.0,False,lesion>control
8274,4-7-0-3,5 2* 1 4,4,1.0,False,lesion>control
8275,4-7-0-5,5 2* 1 6,4,1.0,False,lesion>control
8276,4-7-3-8,5 2* 4 3*,4,1.0,False,lesion>control
8277,4-7-8-1,5 2* 3* 2,4,1.0,False,lesion>control
8278,4-8-1-9,5 3* 2 4*,4,1.0,False,lesion>control
8279,4-8-4-2,5 3* 5 3,4,1.0,False,control>lesion
8280,4-8-5-0,5 3* 6 1,4,1.0,False,control>lesion
8281,4-8-8-0,5 3* 3* 1,4,1.0,False,control>lesion
8282,4-8-8-9,5 3* 3* 4*,4,1.0,False,lesion>control
8283,4-9-2-1,5 4* 3 2,4,1.0,False,lesion>control
8284,4-9-8-3,5 4* 3* 4,4,1.0,False,control>lesion
8285,4-9-8-5,5 4* 3* 6,4,1.0,False,lesion>control
8286,5-0-1-2,6 1 2 3,4,1.0,False,lesion>control
8287,5-0-2-7,6 1 3 2*,4,1.0,False,control>lesion
8288,5-0-2-9,6 1 3 4*,4,1.0,False,control>lesion
8289,5-0-3-2,6 1 4 3,4,1.0,False,lesion>control
8290,5-0-4-2,6 1 5 3,4,1.0,False,lesion>control
8291,5-0-5-2,6 1 6 3,4,1.0,False,lesion>control
8292,5-0-5-5,6 1 6 6,4,1.0,False,lesion>control
8293,5-0-7-3,6 1 2* 4,4,1.0,False,lesion>control
8294,5-0-7-5,6 1 2* 6,4,1.0,False,lesion>control
8295,5-0-7-8,6 1 2* 3*,4,1.0,False,lesion>control
8296,5-0-9-1,6 1 4* 2,4,1.0,False,control>lesion
8297,5-0-9-4,6 1 4* 5,4,1.0,False,lesion>control
8298,5-1-1-3,6 2 2 4,4,1.0,False,control>lesion
8299,5-1-2-5,6 2 3 6,4,1.0,False,lesion>control
8300,5-1-2-8,6 2 3 3*,4,1.0,False,control>lesion
8301,5-1-3-3,6 2 4 4,4,1.0,False,control>lesion
8302,5-1-4-0,6 2 5 1,4,1.0,False,control>lesion
8303,5-1-4-8,6 2 5 3*,4,1.0,False,lesion>control
8304,5-1-5-2,6 2 6 3,4,1.0,False,lesion>control
8305,5-1-8-3,6 2 3* 4,4,1.0,False,control>lesion
8306,5-1-8-4,6 2 3* 5,4,1.0,False,lesion>control
8307,5-1-8-7,6 2 3* 2*,4,1.0,False,control>lesion
8308,5-1-8-8,6 2 3* 3*,4,1.0,False,control>lesion
8309,5-1-9-8,6 2 4* 3*,4,1.0,False,control>lesion
8310,5-2-1-4,6 3 2 5,4,1.0,False,lesion>control
8311,5-2-3-1,6 3 4 2,4,1.0,False,lesion>control
8312,5-2-3-2,6 3 4 3,4,1.0,False,lesion>control
8313,5-2-3-5,6 3 4 6,4,1.0,False,lesion>control
8314,5-2-4-1,6 3 5 2,4,1.0,False,lesion>control
8315,5-2-4-7,6 3 5 2*,4,1.0,False,lesion>control
8316,5-2-5-3,6 3 6 4,4,1.0,False,control>lesion
8317,5-2-5-8,6 3 6 3*,4,1.0,False,lesion>control
8318,5-2-7-4,6 3 2* 5,4,1.0,False,control>lesion
8319,5-2-8-5,6 3 3* 6,4,1.0,False,lesion>control
8320,5-2-8-7,6 3 3* 2*,4,1.0,False,control>lesion
8321,5-2-8-9,6 3 3* 4*,4,1.0,False,lesion>control
8322,5-3-1-2,6 4 2 3,4,1.0,False,control>lesion
8323,5-3-1-4,6 4 2 5,4,1.0,False,control>lesion
8324,5-3-2-0,6 4 3 1,4,1.0,False,lesion>control
8325,5-3-2-7,6 4 3 2*,4,1.0,False,control>lesion
8326,5-3-7-0,6 4 2* 1,4,1.0,False,control>lesion
8327,5-3-7-8,6 4 2* 3*,4,1.0,False,lesion>control
8328,5-3-8-8,6 4 3* 3*,4,1.0,False,lesion>control
8329,5-4-1-4,6 5 2 5,4,1.0,False,lesion>control
8330,5-4-2-5,6 5 3 6,4,1.0,False,lesion>control
8331,5-4-2-7,6 5 3 2*,4,1.0,False,lesion>control
8332,5-4-3-2,6 5 4 3,4,1.0,False,lesion>control
8333,5-4-5-2,6 5 6 3,4,1.0,False,control>lesion
8334,5-4-7-0,6 5 2* 1,4,1.0,False,lesion>control
8335,5-4-9-2,6 5 4* 3,4,1.0,False,lesion>control
8336,5-5-0-5,6 6 1 6,4,1.0,False,lesion>control
8337,5-5-8-9,6 6 3* 4*,4,1.0,False,lesion>control
8338,5-7-0-3,6 2* 1 4,4,1.0,False,lesion>control
8339,5-7-8-5,6 2* 3* 6,4,1.0,False,lesion>control
8340,5-7-8-9,6 2* 3* 4*,4,1.0,False,control>lesion
8341,5-8-3-3,6 3* 4 4,4,1.0,False,control>lesion
8342,5-8-4-0,6 3* 5 1,4,1.0,False,lesion>control
8343,5-8-4-1,6 3* 5 2,4,1.0,False,control>lesion
8344,5-8-7-1,6 3* 2* 2,4,1.0,False,lesion>control
8345,5-8-8-7,6 3* 3* 2*,4,1.0,False,control>lesion
8346,5-9-0-8,6 4* 1 3*,4,1.0,False,lesion>control
8347,5-9-1-5,6 4* 2 6,4,1.0,False,lesion>control
8348,5-9-4-3,6 4* 5 4,4,1.0,False,lesion>control
8349,5-9-5-1,6 4* 6 2,4,1.0,False,control>lesion
8350,7-0-1-1,2* 1 2 2,4,1.0,False,lesion>control
8351,7-0-3-0,2* 1 4 1,4,1.0,False,lesion>control
8352,7-0-3-2,2* 1 4 3,4,1.0,False,control>lesion
8353,7-0-4-0,2* 1 5 1,4,1.0,False,lesion>control
8354,7-1-0-8,2* 2 1 3*,4,1.0,False,control>lesion
8355,7-1-3-4,2* 2 4 5,4,1.0,False,lesion>control
8356,7-1-5-8,2* 2 6 3*,4,1.0,False,control>lesion
8357,7-1-8-0,2* 2 3* 1,4,1.0,False,lesion>control
8358,7-1-8-9,2* 2 3* 4*,4,1.0,False,control>lesion
8359,7-2-0-2,2* 3 1 3,4,1.0,False,lesion>control
8360,7-2-1-8,2* 3 2 3*,4,1.0,False,lesion>control
8361,7-2-4-3,2* 3 5 4,4,1.0,False,lesion>control
8362,7-3-0-5,2* 4 1 6,4,1.0,False,control>lesion
8363,7-3-0-8,2* 4 1 3*,4,1.0,False,lesion>control
8364,7-4-0-1,2* 5 1 2,4,1.0,False,control>lesion
8365,7-4-1-3,2* 5 2 4,4,1.0,False,lesion>control
8366,7-4-1-8,2* 5 2 3*,4,1.0,False,control>lesion
8367,7-4-3-4,2* 5 4 5,4,1.0,False,lesion>control
8368,7-4-5-0,2* 5 6 1,4,1.0,False,control>lesion
8369,7-4-5-1,2* 5 6 2,4,1.0,False,lesion>control
8370,7-4-5-8,2* 5 6 3*,4,1.0,False,control>lesion
8371,7-4-8-0,2* 5 3* 1,4,1.0,False,lesion>control
8372,7-4-8-3,2* 5 3* 4,4,1.0,False,lesion>control
8373,7-4-8-5,2* 5 3* 6,4,1.0,False,lesion>control
8374,7-4-8-7,2* 5 3* 2*,4,1.0,False,control>lesion
8375,7-5-1-5,2* 6 2 6,4,1.0,False,lesion>control
8376,7-5-3-2,2* 6 4 3,4,1.0,False,control>lesion
8377,7-5-3-4,2* 6 4 5,4,1.0,False,lesion>control
8378,7-5-4-1,2* 6 5 2,4,1.0,False,control>lesion
8379,7-8-1-1,2* 3* 2 2,4,1.0,False,control>lesion
8380,7-8-1-9,2* 3* 2 4*,4,1.0,False,control>lesion
8381,7-8-3-8,2* 3* 4 3*,4,1.0,False,control>lesion
8382,7-8-4-0,2* 3* 5 1,4,1.0,False,lesion>control
8383,7-8-5-0,2* 3* 6 1,4,1.0,False,lesion>control
8384,7-8-5-7,2* 3* 6 2*,4,1.0,False,lesion>control
8385,7-8-7-5,2* 3* 2* 6,4,1.0,False,lesion>control
8386,7-8-9-2,2* 3* 4* 3,4,1.0,False,control>lesion
8387,8-0-0-1,3* 1 1 2,4,1.0,False,control>lesion
8388,8-0-1-9,3* 1 2 4*,4,1.0,False,control>lesion
8389,8-0-3-7,3* 1 4 2*,4,1.0,False,control>lesion
8390,8-0-4-0,3* 1 5 1,4,1.0,False,control>lesion
8391,8-0-4-3,3* 1 5 4,4,1.0,False,lesion>control
8392,8-0-7-4,3* 1 2* 5,4,1.0,False,control>lesion
8393,8-0-7-5,3* 1 2* 6,4,1.0,False,control>lesion
8394,8-0-9-0,3* 1 4* 1,4,1.0,False,control>lesion
8395,8-0-9-3,3* 1 4* 4,4,1.0,False,lesion>control
8396,8-1-0-9,3* 2 1 4*,4,1.0,False,lesion>control
8397,8-1-1-8,3* 2 2 3*,4,1.0,False,control>lesion
8398,8-1-2-8,3* 2 3 3*,4,1.0,False,lesion>control
8399,8-1-4-1,3* 2 5 2,4,1.0,False,lesion>control
8400,8-1-9-0,3* 2 4* 1,4,1.0,False,lesion>control
8401,8-3-0-2,3* 4 1 3,4,1.0,False,control>lesion
8402,8-3-1-4,3* 4 2 5,4,1.0,False,lesion>control
8403,8-3-2-8,3* 4 3 3*,4,1.0,False,lesion>control
8404,8-3-4-2,3* 4 5 3,4,1.0,False,lesion>control
8405,8-3-7-8,3* 4 2* 3*,4,1.0,False,lesion>control
8406,8-4-0-2,3* 5 1 3,4,1.0,False,lesion>control
8407,8-4-1-3,3* 5 2 4,4,1.0,False,lesion>control
8408,8-4-2-4,3* 5 3 5,4,1.0,False,lesion>control
8409,8-4-2-5,3* 5 3 6,4,1.0,False,control>lesion
8410,8-4-3-0,3* 5 4 1,4,1.0,False,lesion>control
8411,8-4-3-2,3* 5 4 3,4,1.0,False,control>lesion
8412,8-4-3-4,3* 5 4 5,4,1.0,False,control>lesion
8413,8-4-3-5,3* 5 4 6,4,1.0,False,control>lesion
8414,8-4-5-9,3* 5 6 4*,4,1.0,False,lesion>control
8415,8-4-7-0,3* 5 2* 1,4,1.0,False,lesion>control
8416,8-4-7-8,3* 5 2* 3*,4,1.0,False,lesion>control
8417,8-5-1-4,3* 6 2 5,4,1.0,False,lesion>control
8418,8-5-1-9,3* 6 2 4*,4,1.0,False,control>lesion
8419,8-5-2-8,3* 6 3 3*,4,1.0,False,lesion>control
8420,8-5-3-2,3* 6 4 3,4,1.0,False,control>lesion
8421,8-5-3-4,3* 6 4 5,4,1.0,False,control>lesion
8422,8-5-3-7,3* 6 4 2*,4,1.0,False,control>lesion
8423,8-5-4-7,3* 6 5 2*,4,1.0,False,lesion>control
8424,8-5-7-0,3* 6 2* 1,4,1.0,False,lesion>control
8425,8-5-9-1,3* 6 4* 2,4,1.0,False,lesion>control
8426,8-5-9-5,3* 6 4* 6,4,1.0,False,control>lesion
8427,8-7-1-3,3* 2* 2 4,4,1.0,False,lesion>control
8428,8-7-1-5,3* 2* 2 6,4,1.0,False,control>lesion
8429,8-7-2-0,3* 2* 3 1,4,1.0,False,lesion>control
8430,8-7-2-1,3* 2* 3 2,4,1.0,False,lesion>control
8431,8-7-2-4,3* 2* 3 5,4,1.0,False,lesion>control
8432,8-7-5-0,3* 2* 6 1,4,1.0,False,control>lesion
8433,8-7-5-1,3* 2* 6 2,4,1.0,False,lesion>control
8434,8-8-0-4,3* 3* 1 5,4,1.0,False,lesion>control
8435,8-8-5-3,3* 3* 6 4,4,1.0,False,control>lesion
8436,8-8-5-4,3* 3* 6 5,4,1.0,False,lesion>control
8437,8-8-9-0,3* 3* 4* 1,4,1.0,False,control>lesion
8438,8-8-9-1,3* 3* 4* 2,4,1.0,False,lesion>control
8439,8-8-9-4,3* 3* 4* 5,4,1.0,False,control>lesion
8440,8-9-1-4,3* 4* 2 5,4,1.0,False,control>lesion
8441,8-9-2-1,3* 4* 3 2,4,1.0,False,lesion>control
8442,8-9-2-8,3* 4* 3 3*,4,1.0,False,control>lesion
8443,9-0-1-3,4* 1 2 4,4,1.0,False,lesion>control
8444,9-0-3-0,4* 1 4 1,4,1.0,False,lesion>control
8445,9-0-3-8,4* 1 4 3*,4,1.0,False,control>lesion
8446,9-0-5-0,4* 1 6 1,4,1.0,False,control>lesion
8447,9-0-5-1,4* 1 6 2,4,1.0,False,control>lesion
8448,9-0-5-4,4* 1 6 5,4,1.0,False,lesion>control
8449,9-0-5-8,4* 1 6 3*,4,1.0,False,control>lesion
8450,9-0-8-0,4* 1 3* 1,4,1.0,False,lesion>control
8451,9-1-4-8,4* 2 5 3*,4,1.0,False,control>lesion
8452,9-1-8-4,4* 2 3* 5,4,1.0,False,lesion>control
8453,9-2-1-0,4* 3 2 1,4,1.0,False,lesion>control
8454,9-2-1-3,4* 3 2 4,4,1.0,False,lesion>control
8455,9-2-8-7,4* 3 3* 2*,4,1.0,False,control>lesion
8456,9-3-0-8,4* 4 1 3*,4,1.0,False,control>lesion
8457,9-3-1-0,4* 4 2 1,4,1.0,False,control>lesion
8458,9-3-4-0,4* 4 5 1,4,1.0,False,lesion>control
8459,9-3-8-0,4* 4 3* 1,4,1.0,False,control>lesion
8460,9-3-8-5,4* 4 3* 6,4,1.0,False,lesion>control
8461,9-4-0-1,4* 5 1 2,4,1.0,False,lesion>control
8462,9-4-0-5,4* 5 1 6,4,1.0,False,lesion>control
8463,9-4-1-0,4* 5 2 1,4,1.0,False,lesion>control
8464,9-4-1-8,4* 5 2 3*,4,1.0,False,control>lesion
8465,9-4-3-5,4* 5 4 6,4,1.0,False,control>lesion
8466,9-4-8-4,4* 5 3* 5,4,1.0,False,lesion>control
8467,9-5-0-4,4* 6 1 5,4,1.0,False,lesion>control
8468,9-5-0-5,4* 6 1 6,4,1.0,False,lesion>control
8469,9-5-1-3,4* 6 2 4,4,1.0,False,lesion>control
8470,9-5-1-4,4* 6 2 5,4,1.0,False,control>lesion
8471,9-5-3-4,4* 6 4 5,4,1.0,False,control>lesion
8472,9-5-4-0,4* 6 5 1,4,1.0,False,control>lesion
8473,9-5-4-1,4* 6 5 2,4,1.0,False,lesion>control
8474,9-5-4-5,4* 6 5 6,4,1.0,False,lesion>control
8475,9-5-8-5,4* 6 3* 6,4,1.0,False,lesion>control
8476,9-5-8-9,4* 6 3* 4*,4,1.0,False,lesion>control
8477,9-8-0-4,4* 3* 1 5,4,1.0,False,lesion>control
8478,9-8-0-5,4* 3* 1 6,4,1.0,False,lesion>control
8479,9-8-1-0,4* 3* 2 1,4,1.0,False,control>lesion
8480,9-8-1-8,4* 3* 2 3*,4,1.0,False,control>lesion
8481,9-8-4-1,4* 3* 5 2,4,1.0,False,lesion>control
8482,9-8-4-5,4* 3* 5 6,4,1.0,False,control>lesion
8483,9-8-5-0,4* 3* 6 1,4,1.0,False,control>lesion
8484,9-8-8-9,4* 3* 3* 4*,4,1.0,False,control>lesion
8485,9-8-9-1,4* 3* 4* 2,4,1.0,False,lesion>control
8486,0-0-1-0-1,1 1 2 1 2,5,1.0,False,control>lesion
8487,0-1-0-3-0,1 2 1 4 1,5,1.0,False,control>lesion
8488,0-1-0-4-3,1 2 1 5 4,5,1.0,False,control>lesion
8489,0-1-0-4-5,1 2 1 5 6,5,1.0,False,control>lesion
8490,0-1-0-8-0,1 2 1 3* 1,5,1.0,False,control>lesion
8491,0-1-0-8-7,1 2 1 3* 2*,5,1.0,False,control>lesion
8492,0-1-1-8-5,1 2 2 3* 6,5,1.0,False,lesion>control
8493,0-1-2-0-5,1 2 3 1 6,5,1.0,False,lesion>control
8494,0-1-2-3-0,1 2 3 4 1,5,1.0,False,lesion>control
8495,0-1-2-3-4,1 2 3 4 5,5,1.0,False,lesion>control
8496,0-1-2-4-5,1 2 3 5 6,5,1.0,False,lesion>control
8497,0-1-3-0-4,1 2 4 1 5,5,1.0,False,control>lesion
8498,0-1-3-1-3,1 2 4 2 4,5,1.0,False,lesion>control
8499,0-1-3-8-9,1 2 4 3* 4*,5,1.0,False,control>lesion
8500,0-1-4-0-8,1 2 5 1 3*,5,1.0,False,lesion>control
8501,0-1-4-3-0,1 2 5 4 1,5,1.0,False,control>lesion
8502,0-1-4-3-5,1 2 5 4 6,5,1.0,False,lesion>control
8503,0-1-5-0-3,1 2 6 1 4,5,1.0,False,control>lesion
8504,0-1-5-0-4,1 2 6 1 5,5,1.0,False,lesion>control
8505,0-1-5-0-8,1 2 6 1 3*,5,1.0,False,control>lesion
8506,0-1-5-1-3,1 2 6 2 4,5,1.0,False,control>lesion
8507,0-1-5-1-4,1 2 6 2 5,5,1.0,False,control>lesion
8508,0-1-5-1-5,1 2 6 2 6,5,1.0,False,lesion>control
8509,0-1-5-1-8,1 2 6 2 3*,5,1.0,False,control>lesion
8510,0-1-5-2-3,1 2 6 3 4,5,1.0,False,lesion>control
8511,0-1-5-3-0,1 2 6 4 1,5,1.0,False,lesion>control
8512,0-1-5-8-4,1 2 6 3* 5,5,1.0,False,lesion>control
8513,0-1-8-0-0,1 2 3* 1 1,5,1.0,False,control>lesion
8514,0-1-8-0-2,1 2 3* 1 3,5,1.0,False,control>lesion
8515,0-1-8-0-5,1 2 3* 1 6,5,1.0,False,control>lesion
8516,0-1-8-3-2,1 2 3* 4 3,5,1.0,False,lesion>control
8517,0-1-8-3-4,1 2 3* 4 5,5,1.0,False,lesion>control
8518,0-1-8-4-0,1 2 3* 5 1,5,1.0,False,lesion>control
8519,0-1-8-8-0,1 2 3* 3* 1,5,1.0,False,lesion>control
8520,0-1-8-9-2,1 2 3* 4* 3,5,1.0,False,lesion>control
8521,0-1-9-5-8,1 2 4* 6 3*,5,1.0,False,control>lesion
8522,0-2-0-2-1,1 3 1 3 2,5,1.0,False,lesion>control
8523,0-2-0-2-7,1 3 1 3 2*,5,1.0,False,lesion>control
8524,0-2-0-5-0,1 3 1 6 1,5,1.0,False,lesion>control
8525,0-2-0-5-1,1 3 1 6 2,5,1.0,False,lesion>control
8526,0-2-0-5-2,1 3 1 6 3,5,1.0,False,lesion>control
8527,0-2-0-5-8,1 3 1 6 3*,5,1.0,False,lesion>control
8528,0-2-0-9-8,1 3 1 4* 3*,5,1.0,False,control>lesion
8529,0-2-1-0-3,1 3 2 1 4,5,1.0,False,lesion>control
8530,0-2-1-0-8,1 3 2 1 3*,5,1.0,False,lesion>control
8531,0-2-1-2-1,1 3 2 3 2,5,1.0,False,lesion>control
8532,0-2-1-3-5,1 3 2 4 6,5,1.0,False,control>lesion
8533,0-2-1-4-8,1 3 2 5 3*,5,1.0,False,lesion>control
8534,0-2-1-5-4,1 3 2 6 5,5,1.0,False,lesion>control
8535,0-2-1-5-8,1 3 2 6 3*,5,1.0,False,control>lesion
8536,0-2-1-8-4,1 3 2 3* 5,5,1.0,False,lesion>control
8537,0-2-1-8-9,1 3 2 3* 4*,5,1.0,False,control>lesion
8538,0-2-3-1-3,1 3 4 2 4,5,1.0,False,lesion>control
8539,0-2-3-2-7,1 3 4 3 2*,5,1.0,False,control>lesion
8540,0-2-3-5-0,1 3 4 6 1,5,1.0,False,control>lesion
8541,0-2-3-5-8,1 3 4 6 3*,5,1.0,False,control>lesion
8542,0-2-3-8-0,1 3 4 3* 1,5,1.0,False,lesion>control
8543,0-2-3-8-3,1 3 4 3* 4,5,1.0,False,control>lesion
8544,0-2-5-0-2,1 3 6 1 3,5,1.0,False,control>lesion
8545,0-2-5-0-5,1 3 6 1 6,5,1.0,False,lesion>control
8546,0-2-5-1-2,1 3 6 2 3,5,1.0,False,control>lesion
8547,0-2-5-2-0,1 3 6 3 1,5,1.0,False,lesion>control
8548,0-2-5-2-3,1 3 6 3 4,5,1.0,False,lesion>control
8549,0-2-5-2-7,1 3 6 3 2*,5,1.0,False,lesion>control
8550,0-2-5-4-3,1 3 6 5 4,5,1.0,False,lesion>control
8551,0-2-5-4-8,1 3 6 5 3*,5,1.0,False,lesion>control
8552,0-2-5-5-8,1 3 6 6 3*,5,1.0,False,lesion>control
8553,0-2-7-0-1,1 3 2* 1 2,5,1.0,False,lesion>control
8554,0-2-7-3-5,1 3 2* 4 6,5,1.0,False,control>lesion
8555,0-2-7-8-9,1 3 2* 3* 4*,5,1.0,False,control>lesion
8556,0-2-9-0-8,1 3 4* 1 3*,5,1.0,False,lesion>control
8557,0-3-0-1-0,1 4 1 2 1,5,1.0,False,control>lesion
8558,0-3-0-1-4,1 4 1 2 5,5,1.0,False,control>lesion
8559,0-3-0-3-8,1 4 1 4 3*,5,1.0,False,lesion>control
8560,0-3-0-4-0,1 4 1 5 1,5,1.0,False,lesion>control
8561,0-3-0-4-8,1 4 1 5 3*,5,1.0,False,lesion>control
8562,0-3-0-5-4,1 4 1 6 5,5,1.0,False,lesion>control
8563,0-3-0-7-0,1 4 1 2* 1,5,1.0,False,lesion>control
8564,0-3-0-7-4,1 4 1 2* 5,5,1.0,False,control>lesion
8565,0-3-0-8-0,1 4 1 3* 1,5,1.0,False,control>lesion
8566,0-3-0-8-5,1 4 1 3* 6,5,1.0,False,control>lesion
8567,0-3-1-3-0,1 4 2 4 1,5,1.0,False,lesion>control
8568,0-3-1-3-4,1 4 2 4 5,5,1.0,False,lesion>control
8569,0-3-1-3-5,1 4 2 4 6,5,1.0,False,control>lesion
8570,0-3-1-4-5,1 4 2 5 6,5,1.0,False,control>lesion
8571,0-3-1-5-0,1 4 2 6 1,5,1.0,False,lesion>control
8572,0-3-1-8-3,1 4 2 3* 4,5,1.0,False,lesion>control
8573,0-3-1-8-5,1 4 2 3* 6,5,1.0,False,control>lesion
8574,0-3-2-0-2,1 4 3 1 3,5,1.0,False,lesion>control
8575,0-3-2-1-8,1 4 3 2 3*,5,1.0,False,control>lesion
8576,0-3-2-7-0,1 4 3 2* 1,5,1.0,False,lesion>control
8577,0-3-2-7-5,1 4 3 2* 6,5,1.0,False,lesion>control
8578,0-3-2-7-8,1 4 3 2* 3*,5,1.0,False,lesion>control
8579,0-3-3-8-4,1 4 4 3* 5,5,1.0,False,lesion>control
8580,0-3-3-8-7,1 4 4 3* 2*,5,1.0,False,lesion>control
8581,0-3-4-1-3,1 4 5 2 4,5,1.0,False,lesion>control
8582,0-3-4-1-8,1 4 5 2 3*,5,1.0,False,lesion>control
8583,0-3-4-3-3,1 4 5 4 4,5,1.0,False,control>lesion
8584,0-3-4-3-4,1 4 5 4 5,5,1.0,False,lesion>control
8585,0-3-4-8-5,1 4 5 3* 6,5,1.0,False,control>lesion
8586,0-3-5-1-5,1 4 6 2 6,5,1.0,False,lesion>control
8587,0-3-5-3-2,1 4 6 4 3,5,1.0,False,lesion>control
8588,0-3-5-4-1,1 4 6 5 2,5,1.0,False,control>lesion
8589,0-3-7-0-3,1 4 2* 1 4,5,1.0,False,control>lesion
8590,0-3-8-0-5,1 4 3* 1 6,5,1.0,False,lesion>control
8591,0-3-8-0-8,1 4 3* 1 3*,5,1.0,False,lesion>control
8592,0-3-8-1-2,1 4 3* 2 3,5,1.0,False,control>lesion
8593,0-3-8-4-3,1 4 3* 5 4,5,1.0,False,lesion>control
8594,0-3-8-5-1,1 4 3* 6 2,5,1.0,False,lesion>control
8595,0-3-8-5-4,1 4 3* 6 5,5,1.0,False,control>lesion
8596,0-3-8-5-8,1 4 3* 6 3*,5,1.0,False,control>lesion
8597,0-3-8-7-1,1 4 3* 2* 2,5,1.0,False,lesion>control
8598,0-3-8-8-7,1 4 3* 3* 2*,5,1.0,False,control>lesion
8599,0-4-0-1-0,1 5 1 2 1,5,1.0,False,control>lesion
8600,0-4-0-1-8,1 5 1 2 3*,5,1.0,False,lesion>control
8601,0-4-0-3-1,1 5 1 4 2,5,1.0,False,lesion>control
8602,0-4-0-4-3,1 5 1 5 4,5,1.0,False,lesion>control
8603,0-4-0-5-8,1 5 1 6 3*,5,1.0,False,lesion>control
8604,0-4-0-8-9,1 5 1 3* 4*,5,1.0,False,control>lesion
8605,0-4-1-0-3,1 5 2 1 4,5,1.0,False,lesion>control
8606,0-4-1-2-4,1 5 2 3 5,5,1.0,False,control>lesion
8607,0-4-1-4-8,1 5 2 5 3*,5,1.0,False,lesion>control
8608,0-4-1-5-8,1 5 2 6 3*,5,1.0,False,lesion>control
8609,0-4-1-8-0,1 5 2 3* 1,5,1.0,False,control>lesion
8610,0-4-2-0-2,1 5 3 1 3,5,1.0,False,lesion>control
8611,0-4-2-1-0,1 5 3 2 1,5,1.0,False,lesion>control
8612,0-4-2-3-5,1 5 3 4 6,5,1.0,False,lesion>control
8613,0-4-2-7-3,1 5 3 2* 4,5,1.0,False,lesion>control
8614,0-4-2-7-5,1 5 3 2* 6,5,1.0,False,lesion>control
8615,0-4-3-0-5,1 5 4 1 6,5,1.0,False,lesion>control
8616,0-4-3-1-5,1 5 4 2 6,5,1.0,False,control>lesion
8617,0-4-3-2-5,1 5 4 3 6,5,1.0,False,lesion>control
8618,0-4-3-4-0,1 5 4 5 1,5,1.0,False,lesion>control
8619,0-4-3-5-3,1 5 4 6 4,5,1.0,False,control>lesion
8620,0-4-5-0-1,1 5 6 1 2,5,1.0,False,control>lesion
8621,0-4-5-0-4,1 5 6 1 5,5,1.0,False,lesion>control
8622,0-4-5-1-4,1 5 6 2 5,5,1.0,False,lesion>control
8623,0-4-5-8-3,1 5 6 3* 4,5,1.0,False,lesion>control
8624,0-4-5-8-7,1 5 6 3* 2*,5,1.0,False,control>lesion
8625,0-4-8-0-5,1 5 3* 1 6,5,1.0,False,lesion>control
8626,0-4-8-1-5,1 5 3* 2 6,5,1.0,False,lesion>control
8627,0-4-8-1-9,1 5 3* 2 4*,5,1.0,False,lesion>control
8628,0-4-8-3-1,1 5 3* 4 2,5,1.0,False,lesion>control
8629,0-4-8-4-8,1 5 3* 5 3*,5,1.0,False,control>lesion
8630,0-4-8-5-0,1 5 3* 6 1,5,1.0,False,control>lesion
8631,0-4-8-5-8,1 5 3* 6 3*,5,1.0,False,lesion>control
8632,0-4-8-9-4,1 5 3* 4* 5,5,1.0,False,control>lesion
8633,0-4-8-9-8,1 5 3* 4* 3*,5,1.0,False,control>lesion
8634,0-5-0-1-2,1 6 1 2 3,5,1.0,False,lesion>control
8635,0-5-0-1-4,1 6 1 2 5,5,1.0,False,lesion>control
8636,0-5-0-3-2,1 6 1 4 3,5,1.0,False,lesion>control
8637,0-5-0-4-0,1 6 1 5 1,5,1.0,False,lesion>control
8638,0-5-0-4-3,1 6 1 5 4,5,1.0,False,lesion>control
8639,0-5-0-5-5,1 6 1 6 6,5,1.0,False,lesion>control
8640,0-5-0-8-4,1 6 1 3* 5,5,1.0,False,control>lesion
8641,0-5-1-2-1,1 6 2 3 2,5,1.0,False,control>lesion
8642,0-5-1-3-4,1 6 2 4 5,5,1.0,False,control>lesion
8643,0-5-1-4-5,1 6 2 5 6,5,1.0,False,control>lesion
8644,0-5-2-0-2,1 6 3 1 3,5,1.0,False,lesion>control
8645,0-5-2-0-3,1 6 3 1 4,5,1.0,False,control>lesion
8646,0-5-2-0-4,1 6 3 1 5,5,1.0,False,lesion>control
8647,0-5-2-0-5,1 6 3 1 6,5,1.0,False,lesion>control
8648,0-5-2-0-7,1 6 3 1 2*,5,1.0,False,lesion>control
8649,0-5-2-0-9,1 6 3 1 4*,5,1.0,False,lesion>control
8650,0-5-2-1-0,1 6 3 2 1,5,1.0,False,lesion>control
8651,0-5-2-3-0,1 6 3 4 1,5,1.0,False,control>lesion
8652,0-5-2-4-1,1 6 3 5 2,5,1.0,False,lesion>control
8653,0-5-2-5-0,1 6 3 6 1,5,1.0,False,lesion>control
8654,0-5-2-7-3,1 6 3 2* 4,5,1.0,False,lesion>control
8655,0-5-2-9-8,1 6 3 4* 3*,5,1.0,False,control>lesion
8656,0-5-3-0-4,1 6 4 1 5,5,1.0,False,control>lesion
8657,0-5-3-0-8,1 6 4 1 3*,5,1.0,False,lesion>control
8658,0-5-3-1-5,1 6 4 2 6,5,1.0,False,control>lesion
8659,0-5-3-4-1,1 6 4 5 2,5,1.0,False,control>lesion
8660,0-5-3-4-3,1 6 4 5 4,5,1.0,False,control>lesion
8661,0-5-3-4-5,1 6 4 5 6,5,1.0,False,control>lesion
8662,0-5-3-8-4,1 6 4 3* 5,5,1.0,False,lesion>control
8663,0-5-4-0-8,1 6 5 1 3*,5,1.0,False,lesion>control
8664,0-5-4-1-5,1 6 5 2 6,5,1.0,False,control>lesion
8665,0-5-4-1-8,1 6 5 2 3*,5,1.0,False,lesion>control
8666,0-5-4-2-5,1 6 5 3 6,5,1.0,False,lesion>control
8667,0-5-4-3-0,1 6 5 4 1,5,1.0,False,lesion>control
8668,0-5-4-5-2,1 6 5 6 3,5,1.0,False,control>lesion
8669,0-5-4-5-3,1 6 5 6 4,5,1.0,False,control>lesion
8670,0-5-4-8-7,1 6 5 3* 2*,5,1.0,False,lesion>control
8671,0-5-5-0-5,1 6 6 1 6,5,1.0,False,lesion>control
8672,0-5-8-0-2,1 6 3* 1 3,5,1.0,False,lesion>control
8673,0-5-8-0-9,1 6 3* 1 4*,5,1.0,False,control>lesion
8674,0-5-8-3-2,1 6 3* 4 3,5,1.0,False,lesion>control
8675,0-5-8-3-3,1 6 3* 4 4,5,1.0,False,control>lesion
8676,0-5-8-4-3,1 6 3* 5 4,5,1.0,False,lesion>control
8677,0-5-8-5-4,1 6 3* 6 5,5,1.0,False,control>lesion
8678,0-5-8-7-3,1 6 3* 2* 4,5,1.0,False,lesion>control
8679,0-5-8-7-5,1 6 3* 2* 6,5,1.0,False,lesion>control
8680,0-5-8-8-7,1 6 3* 3* 2*,5,1.0,False,control>lesion
8681,0-5-8-8-9,1 6 3* 3* 4*,5,1.0,False,lesion>control
8682,0-5-8-9-1,1 6 3* 4* 2,5,1.0,False,lesion>control
8683,0-5-8-9-5,1 6 3* 4* 6,5,1.0,False,lesion>control
8684,0-5-9-0-8,1 6 4* 1 3*,5,1.0,False,lesion>control
8685,0-7-0-1-4,1 2* 1 2 5,5,1.0,False,lesion>control
8686,0-7-0-1-8,1 2* 1 2 3*,5,1.0,False,control>lesion
8687,0-7-0-3-8,1 2* 1 4 3*,5,1.0,False,lesion>control
8688,0-7-0-4-0,1 2* 1 5 1,5,1.0,False,lesion>control
8689,0-7-0-8-9,1 2* 1 3* 4*,5,1.0,False,control>lesion
8690,0-7-3-1-0,1 2* 4 2 1,5,1.0,False,control>lesion
8691,0-7-3-5-1,1 2* 4 6 2,5,1.0,False,control>lesion
8692,0-7-4-5-0,1 2* 5 6 1,5,1.0,False,control>lesion
8693,0-7-4-5-3,1 2* 5 6 4,5,1.0,False,control>lesion
8694,0-7-5-4-3,1 2* 6 5 4,5,1.0,False,control>lesion
8695,0-7-5-4-8,1 2* 6 5 3*,5,1.0,False,lesion>control
8696,0-7-5-8-1,1 2* 6 3* 2,5,1.0,False,lesion>control
8697,0-7-8-1-5,1 2* 3* 2 6,5,1.0,False,lesion>control
8698,0-7-8-4-0,1 2* 3* 5 1,5,1.0,False,lesion>control
8699,0-7-8-5-2,1 2* 3* 6 3,5,1.0,False,lesion>control
8700,0-7-8-5-3,1 2* 3* 6 4,5,1.0,False,lesion>control
8701,0-7-8-9-0,1 2* 3* 4* 1,5,1.0,False,lesion>control
8702,0-7-8-9-1,1 2* 3* 4* 2,5,1.0,False,control>lesion
8703,0-8-0-1-8,1 3* 1 2 3*,5,1.0,False,control>lesion
8704,0-8-0-2-0,1 3* 1 3 1,5,1.0,False,lesion>control
8705,0-8-0-2-5,1 3* 1 3 6,5,1.0,False,lesion>control
8706,0-8-0-2-7,1 3* 1 3 2*,5,1.0,False,control>lesion
8707,0-8-0-2-9,1 3* 1 3 4*,5,1.0,False,control>lesion
8708,0-8-0-3-2,1 3* 1 4 3,5,1.0,False,lesion>control
8709,0-8-0-3-5,1 3* 1 4 6,5,1.0,False,lesion>control
8710,0-8-0-3-8,1 3* 1 4 3*,5,1.0,False,control>lesion
8711,0-8-0-4-0,1 3* 1 5 1,5,1.0,False,control>lesion
8712,0-8-0-4-8,1 3* 1 5 3*,5,1.0,False,lesion>control
8713,0-8-0-5-0,1 3* 1 6 1,5,1.0,False,control>lesion
8714,0-8-0-7-3,1 3* 1 2* 4,5,1.0,False,control>lesion
8715,0-8-0-8-0,1 3* 1 3* 1,5,1.0,False,control>lesion
8716,0-8-0-8-5,1 3* 1 3* 6,5,1.0,False,lesion>control
8717,0-8-0-8-7,1 3* 1 3* 2*,5,1.0,False,control>lesion
8718,0-8-0-8-9,1 3* 1 3* 4*,5,1.0,False,control>lesion
8719,0-8-0-9-0,1 3* 1 4* 1,5,1.0,False,control>lesion
8720,0-8-1-0-9,1 3* 2 1 4*,5,1.0,False,lesion>control
8721,0-8-1-2-3,1 3* 2 3 4,5,1.0,False,lesion>control
8722,0-8-1-4-0,1 3* 2 5 1,5,1.0,False,lesion>control
8723,0-8-1-4-5,1 3* 2 5 6,5,1.0,False,lesion>control
8724,0-8-1-8-8,1 3* 2 3* 3*,5,1.0,False,lesion>control
8725,0-8-1-9-0,1 3* 2 4* 1,5,1.0,False,lesion>control
8726,0-8-3-1-3,1 3* 4 2 4,5,1.0,False,lesion>control
8727,0-8-3-2-3,1 3* 4 3 4,5,1.0,False,lesion>control
8728,0-8-3-2-4,1 3* 4 3 5,5,1.0,False,lesion>control
8729,0-8-3-2-7,1 3* 4 3 2*,5,1.0,False,lesion>control
8730,0-8-3-3-5,1 3* 4 4 6,5,1.0,False,lesion>control
8731,0-8-3-3-8,1 3* 4 4 3*,5,1.0,False,control>lesion
8732,0-8-3-4-1,1 3* 4 5 2,5,1.0,False,lesion>control
8733,0-8-3-4-8,1 3* 4 5 3*,5,1.0,False,lesion>control
8734,0-8-3-5-3,1 3* 4 6 4,5,1.0,False,control>lesion
8735,0-8-4-0-8,1 3* 5 1 3*,5,1.0,False,control>lesion
8736,0-8-4-1-0,1 3* 5 2 1,5,1.0,False,lesion>control
8737,0-8-4-1-3,1 3* 5 2 4,5,1.0,False,lesion>control
8738,0-8-4-2-0,1 3* 5 3 1,5,1.0,False,control>lesion
8739,0-8-4-5-0,1 3* 5 6 1,5,1.0,False,control>lesion
8740,0-8-4-5-9,1 3* 5 6 4*,5,1.0,False,lesion>control
8741,0-8-4-7-8,1 3* 5 2* 3*,5,1.0,False,lesion>control
8742,0-8-4-8-1,1 3* 5 3* 2,5,1.0,False,lesion>control
8743,0-8-4-8-3,1 3* 5 3* 4,5,1.0,False,control>lesion
8744,0-8-4-8-7,1 3* 5 3* 2*,5,1.0,False,lesion>control
8745,0-8-5-0-1,1 3* 6 1 2,5,1.0,False,lesion>control
8746,0-8-5-0-5,1 3* 6 1 6,5,1.0,False,lesion>control
8747,0-8-5-0-7,1 3* 6 1 2*,5,1.0,False,lesion>control
8748,0-8-5-0-8,1 3* 6 1 3*,5,1.0,False,lesion>control
8749,0-8-5-1-3,1 3* 6 2 4,5,1.0,False,control>lesion
8750,0-8-5-2-9,1 3* 6 3 4*,5,1.0,False,control>lesion
8751,0-8-5-3-0,1 3* 6 4 1,5,1.0,False,lesion>control
8752,0-8-5-4-0,1 3* 6 5 1,5,1.0,False,control>lesion
8753,0-8-5-4-2,1 3* 6 5 3,5,1.0,False,lesion>control
8754,0-8-5-4-3,1 3* 6 5 4,5,1.0,False,control>lesion
8755,0-8-5-8-0,1 3* 6 3* 1,5,1.0,False,lesion>control
8756,0-8-5-8-1,1 3* 6 3* 2,5,1.0,False,lesion>control
8757,0-8-5-8-4,1 3* 6 3* 5,5,1.0,False,control>lesion
8758,0-8-5-8-5,1 3* 6 3* 6,5,1.0,False,lesion>control
8759,0-8-5-8-7,1 3* 6 3* 2*,5,1.0,False,lesion>control
8760,0-8-5-9-5,1 3* 6 4* 6,5,1.0,False,control>lesion
8761,0-8-7-0-4,1 3* 2* 1 5,5,1.0,False,control>lesion
8762,0-8-7-0-5,1 3* 2* 1 6,5,1.0,False,control>lesion
8763,0-8-7-5-1,1 3* 2* 6 2,5,1.0,False,lesion>control
8764,0-8-7-5-8,1 3* 2* 6 3*,5,1.0,False,lesion>control
8765,0-8-7-8-0,1 3* 2* 3* 1,5,1.0,False,lesion>control
8766,0-8-8-9-0,1 3* 3* 4* 1,5,1.0,False,control>lesion
8767,0-8-8-9-5,1 3* 3* 4* 6,5,1.0,False,control>lesion
8768,0-8-9-0-4,1 3* 4* 1 5,5,1.0,False,lesion>control
8769,0-8-9-1-3,1 3* 4* 2 4,5,1.0,False,control>lesion
8770,0-8-9-3-4,1 3* 4* 4 5,5,1.0,False,lesion>control
8771,0-8-9-4-1,1 3* 4* 5 2,5,1.0,False,lesion>control
8772,0-8-9-5-1,1 3* 4* 6 2,5,1.0,False,control>lesion
8773,0-8-9-8-0,1 3* 4* 3* 1,5,1.0,False,lesion>control
8774,0-9-0-1-5,1 4* 1 2 6,5,1.0,False,control>lesion
8775,0-9-1-3-8,1 4* 2 4 3*,5,1.0,False,lesion>control
8776,0-9-1-8-1,1 4* 2 3* 2,5,1.0,False,lesion>control
8777,0-9-1-8-3,1 4* 2 3* 4,5,1.0,False,control>lesion
8778,0-9-3-0-1,1 4* 4 1 2,5,1.0,False,lesion>control
8779,0-9-4-0-8,1 4* 5 1 3*,5,1.0,False,lesion>control
8780,0-9-5-0-4,1 4* 6 1 5,5,1.0,False,lesion>control
8781,0-9-5-3-8,1 4* 6 4 3*,5,1.0,False,lesion>control
8782,0-9-5-8-0,1 4* 6 3* 1,5,1.0,False,control>lesion
8783,0-9-5-8-7,1 4* 6 3* 2*,5,1.0,False,control>lesion
8784,0-9-8-0-3,1 4* 3* 1 4,5,1.0,False,lesion>control
8785,0-9-8-8-9,1 4* 3* 3* 4*,5,1.0,False,control>lesion
8786,1-0-1-0-4,2 1 2 1 5,5,1.0,False,control>lesion
8787,1-0-1-2-3,2 1 2 3 4,5,1.0,False,lesion>control
8788,1-0-1-2-4,2 1 2 3 5,5,1.0,False,lesion>control
8789,1-0-2-0-2,2 1 3 1 3,5,1.0,False,lesion>control
8790,1-0-2-3-1,2 1 3 4 2,5,1.0,False,lesion>control
8791,1-0-2-9-0,2 1 3 4* 1,5,1.0,False,lesion>control
8792,1-0-3-0-3,2 1 4 1 4,5,1.0,False,lesion>control
8793,1-0-3-0-8,2 1 4 1 3*,5,1.0,False,lesion>control
8794,1-0-3-1-4,2 1 4 2 5,5,1.0,False,lesion>control
8795,1-0-3-8-5,2 1 4 3* 6,5,1.0,False,lesion>control
8796,1-0-3-8-9,2 1 4 3* 4*,5,1.0,False,control>lesion
8797,1-0-4-0-5,2 1 5 1 6,5,1.0,False,lesion>control
8798,1-0-4-0-8,2 1 5 1 3*,5,1.0,False,control>lesion
8799,1-0-4-1-3,2 1 5 2 4,5,1.0,False,lesion>control
8800,1-0-4-1-5,2 1 5 2 6,5,1.0,False,lesion>control
8801,1-0-4-3-2,2 1 5 4 3,5,1.0,False,lesion>control
8802,1-0-4-5-4,2 1 5 6 5,5,1.0,False,control>lesion
8803,1-0-4-8-0,2 1 5 3* 1,5,1.0,False,lesion>control
8804,1-0-4-8-4,2 1 5 3* 5,5,1.0,False,control>lesion
8805,1-0-4-8-5,2 1 5 3* 6,5,1.0,False,lesion>control
8806,1-0-5-1-3,2 1 6 2 4,5,1.0,False,lesion>control
8807,1-0-5-1-4,2 1 6 2 5,5,1.0,False,control>lesion
8808,1-0-5-1-8,2 1 6 2 3*,5,1.0,False,control>lesion
8809,1-0-5-2-5,2 1 6 3 6,5,1.0,False,lesion>control
8810,1-0-5-3-4,2 1 6 4 5,5,1.0,False,control>lesion
8811,1-0-8-0-2,2 1 3* 1 3,5,1.0,False,lesion>control
8812,1-0-8-0-4,2 1 3* 1 5,5,1.0,False,lesion>control
8813,1-0-8-0-5,2 1 3* 1 6,5,1.0,False,lesion>control
8814,1-0-8-1-9,2 1 3* 2 4*,5,1.0,False,lesion>control
8815,1-0-8-3-0,2 1 3* 4 1,5,1.0,False,control>lesion
8816,1-0-8-3-1,2 1 3* 4 2,5,1.0,False,lesion>control
8817,1-0-8-4-8,2 1 3* 5 3*,5,1.0,False,lesion>control
8818,1-0-8-5-9,2 1 3* 6 4*,5,1.0,False,control>lesion
8819,1-0-8-7-8,2 1 3* 2* 3*,5,1.0,False,control>lesion
8820,1-0-9-8-7,2 1 4* 3* 2*,5,1.0,False,lesion>control
8821,1-1-0-1-3,2 2 1 2 4,5,1.0,False,lesion>control
8822,1-1-0-8-1,2 2 1 3* 2,5,1.0,False,lesion>control
8823,1-1-3-0-5,2 2 4 1 6,5,1.0,False,control>lesion
8824,1-1-8-5-4,2 2 3* 6 5,5,1.0,False,lesion>control
8825,1-1-8-9-8,2 2 3* 4* 3*,5,1.0,False,control>lesion
8826,1-2-0-1-8,2 3 1 2 3*,5,1.0,False,control>lesion
8827,1-2-0-2-9,2 3 1 3 4*,5,1.0,False,control>lesion
8828,1-2-0-3-4,2 3 1 4 5,5,1.0,False,control>lesion
8829,1-2-0-5-8,2 3 1 6 3*,5,1.0,False,lesion>control
8830,1-2-1-0-1,2 3 2 1 2,5,1.0,False,control>lesion
8831,1-2-1-0-5,2 3 2 1 6,5,1.0,False,lesion>control
8832,1-2-1-2-0,2 3 2 3 1,5,1.0,False,control>lesion
8833,1-2-1-2-3,2 3 2 3 4,5,1.0,False,lesion>control
8834,1-2-1-2-4,2 3 2 3 5,5,1.0,False,lesion>control
8835,1-2-1-2-5,2 3 2 3 6,5,1.0,False,control>lesion
8836,1-2-1-3-4,2 3 2 4 5,5,1.0,False,lesion>control
8837,1-2-1-4-2,2 3 2 5 3,5,1.0,False,control>lesion
8838,1-2-1-5-1,2 3 2 6 2,5,1.0,False,control>lesion
8839,1-2-3-0-5,2 3 4 1 6,5,1.0,False,control>lesion
8840,1-2-3-4-2,2 3 4 5 3,5,1.0,False,lesion>control
8841,1-2-3-4-5,2 3 4 5 6,5,1.0,False,lesion>control
8842,1-2-3-8-1,2 3 4 3* 2,5,1.0,False,lesion>control
8843,1-2-3-8-3,2 3 4 3* 4,5,1.0,False,lesion>control
8844,1-2-3-8-4,2 3 4 3* 5,5,1.0,False,lesion>control
8845,1-2-3-8-7,2 3 4 3* 2*,5,1.0,False,lesion>control
8846,1-2-4-3-0,2 3 5 4 1,5,1.0,False,control>lesion
8847,1-2-4-3-8,2 3 5 4 3*,5,1.0,False,lesion>control
8848,1-2-4-5-1,2 3 5 6 2,5,1.0,False,lesion>control
8849,1-2-5-1-0,2 3 6 2 1,5,1.0,False,lesion>control
8850,1-2-5-2-0,2 3 6 3 1,5,1.0,False,control>lesion
8851,1-2-5-2-8,2 3 6 3 3*,5,1.0,False,lesion>control
8852,1-2-5-3-8,2 3 6 4 3*,5,1.0,False,lesion>control
8853,1-2-5-4-8,2 3 6 5 3*,5,1.0,False,control>lesion
8854,1-2-5-8-1,2 3 6 3* 2,5,1.0,False,lesion>control
8855,1-2-8-5-0,2 3 3* 6 1,5,1.0,False,control>lesion
8856,1-2-8-7-3,2 3 3* 2* 4,5,1.0,False,lesion>control
8857,1-2-9-5-8,2 3 4* 6 3*,5,1.0,False,control>lesion
8858,1-2-9-8-8,2 3 4* 3* 3*,5,1.0,False,lesion>control
8859,1-3-0-1-4,2 4 1 2 5,5,1.0,False,lesion>control
8860,1-3-0-1-8,2 4 1 2 3*,5,1.0,False,control>lesion
8861,1-3-0-3-4,2 4 1 4 5,5,1.0,False,lesion>control
8862,1-3-0-4-1,2 4 1 5 2,5,1.0,False,lesion>control
8863,1-3-0-4-8,2 4 1 5 3*,5,1.0,False,lesion>control
8864,1-3-0-5-0,2 4 1 6 1,5,1.0,False,control>lesion
8865,1-3-0-8-4,2 4 1 3* 5,5,1.0,False,lesion>control
8866,1-3-0-8-5,2 4 1 3* 6,5,1.0,False,lesion>control
8867,1-3-0-8-7,2 4 1 3* 2*,5,1.0,False,control>lesion
8868,1-3-1-3-5,2 4 2 4 6,5,1.0,False,lesion>control
8869,1-3-1-4-1,2 4 2 5 2,5,1.0,False,lesion>control
8870,1-3-1-5-1,2 4 2 6 2,5,1.0,False,control>lesion
8871,1-3-1-8-3,2 4 2 3* 4,5,1.0,False,control>lesion
8872,1-3-1-8-7,2 4 2 3* 2*,5,1.0,False,control>lesion
8873,1-3-1-8-8,2 4 2 3* 3*,5,1.0,False,control>lesion
8874,1-3-2-1-3,2 4 3 2 4,5,1.0,False,lesion>control
8875,1-3-3-8-3,2 4 4 3* 4,5,1.0,False,control>lesion
8876,1-3-4-0-4,2 4 5 1 5,5,1.0,False,lesion>control
8877,1-3-4-1-3,2 4 5 2 4,5,1.0,False,control>lesion
8878,1-3-4-3-5,2 4 5 4 6,5,1.0,False,control>lesion
8879,1-3-4-8-9,2 4 5 3* 4*,5,1.0,False,control>lesion
8880,1-3-5-0-5,2 4 6 1 6,5,1.0,False,lesion>control
8881,1-3-5-1-0,2 4 6 2 1,5,1.0,False,lesion>control
8882,1-3-5-4-0,2 4 6 5 1,5,1.0,False,control>lesion
8883,1-3-5-4-1,2 4 6 5 2,5,1.0,False,control>lesion
8884,1-3-5-8-4,2 4 6 3* 5,5,1.0,False,lesion>control
8885,1-3-5-8-5,2 4 6 3* 6,5,1.0,False,control>lesion
8886,1-3-8-0-7,2 4 3* 1 2*,5,1.0,False,control>lesion
8887,1-3-8-0-9,2 4 3* 1 4*,5,1.0,False,control>lesion
8888,1-3-8-1-2,2 4 3* 2 3,5,1.0,False,lesion>control
8889,1-3-8-1-5,2 4 3* 2 6,5,1.0,False,lesion>control
8890,1-3-8-3-3,2 4 3* 4 4,5,1.0,False,control>lesion
8891,1-3-8-3-7,2 4 3* 4 2*,5,1.0,False,lesion>control
8892,1-3-8-4-8,2 4 3* 5 3*,5,1.0,False,lesion>control
8893,1-3-8-5-2,2 4 3* 6 3,5,1.0,False,control>lesion
8894,1-3-8-9-1,2 4 3* 4* 2,5,1.0,False,control>lesion
8895,1-4-0-1-0,2 5 1 2 1,5,1.0,False,control>lesion
8896,1-4-0-1-8,2 5 1 2 3*,5,1.0,False,lesion>control
8897,1-4-0-4-0,2 5 1 5 1,5,1.0,False,lesion>control
8898,1-4-0-5-8,2 5 1 6 3*,5,1.0,False,lesion>control
8899,1-4-0-8-9,2 5 1 3* 4*,5,1.0,False,lesion>control
8900,1-4-1-0-5,2 5 2 1 6,5,1.0,False,lesion>control
8901,1-4-1-4-1,2 5 2 5 2,5,1.0,False,lesion>control
8902,1-4-1-4-2,2 5 2 5 3,5,1.0,False,lesion>control
8903,1-4-1-8-1,2 5 2 3* 2,5,1.0,False,control>lesion
8904,1-4-2-1-1,2 5 3 2 2,5,1.0,False,lesion>control
8905,1-4-2-1-9,2 5 3 2 4*,5,1.0,False,lesion>control
8906,1-4-3-0-5,2 5 4 1 6,5,1.0,False,control>lesion
8907,1-4-3-5-4,2 5 4 6 5,5,1.0,False,lesion>control
8908,1-4-3-8-0,2 5 4 3* 1,5,1.0,False,lesion>control
8909,1-4-3-8-1,2 5 4 3* 2,5,1.0,False,control>lesion
8910,1-4-3-8-3,2 5 4 3* 4,5,1.0,False,control>lesion
8911,1-4-5-0-3,2 5 6 1 4,5,1.0,False,lesion>control
8912,1-4-5-0-4,2 5 6 1 5,5,1.0,False,control>lesion
8913,1-4-5-3-0,2 5 6 4 1,5,1.0,False,control>lesion
8914,1-4-5-3-4,2 5 6 4 5,5,1.0,False,lesion>control
8915,1-4-5-3-5,2 5 6 4 6,5,1.0,False,control>lesion
8916,1-4-5-3-8,2 5 6 4 3*,5,1.0,False,lesion>control
8917,1-4-5-4-0,2 5 6 5 1,5,1.0,False,control>lesion
8918,1-4-5-4-5,2 5 6 5 6,5,1.0,False,control>lesion
8919,1-4-5-8-0,2 5 6 3* 1,5,1.0,False,control>lesion
8920,1-4-5-8-3,2 5 6 3* 4,5,1.0,False,control>lesion
8921,1-4-5-8-4,2 5 6 3* 5,5,1.0,False,control>lesion
8922,1-4-5-8-5,2 5 6 3* 6,5,1.0,False,lesion>control
8923,1-4-8-0-3,2 5 3* 1 4,5,1.0,False,lesion>control
8924,1-4-8-3-2,2 5 3* 4 3,5,1.0,False,lesion>control
8925,1-4-8-5-1,2 5 3* 6 2,5,1.0,False,lesion>control
8926,1-4-8-5-2,2 5 3* 6 3,5,1.0,False,lesion>control
8927,1-4-8-5-3,2 5 3* 6 4,5,1.0,False,lesion>control
8928,1-4-8-9-4,2 5 3* 4* 5,5,1.0,False,lesion>control
8929,1-5-0-1-4,2 6 1 2 5,5,1.0,False,lesion>control
8930,1-5-0-3-0,2 6 1 4 1,5,1.0,False,control>lesion
8931,1-5-0-3-8,2 6 1 4 3*,5,1.0,False,lesion>control
8932,1-5-0-4-5,2 6 1 5 6,5,1.0,False,lesion>control
8933,1-5-0-5-0,2 6 1 6 1,5,1.0,False,lesion>control
8934,1-5-0-5-8,2 6 1 6 3*,5,1.0,False,control>lesion
8935,1-5-0-8-0,2 6 1 3* 1,5,1.0,False,lesion>control
8936,1-5-0-8-1,2 6 1 3* 2,5,1.0,False,lesion>control
8937,1-5-0-8-5,2 6 1 3* 6,5,1.0,False,control>lesion
8938,1-5-0-8-8,2 6 1 3* 3*,5,1.0,False,control>lesion
8939,1-5-0-9-1,2 6 1 4* 2,5,1.0,False,control>lesion
8940,1-5-1-0-3,2 6 2 1 4,5,1.0,False,control>lesion
8941,1-5-1-0-5,2 6 2 1 6,5,1.0,False,lesion>control
8942,1-5-1-2-1,2 6 2 3 2,5,1.0,False,control>lesion
8943,1-5-1-3-1,2 6 2 4 2,5,1.0,False,control>lesion
8944,1-5-1-3-3,2 6 2 4 4,5,1.0,False,control>lesion
8945,1-5-1-3-5,2 6 2 4 6,5,1.0,False,lesion>control
8946,1-5-1-3-8,2 6 2 4 3*,5,1.0,False,lesion>control
8947,1-5-1-4-1,2 6 2 5 2,5,1.0,False,lesion>control
8948,1-5-1-4-5,2 6 2 5 6,5,1.0,False,control>lesion
8949,1-5-1-4-8,2 6 2 5 3*,5,1.0,False,lesion>control
8950,1-5-1-5-1,2 6 2 6 2,5,1.0,False,control>lesion
8951,1-5-1-5-4,2 6 2 6 5,5,1.0,False,lesion>control
8952,1-5-1-8-1,2 6 2 3* 2,5,1.0,False,lesion>control
8953,1-5-1-8-7,2 6 2 3* 2*,5,1.0,False,control>lesion
8954,1-5-2-1-4,2 6 3 2 5,5,1.0,False,lesion>control
8955,1-5-2-3-8,2 6 3 4 3*,5,1.0,False,lesion>control
8956,1-5-2-5-3,2 6 3 6 4,5,1.0,False,control>lesion
8957,1-5-2-9-8,2 6 3 4* 3*,5,1.0,False,lesion>control
8958,1-5-3-0-3,2 6 4 1 4,5,1.0,False,lesion>control
8959,1-5-3-1-5,2 6 4 2 6,5,1.0,False,lesion>control
8960,1-5-3-4-5,2 6 4 5 6,5,1.0,False,control>lesion
8961,1-5-3-5-3,2 6 4 6 4,5,1.0,False,control>lesion
8962,1-5-3-5-4,2 6 4 6 5,5,1.0,False,control>lesion
8963,1-5-3-5-8,2 6 4 6 3*,5,1.0,False,control>lesion
8964,1-5-3-8-0,2 6 4 3* 1,5,1.0,False,control>lesion
8965,1-5-4-0-3,2 6 5 1 4,5,1.0,False,control>lesion
8966,1-5-4-1-0,2 6 5 2 1,5,1.0,False,lesion>control
8967,1-5-4-1-5,2 6 5 2 6,5,1.0,False,lesion>control
8968,1-5-4-3-5,2 6 5 4 6,5,1.0,False,control>lesion
8969,1-5-4-5-0,2 6 5 6 1,5,1.0,False,lesion>control
8970,1-5-4-8-3,2 6 5 3* 4,5,1.0,False,lesion>control
8971,1-5-4-8-9,2 6 5 3* 4*,5,1.0,False,control>lesion
8972,1-5-4-9-2,2 6 5 4* 3,5,1.0,False,lesion>control
8973,1-5-8-0-2,2 6 3* 1 3,5,1.0,False,lesion>control
8974,1-5-8-0-8,2 6 3* 1 3*,5,1.0,False,lesion>control
8975,1-5-8-1-2,2 6 3* 2 3,5,1.0,False,lesion>control
8976,1-5-8-4-2,2 6 3* 5 3,5,1.0,False,lesion>control
8977,1-5-8-4-8,2 6 3* 5 3*,5,1.0,False,lesion>control
8978,1-5-8-5-0,2 6 3* 6 1,5,1.0,False,lesion>control
8979,1-5-8-5-8,2 6 3* 6 3*,5,1.0,False,lesion>control
8980,1-5-8-7-3,2 6 3* 2* 4,5,1.0,False,control>lesion
8981,1-5-8-7-8,2 6 3* 2* 3*,5,1.0,False,lesion>control
8982,1-5-8-8-9,2 6 3* 3* 4*,5,1.0,False,lesion>control
8983,1-8-0-0-1,2 3* 1 1 2,5,1.0,False,control>lesion
8984,1-8-0-1-9,2 3* 1 2 4*,5,1.0,False,control>lesion
8985,1-8-0-2-3,2 3* 1 3 4,5,1.0,False,control>lesion
8986,1-8-0-3-1,2 3* 1 4 2,5,1.0,False,control>lesion
8987,1-8-0-3-5,2 3* 1 4 6,5,1.0,False,control>lesion
8988,1-8-0-3-8,2 3* 1 4 3*,5,1.0,False,lesion>control
8989,1-8-0-4-2,2 3* 1 5 3,5,1.0,False,lesion>control
8990,1-8-0-4-5,2 3* 1 5 6,5,1.0,False,control>lesion
8991,1-8-0-4-8,2 3* 1 5 3*,5,1.0,False,lesion>control
8992,1-8-0-5-0,2 3* 1 6 1,5,1.0,False,control>lesion
8993,1-8-0-5-8,2 3* 1 6 3*,5,1.0,False,control>lesion
8994,1-8-0-8-0,2 3* 1 3* 1,5,1.0,False,lesion>control
8995,1-8-0-8-3,2 3* 1 3* 4,5,1.0,False,control>lesion
8996,1-8-0-8-5,2 3* 1 3* 6,5,1.0,False,lesion>control
8997,1-8-0-8-7,2 3* 1 3* 2*,5,1.0,False,lesion>control
8998,1-8-1-0-2,2 3* 2 1 3,5,1.0,False,lesion>control
8999,1-8-1-2-0,2 3* 2 3 1,5,1.0,False,control>lesion
9000,1-8-1-2-5,2 3* 2 3 6,5,1.0,False,lesion>control
9001,1-8-1-2-8,2 3* 2 3 3*,5,1.0,False,lesion>control
9002,1-8-1-4-2,2 3* 2 5 3,5,1.0,False,lesion>control
9003,1-8-1-9-8,2 3* 2 4* 3*,5,1.0,False,lesion>control
9004,1-8-3-2-3,2 3* 4 3 4,5,1.0,False,lesion>control
9005,1-8-3-2-4,2 3* 4 3 5,5,1.0,False,lesion>control
9006,1-8-3-5-0,2 3* 4 6 1,5,1.0,False,control>lesion
9007,1-8-3-5-1,2 3* 4 6 2,5,1.0,False,control>lesion
9008,1-8-3-5-2,2 3* 4 6 3,5,1.0,False,control>lesion
9009,1-8-3-5-4,2 3* 4 6 5,5,1.0,False,control>lesion
9010,1-8-3-8-1,2 3* 4 3* 2,5,1.0,False,lesion>control
9011,1-8-3-8-5,2 3* 4 3* 6,5,1.0,False,lesion>control
9012,1-8-4-1-0,2 3* 5 2 1,5,1.0,False,lesion>control
9013,1-8-4-2-4,2 3* 5 3 5,5,1.0,False,lesion>control
9014,1-8-4-5-1,2 3* 5 6 2,5,1.0,False,lesion>control
9015,1-8-4-8-4,2 3* 5 3* 5,5,1.0,False,control>lesion
9016,1-8-4-8-7,2 3* 5 3* 2*,5,1.0,False,lesion>control
9017,1-8-4-9-8,2 3* 5 4* 3*,5,1.0,False,control>lesion
9018,1-8-5-0-3,2 3* 6 1 4,5,1.0,False,control>lesion
9019,1-8-5-0-7,2 3* 6 1 2*,5,1.0,False,lesion>control
9020,1-8-5-1-3,2 3* 6 2 4,5,1.0,False,control>lesion
9021,1-8-5-1-9,2 3* 6 2 4*,5,1.0,False,control>lesion
9022,1-8-5-2-4,2 3* 6 3 5,5,1.0,False,lesion>control
9023,1-8-5-2-8,2 3* 6 3 3*,5,1.0,False,lesion>control
9024,1-8-5-2-9,2 3* 6 3 4*,5,1.0,False,control>lesion
9025,1-8-5-3-4,2 3* 6 4 5,5,1.0,False,control>lesion
9026,1-8-5-3-5,2 3* 6 4 6,5,1.0,False,lesion>control
9027,1-8-5-4-0,2 3* 6 5 1,5,1.0,False,control>lesion
9028,1-8-5-4-9,2 3* 6 5 4*,5,1.0,False,lesion>control
9029,1-8-5-8-7,2 3* 6 3* 2*,5,1.0,False,lesion>control
9030,1-8-7-0-4,2 3* 2* 1 5,5,1.0,False,lesion>control
9031,1-8-7-3-1,2 3* 2* 4 2,5,1.0,False,control>lesion
9032,1-8-7-5-4,2 3* 2* 6 5,5,1.0,False,control>lesion
9033,1-8-7-5-8,2 3* 2* 6 3*,5,1.0,False,lesion>control
9034,1-8-8-0-1,2 3* 3* 1 2,5,1.0,False,control>lesion
9035,1-8-8-0-4,2 3* 3* 1 5,5,1.0,False,lesion>control
9036,1-8-8-5-3,2 3* 3* 6 4,5,1.0,False,control>lesion
9037,1-8-9-0-3,2 3* 4* 1 4,5,1.0,False,control>lesion
9038,1-8-9-0-5,2 3* 4* 1 6,5,1.0,False,control>lesion
9039,1-8-9-1-4,2 3* 4* 2 5,5,1.0,False,control>lesion
9040,1-8-9-2-1,2 3* 4* 3 2,5,1.0,False,lesion>control
9041,1-8-9-8-1,2 3* 4* 3* 2,5,1.0,False,control>lesion
9042,1-8-9-8-8,2 3* 4* 3* 3*,5,1.0,False,control>lesion
9043,1-9-0-8-0,2 4* 1 3* 1,5,1.0,False,lesion>control
9044,1-9-5-8-3,2 4* 6 3* 4,5,1.0,False,control>lesion
9045,1-9-8-3-0,2 4* 3* 4 1,5,1.0,False,control>lesion
9046,1-9-8-7-0,2 4* 3* 2* 1,5,1.0,False,control>lesion
9047,1-9-8-7-3,2 4* 3* 2* 4,5,1.0,False,lesion>control
9048,1-9-8-7-8,2 4* 3* 2* 3*,5,1.0,False,lesion>control
9049,1-9-8-9-8,2 4* 3* 4* 3*,5,1.0,False,lesion>control
9050,2-0-1-3-4,3 1 2 4 5,5,1.0,False,lesion>control
9051,2-0-1-5-8,3 1 2 6 3*,5,1.0,False,control>lesion
9052,2-0-1-8-1,3 1 2 3* 2,5,1.0,False,control>lesion
9053,2-0-2-1-0,3 1 3 2 1,5,1.0,False,lesion>control
9054,2-0-2-1-2,3 1 3 2 3,5,1.0,False,lesion>control
9055,2-0-2-1-4,3 1 3 2 5,5,1.0,False,lesion>control
9056,2-0-2-1-5,3 1 3 2 6,5,1.0,False,lesion>control
9057,2-0-2-5-0,3 1 3 6 1,5,1.0,False,control>lesion
9058,2-0-2-5-1,3 1 3 6 2,5,1.0,False,control>lesion
9059,2-0-2-5-2,3 1 3 6 3,5,1.0,False,lesion>control
9060,2-0-2-7-8,3 1 3 2* 3*,5,1.0,False,lesion>control
9061,2-0-3-0-8,3 1 4 1 3*,5,1.0,False,control>lesion
9062,2-0-3-2-3,3 1 4 3 4,5,1.0,False,lesion>control
9063,2-0-3-4-8,3 1 4 5 3*,5,1.0,False,control>lesion
9064,2-0-3-8-3,3 1 4 3* 4,5,1.0,False,lesion>control
9065,2-0-3-8-5,3 1 4 3* 6,5,1.0,False,control>lesion
9066,2-0-3-8-7,3 1 4 3* 2*,5,1.0,False,lesion>control
9067,2-0-4-1-2,3 1 5 2 3,5,1.0,False,control>lesion
9068,2-0-4-2-3,3 1 5 3 4,5,1.0,False,lesion>control
9069,2-0-4-5-0,3 1 5 6 1,5,1.0,False,lesion>control
9070,2-0-5-0-1,3 1 6 1 2,5,1.0,False,lesion>control
9071,2-0-5-0-4,3 1 6 1 5,5,1.0,False,lesion>control
9072,2-0-5-1-0,3 1 6 2 1,5,1.0,False,lesion>control
9073,2-0-5-2-4,3 1 6 3 5,5,1.0,False,lesion>control
9074,2-0-5-4-2,3 1 6 5 3,5,1.0,False,lesion>control
9075,2-0-5-8-9,3 1 6 3* 4*,5,1.0,False,lesion>control
9076,2-0-5-9-0,3 1 6 4* 1,5,1.0,False,lesion>control
9077,2-0-7-0-1,3 1 2* 1 2,5,1.0,False,lesion>control
9078,2-0-7-0-3,3 1 2* 1 4,5,1.0,False,lesion>control
9079,2-0-7-8-1,3 1 2* 3* 2,5,1.0,False,lesion>control
9080,2-0-7-8-9,3 1 2* 3* 4*,5,1.0,False,control>lesion
9081,2-0-8-5-2,3 1 3* 6 3,5,1.0,False,lesion>control
9082,2-0-8-5-4,3 1 3* 6 5,5,1.0,False,control>lesion
9083,2-1-0-1-3,3 2 1 2 4,5,1.0,False,lesion>control
9084,2-1-0-1-8,3 2 1 2 3*,5,1.0,False,control>lesion
9085,2-1-0-2-3,3 2 1 3 4,5,1.0,False,lesion>control
9086,2-1-0-5-0,3 2 1 6 1,5,1.0,False,lesion>control
9087,2-1-0-5-1,3 2 1 6 2,5,1.0,False,lesion>control
9088,2-1-0-5-2,3 2 1 6 3,5,1.0,False,lesion>control
9089,2-1-0-8-1,3 2 1 3* 2,5,1.0,False,lesion>control
9090,2-1-1-0-8,3 2 2 1 3*,5,1.0,False,lesion>control
9091,2-1-2-0-2,3 2 3 1 3,5,1.0,False,control>lesion
9092,2-1-2-1-4,3 2 3 2 5,5,1.0,False,control>lesion
9093,2-1-2-1-8,3 2 3 2 3*,5,1.0,False,lesion>control
9094,2-1-2-3-4,3 2 3 4 5,5,1.0,False,lesion>control
9095,2-1-2-4-3,3 2 3 5 4,5,1.0,False,lesion>control
9096,2-1-3-1-3,3 2 4 2 4,5,1.0,False,lesion>control
9097,2-1-3-2-1,3 2 4 3 2,5,1.0,False,lesion>control
9098,2-1-3-5-3,3 2 4 6 4,5,1.0,False,control>lesion
9099,2-1-3-8-9,3 2 4 3* 4*,5,1.0,False,lesion>control
9100,2-1-4-2-0,3 2 5 3 1,5,1.0,False,control>lesion
9101,2-1-4-3-8,3 2 5 4 3*,5,1.0,False,lesion>control
9102,2-1-4-8-5,3 2 5 3* 6,5,1.0,False,lesion>control
9103,2-1-5-1-2,3 2 6 2 3,5,1.0,False,control>lesion
9104,2-1-5-2-1,3 2 6 3 2,5,1.0,False,lesion>control
9105,2-1-5-8-4,3 2 6 3* 5,5,1.0,False,lesion>control
9106,2-1-5-8-5,3 2 6 3* 6,5,1.0,False,lesion>control
9107,2-1-8-4-0,3 2 3* 5 1,5,1.0,False,lesion>control
9108,2-1-8-4-5,3 2 3* 5 6,5,1.0,False,lesion>control
9109,2-1-8-4-8,3 2 3* 5 3*,5,1.0,False,lesion>control
9110,2-1-8-5-0,3 2 3* 6 1,5,1.0,False,lesion>control
9111,2-1-8-5-8,3 2 3* 6 3*,5,1.0,False,lesion>control
9112,2-1-8-7-4,3 2 3* 2* 5,5,1.0,False,lesion>control
9113,2-1-8-9-1,3 2 3* 4* 2,5,1.0,False,lesion>control
9114,2-1-8-9-5,3 2 3* 4* 6,5,1.0,False,control>lesion
9115,2-1-9-8-7,3 2 4* 3* 2*,5,1.0,False,lesion>control
9116,2-3-0-1-2,3 4 1 2 3,5,1.0,False,lesion>control
9117,2-3-0-1-5,3 4 1 2 6,5,1.0,False,lesion>control
9118,2-3-0-2-3,3 4 1 3 4,5,1.0,False,control>lesion
9119,2-3-0-5-0,3 4 1 6 1,5,1.0,False,control>lesion
9120,2-3-0-8-0,3 4 1 3* 1,5,1.0,False,lesion>control
9121,2-3-0-8-3,3 4 1 3* 4,5,1.0,False,control>lesion
9122,2-3-1-0-3,3 4 2 1 4,5,1.0,False,lesion>control
9123,2-3-1-3-8,3 4 2 4 3*,5,1.0,False,lesion>control
9124,2-3-1-8-9,3 4 2 3* 4*,5,1.0,False,lesion>control
9125,2-3-2-0-2,3 4 3 1 3,5,1.0,False,lesion>control
9126,2-3-2-0-7,3 4 3 1 2*,5,1.0,False,lesion>control
9127,2-3-2-1-0,3 4 3 2 1,5,1.0,False,lesion>control
9128,2-3-2-1-3,3 4 3 2 4,5,1.0,False,lesion>control
9129,2-3-2-5-0,3 4 3 6 1,5,1.0,False,lesion>control
9130,2-3-2-5-7,3 4 3 6 2*,5,1.0,False,lesion>control
9131,2-3-2-5-8,3 4 3 6 3*,5,1.0,False,lesion>control
9132,2-3-2-7-3,3 4 3 2* 4,5,1.0,False,lesion>control
9133,2-3-4-2-1,3 4 5 3 2,5,1.0,False,lesion>control
9134,2-3-4-3-0,3 4 5 4 1,5,1.0,False,lesion>control
9135,2-3-4-3-8,3 4 5 4 3*,5,1.0,False,lesion>control
9136,2-3-4-5-2,3 4 5 6 3,5,1.0,False,lesion>control
9137,2-3-5-1-3,3 4 6 2 4,5,1.0,False,lesion>control
9138,2-3-5-8-7,3 4 6 3* 2*,5,1.0,False,lesion>control
9139,2-3-5-8-9,3 4 6 3* 4*,5,1.0,False,control>lesion
9140,2-3-8-0-3,3 4 3* 1 4,5,1.0,False,lesion>control
9141,2-3-8-1-2,3 4 3* 2 3,5,1.0,False,lesion>control
9142,2-3-8-3-4,3 4 3* 4 5,5,1.0,False,control>lesion
9143,2-3-8-3-7,3 4 3* 4 2*,5,1.0,False,lesion>control
9144,2-3-8-4-8,3 4 3* 5 3*,5,1.0,False,lesion>control
9145,2-3-8-5-1,3 4 3* 6 2,5,1.0,False,lesion>control
9146,2-3-8-5-2,3 4 3* 6 3,5,1.0,False,lesion>control
9147,2-3-8-7-0,3 4 3* 2* 1,5,1.0,False,lesion>control
9148,2-3-8-7-3,3 4 3* 2* 4,5,1.0,False,lesion>control
9149,2-4-1-1-0,3 5 2 2 1,5,1.0,False,lesion>control
9150,2-4-2-1-8,3 5 3 2 3*,5,1.0,False,lesion>control
9151,2-4-3-0-5,3 5 4 1 6,5,1.0,False,control>lesion
9152,2-4-3-8-4,3 5 4 3* 5,5,1.0,False,lesion>control
9153,2-4-5-1-2,3 5 6 2 3,5,1.0,False,lesion>control
9154,2-4-7-3-8,3 5 2* 4 3*,5,1.0,False,lesion>control
9155,2-4-8-0-8,3 5 3* 1 3*,5,1.0,False,lesion>control
9156,2-4-8-5-3,3 5 3* 6 4,5,1.0,False,control>lesion
9157,2-4-8-7-8,3 5 3* 2* 3*,5,1.0,False,lesion>control
9158,2-4-9-8-7,3 5 4* 3* 2*,5,1.0,False,lesion>control
9159,2-5-0-2-1,3 6 1 3 2,5,1.0,False,lesion>control
9160,2-5-0-2-5,3 6 1 3 6,5,1.0,False,lesion>control
9161,2-5-0-2-7,3 6 1 3 2*,5,1.0,False,control>lesion
9162,2-5-0-3-1,3 6 1 4 2,5,1.0,False,lesion>control
9163,2-5-0-3-4,3 6 1 4 5,5,1.0,False,control>lesion
9164,2-5-0-3-5,3 6 1 4 6,5,1.0,False,control>lesion
9165,2-5-0-4-0,3 6 1 5 1,5,1.0,False,lesion>control
9166,2-5-0-5-0,3 6 1 6 1,5,1.0,False,lesion>control
9167,2-5-0-5-2,3 6 1 6 3,5,1.0,False,lesion>control
9168,2-5-1-0-3,3 6 2 1 4,5,1.0,False,lesion>control
9169,2-5-1-2-8,3 6 2 3 3*,5,1.0,False,control>lesion
9170,2-5-2-0-4,3 6 3 1 5,5,1.0,False,control>lesion
9171,2-5-2-0-8,3 6 3 1 3*,5,1.0,False,lesion>control
9172,2-5-2-0-9,3 6 3 1 4*,5,1.0,False,lesion>control
9173,2-5-2-1-0,3 6 3 2 1,5,1.0,False,lesion>control
9174,2-5-2-1-5,3 6 3 2 6,5,1.0,False,lesion>control
9175,2-5-2-3-0,3 6 3 4 1,5,1.0,False,lesion>control
9176,2-5-2-5-0,3 6 3 6 1,5,1.0,False,lesion>control
9177,2-5-2-7-0,3 6 3 2* 1,5,1.0,False,lesion>control
9178,2-5-2-7-5,3 6 3 2* 6,5,1.0,False,lesion>control
9179,2-5-2-8-9,3 6 3 3* 4*,5,1.0,False,lesion>control
9180,2-5-3-2-1,3 6 4 3 2,5,1.0,False,control>lesion
9181,2-5-3-4-1,3 6 4 5 2,5,1.0,False,control>lesion
9182,2-5-3-7-8,3 6 4 2* 3*,5,1.0,False,lesion>control
9183,2-5-3-8-3,3 6 4 3* 4,5,1.0,False,control>lesion
9184,2-5-3-8-8,3 6 4 3* 3*,5,1.0,False,lesion>control
9185,2-5-4-3-8,3 6 5 4 3*,5,1.0,False,lesion>control
9186,2-5-4-8-7,3 6 5 3* 2*,5,1.0,False,control>lesion
9187,2-5-5-8-9,3 6 6 3* 4*,5,1.0,False,lesion>control
9188,2-5-7-8-5,3 6 2* 3* 6,5,1.0,False,lesion>control
9189,2-5-8-0-8,3 6 3* 1 3*,5,1.0,False,lesion>control
9190,2-5-8-3-5,3 6 3* 4 6,5,1.0,False,lesion>control
9191,2-5-8-5-8,3 6 3* 6 3*,5,1.0,False,lesion>control
9192,2-5-8-9-8,3 6 3* 4* 3*,5,1.0,False,control>lesion
9193,2-7-0-1-0,3 2* 1 2 1,5,1.0,False,lesion>control
9194,2-7-0-1-5,3 2* 1 2 6,5,1.0,False,lesion>control
9195,2-7-0-3-1,3 2* 1 4 2,5,1.0,False,lesion>control
9196,2-7-0-3-5,3 2* 1 4 6,5,1.0,False,control>lesion
9197,2-7-3-4-8,3 2* 4 5 3*,5,1.0,False,lesion>control
9198,2-7-3-5-8,3 2* 4 6 3*,5,1.0,False,control>lesion
9199,2-7-5-0-5,3 2* 6 1 6,5,1.0,False,lesion>control
9200,2-7-5-4-8,3 2* 6 5 3*,5,1.0,False,lesion>control
9201,2-7-5-8-1,3 2* 6 3* 2,5,1.0,False,lesion>control
9202,2-7-5-8-9,3 2* 6 3* 4*,5,1.0,False,lesion>control
9203,2-7-8-0-2,3 2* 3* 1 3,5,1.0,False,lesion>control
9204,2-7-8-1-2,3 2* 3* 2 3,5,1.0,False,control>lesion
9205,2-7-8-1-3,3 2* 3* 2 4,5,1.0,False,control>lesion
9206,2-7-8-1-5,3 2* 3* 2 6,5,1.0,False,lesion>control
9207,2-7-8-4-2,3 2* 3* 5 3,5,1.0,False,control>lesion
9208,2-7-8-4-8,3 2* 3* 5 3*,5,1.0,False,lesion>control
9209,2-7-8-5-2,3 2* 3* 6 3,5,1.0,False,lesion>control
9210,2-7-8-9-1,3 2* 3* 4* 2,5,1.0,False,lesion>control
9211,2-8-5-0-2,3 3* 6 1 3,5,1.0,False,control>lesion
9212,2-8-5-3-8,3 3* 6 4 3*,5,1.0,False,lesion>control
9213,2-8-7-0-3,3 3* 2* 1 4,5,1.0,False,control>lesion
9214,2-8-7-8-1,3 3* 2* 3* 2,5,1.0,False,control>lesion
9215,2-8-9-8-7,3 3* 4* 3* 2*,5,1.0,False,lesion>control
9216,2-9-0-8-3,3 4* 1 3* 4,5,1.0,False,lesion>control
9217,2-9-1-3-1,3 4* 2 4 2,5,1.0,False,lesion>control
9218,2-9-1-3-8,3 4* 2 4 3*,5,1.0,False,lesion>control
9219,2-9-1-8-5,3 4* 2 3* 6,5,1.0,False,control>lesion
9220,2-9-5-8-3,3 4* 6 3* 4,5,1.0,False,control>lesion
9221,2-9-8-0-3,3 4* 3* 1 4,5,1.0,False,control>lesion
9222,2-9-8-0-7,3 4* 3* 1 2*,5,1.0,False,control>lesion
9223,2-9-8-3-1,3 4* 3* 4 2,5,1.0,False,lesion>control
9224,2-9-8-7-5,3 4* 3* 2* 6,5,1.0,False,lesion>control
9225,2-9-8-8-7,3 4* 3* 3* 2*,5,1.0,False,lesion>control
9226,3-0-1-0-5,4 1 2 1 6,5,1.0,False,control>lesion
9227,3-0-1-2-3,4 1 2 3 4,5,1.0,False,lesion>control
9228,3-0-1-4-3,4 1 2 5 4,5,1.0,False,control>lesion
9229,3-0-1-5-1,4 1 2 6 2,5,1.0,False,lesion>control
9230,3-0-1-5-2,4 1 2 6 3,5,1.0,False,lesion>control
9231,3-0-1-8-5,4 1 2 3* 6,5,1.0,False,control>lesion
9232,3-0-2-3-2,4 1 3 4 3,5,1.0,False,control>lesion
9233,3-0-2-5-0,4 1 3 6 1,5,1.0,False,control>lesion
9234,3-0-3-0-8,4 1 4 1 3*,5,1.0,False,lesion>control
9235,3-0-3-1-3,4 1 4 2 4,5,1.0,False,lesion>control
9236,3-0-3-1-4,4 1 4 2 5,5,1.0,False,control>lesion
9237,3-0-3-2-3,4 1 4 3 4,5,1.0,False,lesion>control
9238,3-0-3-5-3,4 1 4 6 4,5,1.0,False,lesion>control
9239,3-0-3-8-5,4 1 4 3* 6,5,1.0,False,lesion>control
9240,3-0-4-1-0,4 1 5 2 1,5,1.0,False,lesion>control
9241,3-0-4-1-8,4 1 5 2 3*,5,1.0,False,control>lesion
9242,3-0-4-5-1,4 1 5 6 2,5,1.0,False,lesion>control
9243,3-0-4-5-3,4 1 5 6 4,5,1.0,False,lesion>control
9244,3-0-4-5-4,4 1 5 6 5,5,1.0,False,control>lesion
9245,3-0-4-5-8,4 1 5 6 3*,5,1.0,False,lesion>control
9246,3-0-4-8-0,4 1 5 3* 1,5,1.0,False,lesion>control
9247,3-0-5-0-1,4 1 6 1 2,5,1.0,False,control>lesion
9248,3-0-5-1-2,4 1 6 2 3,5,1.0,False,control>lesion
9249,3-0-5-3-1,4 1 6 4 2,5,1.0,False,control>lesion
9250,3-0-5-8-0,4 1 6 3* 1,5,1.0,False,control>lesion
9251,3-0-5-8-1,4 1 6 3* 2,5,1.0,False,control>lesion
9252,3-0-7-0-4,4 1 2* 1 5,5,1.0,False,lesion>control
9253,3-0-7-4-5,4 1 2* 5 6,5,1.0,False,control>lesion
9254,3-0-7-5-8,4 1 2* 6 3*,5,1.0,False,lesion>control
9255,3-0-7-8-9,4 1 2* 3* 4*,5,1.0,False,lesion>control
9256,3-0-8-0-1,4 1 3* 1 2,5,1.0,False,control>lesion
9257,3-0-8-0-2,4 1 3* 1 3,5,1.0,False,lesion>control
9258,3-0-8-0-3,4 1 3* 1 4,5,1.0,False,control>lesion
9259,3-0-8-0-5,4 1 3* 1 6,5,1.0,False,lesion>control
9260,3-0-8-0-7,4 1 3* 1 2*,5,1.0,False,control>lesion
9261,3-0-8-3-2,4 1 3* 4 3,5,1.0,False,lesion>control
9262,3-0-8-3-3,4 1 3* 4 4,5,1.0,False,control>lesion
9263,3-0-8-4-2,4 1 3* 5 3,5,1.0,False,control>lesion
9264,3-0-8-4-7,4 1 3* 5 2*,5,1.0,False,lesion>control
9265,3-0-8-4-8,4 1 3* 5 3*,5,1.0,False,control>lesion
9266,3-0-8-5-1,4 1 3* 6 2,5,1.0,False,control>lesion
9267,3-0-8-5-2,4 1 3* 6 3,5,1.0,False,lesion>control
9268,3-0-8-9-8,4 1 3* 4* 3*,5,1.0,False,control>lesion
9269,3-1-0-1-4,4 2 1 2 5,5,1.0,False,control>lesion
9270,3-1-0-3-0,4 2 1 4 1,5,1.0,False,lesion>control
9271,3-1-0-4-1,4 2 1 5 2,5,1.0,False,lesion>control
9272,3-1-0-4-8,4 2 1 5 3*,5,1.0,False,lesion>control
9273,3-1-0-8-0,4 2 1 3* 1,5,1.0,False,control>lesion
9274,3-1-2-3-0,4 2 3 4 1,5,1.0,False,control>lesion
9275,3-1-3-0-4,4 2 4 1 5,5,1.0,False,lesion>control
9276,3-1-3-1-5,4 2 4 2 6,5,1.0,False,lesion>control
9277,3-1-3-1-8,4 2 4 2 3*,5,1.0,False,lesion>control
9278,3-1-3-5-1,4 2 4 6 2,5,1.0,False,lesion>control
9279,3-1-3-5-4,4 2 4 6 5,5,1.0,False,lesion>control
9280,3-1-3-8-4,4 2 4 3* 5,5,1.0,False,lesion>control
9281,3-1-4-1-4,4 2 5 2 5,5,1.0,False,lesion>control
9282,3-1-4-1-8,4 2 5 2 3*,5,1.0,False,control>lesion
9283,3-1-4-5-1,4 2 5 6 2,5,1.0,False,lesion>control
9284,3-1-4-5-4,4 2 5 6 5,5,1.0,False,control>lesion
9285,3-1-4-8-0,4 2 5 3* 1,5,1.0,False,lesion>control
9286,3-1-5-0-3,4 2 6 1 4,5,1.0,False,control>lesion
9287,3-1-5-0-5,4 2 6 1 6,5,1.0,False,lesion>control
9288,3-1-5-1-3,4 2 6 2 4,5,1.0,False,control>lesion
9289,3-1-5-1-4,4 2 6 2 5,5,1.0,False,lesion>control
9290,3-1-5-1-8,4 2 6 2 3*,5,1.0,False,control>lesion
9291,3-1-5-3-1,4 2 6 4 2,5,1.0,False,control>lesion
9292,3-1-5-4-1,4 2 6 5 2,5,1.0,False,lesion>control
9293,3-1-5-8-0,4 2 6 3* 1,5,1.0,False,lesion>control
9294,3-1-5-8-7,4 2 6 3* 2*,5,1.0,False,lesion>control
9295,3-1-5-8-8,4 2 6 3* 3*,5,1.0,False,lesion>control
9296,3-1-8-0-8,4 2 3* 1 3*,5,1.0,False,control>lesion
9297,3-1-8-1-5,4 2 3* 2 6,5,1.0,False,control>lesion
9298,3-1-8-3-1,4 2 3* 4 2,5,1.0,False,lesion>control
9299,3-1-8-3-4,4 2 3* 4 5,5,1.0,False,control>lesion
9300,3-1-8-3-8,4 2 3* 4 3*,5,1.0,False,lesion>control
9301,3-1-8-4-1,4 2 3* 5 2,5,1.0,False,lesion>control
9302,3-1-8-4-8,4 2 3* 5 3*,5,1.0,False,control>lesion
9303,3-1-8-7-0,4 2 3* 2* 1,5,1.0,False,control>lesion
9304,3-1-8-7-8,4 2 3* 2* 3*,5,1.0,False,control>lesion
9305,3-1-8-8-0,4 2 3* 3* 1,5,1.0,False,control>lesion
9306,3-2-0-2-0,4 3 1 3 1,5,1.0,False,lesion>control
9307,3-2-0-2-1,4 3 1 3 2,5,1.0,False,lesion>control
9308,3-2-0-3-8,4 3 1 4 3*,5,1.0,False,lesion>control
9309,3-2-0-5-4,4 3 1 6 5,5,1.0,False,lesion>control
9310,3-2-0-5-8,4 3 1 6 3*,5,1.0,False,lesion>control
9311,3-2-1-0-1,4 3 2 1 2,5,1.0,False,lesion>control
9312,3-2-1-2-1,4 3 2 3 2,5,1.0,False,lesion>control
9313,3-2-1-2-5,4 3 2 3 6,5,1.0,False,lesion>control
9314,3-2-1-3-1,4 3 2 4 2,5,1.0,False,lesion>control
9315,3-2-1-5-2,4 3 2 6 3,5,1.0,False,lesion>control
9316,3-2-1-5-4,4 3 2 6 5,5,1.0,False,control>lesion
9317,3-2-1-8-7,4 3 2 3* 2*,5,1.0,False,lesion>control
9318,3-2-3-2-5,4 3 4 3 6,5,1.0,False,lesion>control
9319,3-2-3-8-7,4 3 4 3* 2*,5,1.0,False,lesion>control
9320,3-2-4-2-1,4 3 5 3 2,5,1.0,False,lesion>control
9321,3-2-4-3-8,4 3 5 4 3*,5,1.0,False,lesion>control
9322,3-2-4-8-7,4 3 5 3* 2*,5,1.0,False,lesion>control
9323,3-2-5-0-5,4 3 6 1 6,5,1.0,False,lesion>control
9324,3-2-5-3-2,4 3 6 4 3,5,1.0,False,control>lesion
9325,3-2-5-3-8,4 3 6 4 3*,5,1.0,False,control>lesion
9326,3-2-5-4-8,4 3 6 5 3*,5,1.0,False,control>lesion
9327,3-2-5-7-8,4 3 6 2* 3*,5,1.0,False,lesion>control
9328,3-2-5-8-1,4 3 6 3* 2,5,1.0,False,lesion>control
9329,3-2-5-8-3,4 3 6 3* 4,5,1.0,False,lesion>control
9330,3-2-5-8-5,4 3 6 3* 6,5,1.0,False,lesion>control
9331,3-2-7-4-8,4 3 2* 5 3*,5,1.0,False,lesion>control
9332,3-2-7-5-3,4 3 2* 6 4,5,1.0,False,lesion>control
9333,3-2-7-8-0,4 3 2* 3* 1,5,1.0,False,lesion>control
9334,3-2-7-8-4,4 3 2* 3* 5,5,1.0,False,lesion>control
9335,3-2-8-7-3,4 3 3* 2* 4,5,1.0,False,lesion>control
9336,3-3-4-1-8,4 4 5 2 3*,5,1.0,False,lesion>control
9337,3-3-4-3-8,4 4 5 4 3*,5,1.0,False,lesion>control
9338,3-3-4-5-1,4 4 5 6 2,5,1.0,False,control>lesion
9339,3-3-5-3-1,4 4 6 4 2,5,1.0,False,control>lesion
9340,3-3-5-4-5,4 4 6 5 6,5,1.0,False,lesion>control
9341,3-3-5-8-3,4 4 6 3* 4,5,1.0,False,control>lesion
9342,3-3-8-0-1,4 4 3* 1 2,5,1.0,False,control>lesion
9343,3-3-8-3-1,4 4 3* 4 2,5,1.0,False,control>lesion
9344,3-3-8-4-7,4 4 3* 5 2*,5,1.0,False,lesion>control
9345,3-3-8-5-3,4 4 3* 6 4,5,1.0,False,control>lesion
9346,3-4-0-1-3,4 5 1 2 4,5,1.0,False,control>lesion
9347,3-4-0-1-5,4 5 1 2 6,5,1.0,False,control>lesion
9348,3-4-0-1-8,4 5 1 2 3*,5,1.0,False,lesion>control
9349,3-4-0-3-1,4 5 1 4 2,5,1.0,False,lesion>control
9350,3-4-0-4-5,4 5 1 5 6,5,1.0,False,lesion>control
9351,3-4-0-4-8,4 5 1 5 3*,5,1.0,False,control>lesion
9352,3-4-0-5-2,4 5 1 6 3,5,1.0,False,control>lesion
9353,3-4-0-5-3,4 5 1 6 4,5,1.0,False,control>lesion
9354,3-4-0-5-4,4 5 1 6 5,5,1.0,False,lesion>control
9355,3-4-0-8-4,4 5 1 3* 5,5,1.0,False,lesion>control
9356,3-4-0-8-7,4 5 1 3* 2*,5,1.0,False,lesion>control
9357,3-4-1-3-0,4 5 2 4 1,5,1.0,False,lesion>control
9358,3-4-1-3-1,4 5 2 4 2,5,1.0,False,lesion>control
9359,3-4-1-3-5,4 5 2 4 6,5,1.0,False,control>lesion
9360,3-4-1-5-1,4 5 2 6 2,5,1.0,False,lesion>control
9361,3-4-1-5-4,4 5 2 6 5,5,1.0,False,lesion>control
9362,3-4-1-8-9,4 5 2 3* 4*,5,1.0,False,lesion>control
9363,3-4-2-1-0,4 5 3 2 1,5,1.0,False,lesion>control
9364,3-4-2-7-8,4 5 3 2* 3*,5,1.0,False,lesion>control
9365,3-4-3-0-1,4 5 4 1 2,5,1.0,False,control>lesion
9366,3-4-3-0-3,4 5 4 1 4,5,1.0,False,lesion>control
9367,3-4-3-1-4,4 5 4 2 5,5,1.0,False,control>lesion
9368,3-4-3-3-4,4 5 4 4 5,5,1.0,False,control>lesion
9369,3-4-3-4-0,4 5 4 5 1,5,1.0,False,lesion>control
9370,3-4-3-5-8,4 5 4 6 3*,5,1.0,False,control>lesion
9371,3-4-5-2-0,4 5 6 3 1,5,1.0,False,lesion>control
9372,3-4-5-3-4,4 5 6 4 5,5,1.0,False,lesion>control
9373,3-4-5-8-4,4 5 6 3* 5,5,1.0,False,lesion>control
9374,3-4-5-8-5,4 5 6 3* 6,5,1.0,False,control>lesion
9375,3-4-8-0-8,4 5 3* 1 3*,5,1.0,False,control>lesion
9376,3-4-8-0-9,4 5 3* 1 4*,5,1.0,False,control>lesion
9377,3-4-8-1-8,4 5 3* 2 3*,5,1.0,False,control>lesion
9378,3-4-8-3-0,4 5 3* 4 1,5,1.0,False,lesion>control
9379,3-4-8-3-5,4 5 3* 4 6,5,1.0,False,control>lesion
9380,3-4-8-4-2,4 5 3* 5 3,5,1.0,False,control>lesion
9381,3-4-8-7-4,4 5 3* 2* 5,5,1.0,False,lesion>control
9382,3-4-8-7-5,4 5 3* 2* 6,5,1.0,False,control>lesion
9383,3-4-8-8-0,4 5 3* 3* 1,5,1.0,False,control>lesion
9384,3-4-8-9-5,4 5 3* 4* 6,5,1.0,False,control>lesion
9385,3-4-8-9-8,4 5 3* 4* 3*,5,1.0,False,control>lesion
9386,3-5-0-4-0,4 6 1 5 1,5,1.0,False,control>lesion
9387,3-5-0-4-3,4 6 1 5 4,5,1.0,False,control>lesion
9388,3-5-0-8-4,4 6 1 3* 5,5,1.0,False,lesion>control
9389,3-5-0-8-5,4 6 1 3* 6,5,1.0,False,control>lesion
9390,3-5-0-8-8,4 6 1 3* 3*,5,1.0,False,control>lesion
9391,3-5-1-1-3,4 6 2 2 4,5,1.0,False,control>lesion
9392,3-5-1-3-0,4 6 2 4 1,5,1.0,False,control>lesion
9393,3-5-1-3-5,4 6 2 4 6,5,1.0,False,lesion>control
9394,3-5-1-5-0,4 6 2 6 1,5,1.0,False,lesion>control
9395,3-5-1-8-0,4 6 2 3* 1,5,1.0,False,control>lesion
9396,3-5-1-8-1,4 6 2 3* 2,5,1.0,False,lesion>control
9397,3-5-1-8-3,4 6 2 3* 4,5,1.0,False,control>lesion
9398,3-5-1-8-5,4 6 2 3* 6,5,1.0,False,lesion>control
9399,3-5-1-8-8,4 6 2 3* 3*,5,1.0,False,control>lesion
9400,3-5-2-0-2,4 6 3 1 3,5,1.0,False,lesion>control
9401,3-5-2-0-4,4 6 3 1 5,5,1.0,False,lesion>control
9402,3-5-2-0-8,4 6 3 1 3*,5,1.0,False,control>lesion
9403,3-5-2-5-2,4 6 3 6 3,5,1.0,False,lesion>control
9404,3-5-3-0-4,4 6 4 1 5,5,1.0,False,control>lesion
9405,3-5-3-0-8,4 6 4 1 3*,5,1.0,False,control>lesion
9406,3-5-3-2-0,4 6 4 3 1,5,1.0,False,lesion>control
9407,3-5-3-2-1,4 6 4 3 2,5,1.0,False,lesion>control
9408,3-5-3-4-0,4 6 4 5 1,5,1.0,False,lesion>control
9409,3-5-3-4-1,4 6 4 5 2,5,1.0,False,control>lesion
9410,3-5-3-5-4,4 6 4 6 5,5,1.0,False,lesion>control
9411,3-5-4-0-1,4 6 5 1 2,5,1.0,False,control>lesion
9412,3-5-4-0-3,4 6 5 1 4,5,1.0,False,control>lesion
9413,3-5-4-3-4,4 6 5 4 5,5,1.0,False,control>lesion
9414,3-5-4-5-0,4 6 5 6 1,5,1.0,False,control>lesion
9415,3-5-8-0-4,4 6 3* 1 5,5,1.0,False,lesion>control
9416,3-5-8-0-7,4 6 3* 1 2*,5,1.0,False,control>lesion
9417,3-5-8-0-8,4 6 3* 1 3*,5,1.0,False,control>lesion
9418,3-5-8-4-5,4 6 3* 5 6,5,1.0,False,lesion>control
9419,3-5-8-9-0,4 6 3* 4* 1,5,1.0,False,control>lesion
9420,3-5-8-9-8,4 6 3* 4* 3*,5,1.0,False,lesion>control
9421,3-7-0-1-3,4 2* 1 2 4,5,1.0,False,control>lesion
9422,3-7-0-3-1,4 2* 1 4 2,5,1.0,False,control>lesion
9423,3-7-3-1-0,4 2* 4 2 1,5,1.0,False,lesion>control
9424,3-7-3-8-1,4 2* 4 3* 2,5,1.0,False,lesion>control
9425,3-7-8-1-0,4 2* 3* 2 1,5,1.0,False,lesion>control
9426,3-7-8-9-8,4 2* 3* 4* 3*,5,1.0,False,lesion>control
9427,3-8-0-1-4,4 3* 1 2 5,5,1.0,False,control>lesion
9428,3-8-0-2-0,4 3* 1 3 1,5,1.0,False,lesion>control
9429,3-8-0-2-5,4 3* 1 3 6,5,1.0,False,control>lesion
9430,3-8-0-2-9,4 3* 1 3 4*,5,1.0,False,control>lesion
9431,3-8-0-3-1,4 3* 1 4 2,5,1.0,False,control>lesion
9432,3-8-0-3-7,4 3* 1 4 2*,5,1.0,False,control>lesion
9433,3-8-0-4-5,4 3* 1 5 6,5,1.0,False,lesion>control
9434,3-8-0-7-4,4 3* 1 2* 5,5,1.0,False,control>lesion
9435,3-8-0-7-5,4 3* 1 2* 6,5,1.0,False,control>lesion
9436,3-8-0-9-5,4 3* 1 4* 6,5,1.0,False,control>lesion
9437,3-8-1-0-2,4 3* 2 1 3,5,1.0,False,control>lesion
9438,3-8-1-2-0,4 3* 2 3 1,5,1.0,False,control>lesion
9439,3-8-1-2-9,4 3* 2 3 4*,5,1.0,False,lesion>control
9440,3-8-1-4-5,4 3* 2 5 6,5,1.0,False,lesion>control
9441,3-8-1-5-3,4 3* 2 6 4,5,1.0,False,lesion>control
9442,3-8-1-8-0,4 3* 2 3* 1,5,1.0,False,control>lesion
9443,3-8-1-8-9,4 3* 2 3* 4*,5,1.0,False,lesion>control
9444,3-8-3-0-2,4 3* 4 1 3,5,1.0,False,control>lesion
9445,3-8-3-0-4,4 3* 4 1 5,5,1.0,False,control>lesion
9446,3-8-3-0-7,4 3* 4 1 2*,5,1.0,False,lesion>control
9447,3-8-3-1-4,4 3* 4 2 5,5,1.0,False,lesion>control
9448,3-8-3-2-4,4 3* 4 3 5,5,1.0,False,lesion>control
9449,3-8-3-2-8,4 3* 4 3 3*,5,1.0,False,lesion>control
9450,3-8-3-4-2,4 3* 4 5 3,5,1.0,False,lesion>control
9451,3-8-3-5-0,4 3* 4 6 1,5,1.0,False,control>lesion
9452,3-8-3-5-2,4 3* 4 6 3,5,1.0,False,lesion>control
9453,3-8-3-7-8,4 3* 4 2* 3*,5,1.0,False,lesion>control
9454,3-8-3-8-1,4 3* 4 3* 2,5,1.0,False,lesion>control
9455,3-8-4-1-8,4 3* 5 2 3*,5,1.0,False,lesion>control
9456,3-8-4-2-0,4 3* 5 3 1,5,1.0,False,lesion>control
9457,3-8-4-3-1,4 3* 5 4 2,5,1.0,False,lesion>control
9458,3-8-4-3-2,4 3* 5 4 3,5,1.0,False,control>lesion
9459,3-8-4-3-5,4 3* 5 4 6,5,1.0,False,control>lesion
9460,3-8-4-5-2,4 3* 5 6 3,5,1.0,False,control>lesion
9461,3-8-4-5-3,4 3* 5 6 4,5,1.0,False,lesion>control
9462,3-8-4-5-4,4 3* 5 6 5,5,1.0,False,lesion>control
9463,3-8-4-7-0,4 3* 5 2* 1,5,1.0,False,lesion>control
9464,3-8-4-8-0,4 3* 5 3* 1,5,1.0,False,control>lesion
9465,3-8-4-8-4,4 3* 5 3* 5,5,1.0,False,lesion>control
9466,3-8-4-8-5,4 3* 5 3* 6,5,1.0,False,lesion>control
9467,3-8-5-0-2,4 3* 6 1 3,5,1.0,False,lesion>control
9468,3-8-5-0-4,4 3* 6 1 5,5,1.0,False,lesion>control
9469,3-8-5-0-7,4 3* 6 1 2*,5,1.0,False,lesion>control
9470,3-8-5-0-8,4 3* 6 1 3*,5,1.0,False,lesion>control
9471,3-8-5-1-3,4 3* 6 2 4,5,1.0,False,lesion>control
9472,3-8-5-1-5,4 3* 6 2 6,5,1.0,False,lesion>control
9473,3-8-5-1-8,4 3* 6 2 3*,5,1.0,False,lesion>control
9474,3-8-5-3-2,4 3* 6 4 3,5,1.0,False,control>lesion
9475,3-8-5-3-5,4 3* 6 4 6,5,1.0,False,lesion>control
9476,3-8-5-3-7,4 3* 6 4 2*,5,1.0,False,control>lesion
9477,3-8-5-4-5,4 3* 6 5 6,5,1.0,False,control>lesion
9478,3-8-5-4-9,4 3* 6 5 4*,5,1.0,False,lesion>control
9479,3-8-5-8-0,4 3* 6 3* 1,5,1.0,False,lesion>control
9480,3-8-5-8-9,4 3* 6 3* 4*,5,1.0,False,control>lesion
9481,3-8-7-1-0,4 3* 2* 2 1,5,1.0,False,lesion>control
9482,3-8-7-2-0,4 3* 2* 3 1,5,1.0,False,lesion>control
9483,3-8-7-2-1,4 3* 2* 3 2,5,1.0,False,lesion>control
9484,3-8-7-4-1,4 3* 2* 5 2,5,1.0,False,lesion>control
9485,3-8-7-4-5,4 3* 2* 5 6,5,1.0,False,lesion>control
9486,3-8-7-5-0,4 3* 2* 6 1,5,1.0,False,control>lesion
9487,3-8-8-5-4,4 3* 3* 6 5,5,1.0,False,lesion>control
9488,3-8-8-9-8,4 3* 3* 4* 3*,5,1.0,False,control>lesion
9489,3-8-9-4-5,4 3* 4* 5 6,5,1.0,False,lesion>control
9490,3-8-9-5-3,4 3* 4* 6 4,5,1.0,False,control>lesion
9491,3-8-9-8-4,4 3* 4* 3* 5,5,1.0,False,lesion>control
9492,4-0-1-0-3,5 1 2 1 4,5,1.0,False,control>lesion
9493,4-0-1-0-8,5 1 2 1 3*,5,1.0,False,lesion>control
9494,4-0-1-3-1,5 1 2 4 2,5,1.0,False,control>lesion
9495,4-0-1-3-5,5 1 2 4 6,5,1.0,False,lesion>control
9496,4-0-1-4-0,5 1 2 5 1,5,1.0,False,control>lesion
9497,4-0-1-4-3,5 1 2 5 4,5,1.0,False,lesion>control
9498,4-0-1-5-3,5 1 2 6 4,5,1.0,False,control>lesion
9499,4-0-1-5-8,5 1 2 6 3*,5,1.0,False,control>lesion
9500,4-0-2-5-5,5 1 3 6 6,5,1.0,False,lesion>control
9501,4-0-3-1-0,5 1 4 2 1,5,1.0,False,lesion>control
9502,4-0-3-1-5,5 1 4 2 6,5,1.0,False,lesion>control
9503,4-0-3-4-5,5 1 4 5 6,5,1.0,False,control>lesion
9504,4-0-3-5-3,5 1 4 6 4,5,1.0,False,control>lesion
9505,4-0-3-5-8,5 1 4 6 3*,5,1.0,False,control>lesion
9506,4-0-3-8-8,5 1 4 3* 3*,5,1.0,False,control>lesion
9507,4-0-4-0-3,5 1 5 1 4,5,1.0,False,lesion>control
9508,4-0-4-3-0,5 1 5 4 1,5,1.0,False,lesion>control
9509,4-0-4-5-3,5 1 5 6 4,5,1.0,False,lesion>control
9510,4-0-4-8-0,5 1 5 3* 1,5,1.0,False,control>lesion
9511,4-0-5-0-4,5 1 6 1 5,5,1.0,False,lesion>control
9512,4-0-5-0-8,5 1 6 1 3*,5,1.0,False,control>lesion
9513,4-0-5-1-0,5 1 6 2 1,5,1.0,False,control>lesion
9514,4-0-5-1-3,5 1 6 2 4,5,1.0,False,control>lesion
9515,4-0-5-2-3,5 1 6 3 4,5,1.0,False,control>lesion
9516,4-0-5-3-0,5 1 6 4 1,5,1.0,False,control>lesion
9517,4-0-5-3-1,5 1 6 4 2,5,1.0,False,control>lesion
9518,4-0-5-3-8,5 1 6 4 3*,5,1.0,False,control>lesion
9519,4-0-5-8-1,5 1 6 3* 2,5,1.0,False,lesion>control
9520,4-0-5-8-4,5 1 6 3* 5,5,1.0,False,control>lesion
9521,4-0-5-8-5,5 1 6 3* 6,5,1.0,False,lesion>control
9522,4-0-5-8-7,5 1 6 3* 2*,5,1.0,False,lesion>control
9523,4-0-8-0-4,5 1 3* 1 5,5,1.0,False,control>lesion
9524,4-0-8-0-5,5 1 3* 1 6,5,1.0,False,control>lesion
9525,4-0-8-0-8,5 1 3* 1 3*,5,1.0,False,lesion>control
9526,4-0-8-0-9,5 1 3* 1 4*,5,1.0,False,control>lesion
9527,4-0-8-3-0,5 1 3* 4 1,5,1.0,False,lesion>control
9528,4-0-8-3-1,5 1 3* 4 2,5,1.0,False,lesion>control
9529,4-0-8-5-1,5 1 3* 6 2,5,1.0,False,control>lesion
9530,4-0-8-5-4,5 1 3* 6 5,5,1.0,False,control>lesion
9531,4-1-0-1-0,5 2 1 2 1,5,1.0,False,control>lesion
9532,4-1-0-1-4,5 2 1 2 5,5,1.0,False,control>lesion
9533,4-1-0-3-0,5 2 1 4 1,5,1.0,False,lesion>control
9534,4-1-0-4-8,5 2 1 5 3*,5,1.0,False,lesion>control
9535,4-1-0-5-1,5 2 1 6 2,5,1.0,False,lesion>control
9536,4-1-0-8-0,5 2 1 3* 1,5,1.0,False,lesion>control
9537,4-1-1-0-1,5 2 2 1 2,5,1.0,False,lesion>control
9538,4-1-2-4-3,5 2 3 5 4,5,1.0,False,control>lesion
9539,4-1-3-0-8,5 2 4 1 3*,5,1.0,False,lesion>control
9540,4-1-3-1-5,5 2 4 2 6,5,1.0,False,lesion>control
9541,4-1-3-4-0,5 2 4 5 1,5,1.0,False,lesion>control
9542,4-1-3-4-5,5 2 4 5 6,5,1.0,False,lesion>control
9543,4-1-3-5-1,5 2 4 6 2,5,1.0,False,control>lesion
9544,4-1-3-8-7,5 2 4 3* 2*,5,1.0,False,lesion>control
9545,4-1-4-0-4,5 2 5 1 5,5,1.0,False,lesion>control
9546,4-1-4-1-4,5 2 5 2 5,5,1.0,False,lesion>control
9547,4-1-4-2-0,5 2 5 3 1,5,1.0,False,lesion>control
9548,4-1-4-5-0,5 2 5 6 1,5,1.0,False,lesion>control
9549,4-1-4-5-3,5 2 5 6 4,5,1.0,False,lesion>control
9550,4-1-4-8-5,5 2 5 3* 6,5,1.0,False,lesion>control
9551,4-1-5-1-8,5 2 6 2 3*,5,1.0,False,lesion>control
9552,4-1-5-2-5,5 2 6 3 6,5,1.0,False,control>lesion
9553,4-1-5-4-1,5 2 6 5 2,5,1.0,False,lesion>control
9554,4-1-5-8-1,5 2 6 3* 2,5,1.0,False,lesion>control
9555,4-1-8-0-8,5 2 3* 1 3*,5,1.0,False,control>lesion
9556,4-1-8-0-9,5 2 3* 1 4*,5,1.0,False,lesion>control
9557,4-1-8-1-0,5 2 3* 2 1,5,1.0,False,control>lesion
9558,4-1-8-1-3,5 2 3* 2 4,5,1.0,False,lesion>control
9559,4-1-8-9-4,5 2 3* 4* 5,5,1.0,False,lesion>control
9560,4-2-0-1-3,5 3 1 2 4,5,1.0,False,lesion>control
9561,4-2-0-1-5,5 3 1 2 6,5,1.0,False,control>lesion
9562,4-2-0-2-0,5 3 1 3 1,5,1.0,False,lesion>control
9563,4-2-0-2-1,5 3 1 3 2,5,1.0,False,lesion>control
9564,4-2-0-2-5,5 3 1 3 6,5,1.0,False,control>lesion
9565,4-2-0-2-9,5 3 1 3 4*,5,1.0,False,control>lesion
9566,4-2-0-8-3,5 3 1 3* 4,5,1.0,False,control>lesion
9567,4-2-1-0-5,5 3 2 1 6,5,1.0,False,lesion>control
9568,4-2-1-1-0,5 3 2 2 1,5,1.0,False,lesion>control
9569,4-2-1-2-9,5 3 2 3 4*,5,1.0,False,lesion>control
9570,4-2-1-8-5,5 3 2 3* 6,5,1.0,False,lesion>control
9571,4-2-1-9-8,5 3 2 4* 3*,5,1.0,False,lesion>control
9572,4-2-3-2-5,5 3 4 3 6,5,1.0,False,lesion>control
9573,4-2-3-5-0,5 3 4 6 1,5,1.0,False,control>lesion
9574,4-2-3-5-1,5 3 4 6 2,5,1.0,False,lesion>control
9575,4-2-3-8-3,5 3 4 3* 4,5,1.0,False,control>lesion
9576,4-2-4-9-8,5 3 5 4* 3*,5,1.0,False,lesion>control
9577,4-2-5-3-7,5 3 6 4 2*,5,1.0,False,lesion>control
9578,4-2-5-8-9,5 3 6 3* 4*,5,1.0,False,control>lesion
9579,4-2-7-0-3,5 3 2* 1 4,5,1.0,False,lesion>control
9580,4-2-7-4-8,5 3 2* 5 3*,5,1.0,False,lesion>control
9581,4-2-7-5-3,5 3 2* 6 4,5,1.0,False,lesion>control
9582,4-2-7-5-8,5 3 2* 6 3*,5,1.0,False,lesion>control
9583,4-2-7-8-9,5 3 2* 3* 4*,5,1.0,False,lesion>control
9584,4-2-9-1-8,5 3 4* 2 3*,5,1.0,False,control>lesion
9585,4-2-9-8-3,5 3 4* 3* 4,5,1.0,False,lesion>control
9586,4-2-9-8-5,5 3 4* 3* 6,5,1.0,False,lesion>control
9587,4-3-0-1-5,5 4 1 2 6,5,1.0,False,control>lesion
9588,4-3-0-3-8,5 4 1 4 3*,5,1.0,False,lesion>control
9589,4-3-0-4-0,5 4 1 5 1,5,1.0,False,lesion>control
9590,4-3-0-5-1,5 4 1 6 2,5,1.0,False,control>lesion
9591,4-3-0-5-4,5 4 1 6 5,5,1.0,False,control>lesion
9592,4-3-0-8-7,5 4 1 3* 2*,5,1.0,False,control>lesion
9593,4-3-1-0-8,5 4 2 1 3*,5,1.0,False,lesion>control
9594,4-3-1-3-8,5 4 2 4 3*,5,1.0,False,lesion>control
9595,4-3-1-4-1,5 4 2 5 2,5,1.0,False,control>lesion
9596,4-3-1-5-3,5 4 2 6 4,5,1.0,False,control>lesion
9597,4-3-1-5-4,5 4 2 6 5,5,1.0,False,lesion>control
9598,4-3-2-1-0,5 4 3 2 1,5,1.0,False,lesion>control
9599,4-3-2-1-3,5 4 3 2 4,5,1.0,False,control>lesion
9600,4-3-2-5-8,5 4 3 6 3*,5,1.0,False,lesion>control
9601,4-3-3-4-5,5 4 4 5 6,5,1.0,False,control>lesion
9602,4-3-4-0-1,5 4 5 1 2,5,1.0,False,lesion>control
9603,4-3-4-0-3,5 4 5 1 4,5,1.0,False,lesion>control
9604,4-3-4-0-8,5 4 5 1 3*,5,1.0,False,lesion>control
9605,4-3-4-1-0,5 4 5 2 1,5,1.0,False,control>lesion
9606,4-3-4-3-0,5 4 5 4 1,5,1.0,False,control>lesion
9607,4-3-4-3-1,5 4 5 4 2,5,1.0,False,control>lesion
9608,4-3-4-5-0,5 4 5 6 1,5,1.0,False,control>lesion
9609,4-3-4-5-1,5 4 5 6 2,5,1.0,False,control>lesion
9610,4-3-4-8-0,5 4 5 3* 1,5,1.0,False,control>lesion
9611,4-3-5-0-1,5 4 6 1 2,5,1.0,False,control>lesion
9612,4-3-5-0-5,5 4 6 1 6,5,1.0,False,control>lesion
9613,4-3-5-1-0,5 4 6 2 1,5,1.0,False,control>lesion
9614,4-3-5-1-5,5 4 6 2 6,5,1.0,False,control>lesion
9615,4-3-5-3-1,5 4 6 4 2,5,1.0,False,control>lesion
9616,4-3-5-3-5,5 4 6 4 6,5,1.0,False,control>lesion
9617,4-3-5-3-8,5 4 6 4 3*,5,1.0,False,control>lesion
9618,4-3-5-4-5,5 4 6 5 6,5,1.0,False,lesion>control
9619,4-3-5-8-7,5 4 6 3* 2*,5,1.0,False,control>lesion
9620,4-3-8-1-2,5 4 3* 2 3,5,1.0,False,lesion>control
9621,4-3-8-1-3,5 4 3* 2 4,5,1.0,False,lesion>control
9622,4-3-8-1-8,5 4 3* 2 3*,5,1.0,False,control>lesion
9623,4-3-8-3-2,5 4 3* 4 3,5,1.0,False,lesion>control
9624,4-3-8-3-3,5 4 3* 4 4,5,1.0,False,lesion>control
9625,4-3-8-4-8,5 4 3* 5 3*,5,1.0,False,lesion>control
9626,4-3-8-5-3,5 4 3* 6 4,5,1.0,False,lesion>control
9627,4-3-8-5-8,5 4 3* 6 3*,5,1.0,False,lesion>control
9628,4-3-8-7-4,5 4 3* 2* 5,5,1.0,False,lesion>control
9629,4-3-8-9-5,5 4 3* 4* 6,5,1.0,False,control>lesion
9630,4-5-0-1-0,5 6 1 2 1,5,1.0,False,control>lesion
9631,4-5-0-1-4,5 6 1 2 5,5,1.0,False,control>lesion
9632,4-5-0-5-1,5 6 1 6 2,5,1.0,False,control>lesion
9633,4-5-0-8-0,5 6 1 3* 1,5,1.0,False,control>lesion
9634,4-5-0-8-1,5 6 1 3* 2,5,1.0,False,lesion>control
9635,4-5-0-8-7,5 6 1 3* 2*,5,1.0,False,control>lesion
9636,4-5-0-9-4,5 6 1 4* 5,5,1.0,False,lesion>control
9637,4-5-1-2-5,5 6 2 3 6,5,1.0,False,lesion>control
9638,4-5-1-3-4,5 6 2 4 5,5,1.0,False,lesion>control
9639,4-5-1-4-5,5 6 2 5 6,5,1.0,False,lesion>control
9640,4-5-1-5-0,5 6 2 6 1,5,1.0,False,lesion>control
9641,4-5-1-5-4,5 6 2 6 5,5,1.0,False,control>lesion
9642,4-5-1-5-8,5 6 2 6 3*,5,1.0,False,control>lesion
9643,4-5-1-8-0,5 6 2 3* 1,5,1.0,False,control>lesion
9644,4-5-1-8-4,5 6 2 3* 5,5,1.0,False,lesion>control
9645,4-5-2-0-3,5 6 3 1 4,5,1.0,False,lesion>control
9646,4-5-2-0-8,5 6 3 1 3*,5,1.0,False,control>lesion
9647,4-5-2-1-3,5 6 3 2 4,5,1.0,False,lesion>control
9648,4-5-2-1-5,5 6 3 2 6,5,1.0,False,lesion>control
9649,4-5-2-8-7,5 6 3 3* 2*,5,1.0,False,control>lesion
9650,4-5-3-1-2,5 6 4 2 3,5,1.0,False,control>lesion
9651,4-5-3-1-4,5 6 4 2 5,5,1.0,False,control>lesion
9652,4-5-3-1-5,5 6 4 2 6,5,1.0,False,control>lesion
9653,4-5-3-4-0,5 6 4 5 1,5,1.0,False,lesion>control
9654,4-5-3-5-3,5 6 4 6 4,5,1.0,False,lesion>control
9655,4-5-3-8-1,5 6 4 3* 2,5,1.0,False,lesion>control
9656,4-5-3-8-4,5 6 4 3* 5,5,1.0,False,control>lesion
9657,4-5-4-0-3,5 6 5 1 4,5,1.0,False,control>lesion
9658,4-5-4-0-5,5 6 5 1 6,5,1.0,False,control>lesion
9659,4-5-4-1-3,5 6 5 2 4,5,1.0,False,lesion>control
9660,4-5-4-3-2,5 6 5 4 3,5,1.0,False,lesion>control
9661,4-5-4-8-4,5 6 5 3* 5,5,1.0,False,control>lesion
9662,4-5-8-0-2,5 6 3* 1 3,5,1.0,False,control>lesion
9663,4-5-8-0-4,5 6 3* 1 5,5,1.0,False,lesion>control
9664,4-5-8-1-2,5 6 3* 2 3,5,1.0,False,lesion>control
9665,4-5-8-1-5,5 6 3* 2 6,5,1.0,False,lesion>control
9666,4-5-8-4-0,5 6 3* 5 1,5,1.0,False,lesion>control
9667,4-5-8-4-1,5 6 3* 5 2,5,1.0,False,control>lesion
9668,4-5-8-4-3,5 6 3* 5 4,5,1.0,False,control>lesion
9669,4-5-8-4-5,5 6 3* 5 6,5,1.0,False,lesion>control
9670,4-5-8-4-8,5 6 3* 5 3*,5,1.0,False,lesion>control
9671,4-5-8-5-8,5 6 3* 6 3*,5,1.0,False,lesion>control
9672,4-5-8-9-5,5 6 3* 4* 6,5,1.0,False,control>lesion
9673,4-5-9-4-3,5 6 4* 5 4,5,1.0,False,lesion>control
9674,4-7-0-3-4,5 2* 1 4 5,5,1.0,False,lesion>control
9675,4-7-0-5-3,5 2* 1 6 4,5,1.0,False,lesion>control
9676,4-7-3-8-7,5 2* 4 3* 2*,5,1.0,False,lesion>control
9677,4-7-8-1-8,5 2* 3* 2 3*,5,1.0,False,lesion>control
9678,4-8-0-2-1,5 3* 1 3 2,5,1.0,False,control>lesion
9679,4-8-0-2-3,5 3* 1 3 4,5,1.0,False,control>lesion
9680,4-8-0-2-5,5 3* 1 3 6,5,1.0,False,lesion>control
9681,4-8-0-2-9,5 3* 1 3 4*,5,1.0,False,control>lesion
9682,4-8-0-3-1,5 3* 1 4 2,5,1.0,False,lesion>control
9683,4-8-0-5-2,5 3* 1 6 3,5,1.0,False,lesion>control
9684,4-8-0-8-0,5 3* 1 3* 1,5,1.0,False,lesion>control
9685,4-8-0-8-4,5 3* 1 3* 5,5,1.0,False,lesion>control
9686,4-8-0-8-7,5 3* 1 3* 2*,5,1.0,False,control>lesion
9687,4-8-0-8-9,5 3* 1 3* 4*,5,1.0,False,control>lesion
9688,4-8-0-9-5,5 3* 1 4* 6,5,1.0,False,control>lesion
9689,4-8-0-9-8,5 3* 1 4* 3*,5,1.0,False,control>lesion
9690,4-8-1-3-0,5 3* 2 4 1,5,1.0,False,lesion>control
9691,4-8-1-4-3,5 3* 2 5 4,5,1.0,False,lesion>control
9692,4-8-1-5-0,5 3* 2 6 1,5,1.0,False,lesion>control
9693,4-8-1-5-1,5 3* 2 6 2,5,1.0,False,lesion>control
9694,4-8-1-8-4,5 3* 2 3* 5,5,1.0,False,lesion>control
9695,4-8-1-8-5,5 3* 2 3* 6,5,1.0,False,lesion>control
9696,4-8-1-9-8,5 3* 2 4* 3*,5,1.0,False,lesion>control
9697,4-8-3-0-5,5 3* 4 1 6,5,1.0,False,control>lesion
9698,4-8-3-0-8,5 3* 4 1 3*,5,1.0,False,lesion>control
9699,4-8-3-1-5,5 3* 4 2 6,5,1.0,False,lesion>control
9700,4-8-3-2-7,5 3* 4 3 2*,5,1.0,False,lesion>control
9701,4-8-3-5-8,5 3* 4 6 3*,5,1.0,False,control>lesion
9702,4-8-3-8-5,5 3* 4 3* 6,5,1.0,False,lesion>control
9703,4-8-4-0-3,5 3* 5 1 4,5,1.0,False,lesion>control
9704,4-8-4-0-8,5 3* 5 1 3*,5,1.0,False,lesion>control
9705,4-8-4-2-3,5 3* 5 3 4,5,1.0,False,control>lesion
9706,4-8-4-3-4,5 3* 5 4 5,5,1.0,False,control>lesion
9707,4-8-4-3-8,5 3* 5 4 3*,5,1.0,False,control>lesion
9708,4-8-4-8-5,5 3* 5 3* 6,5,1.0,False,control>lesion
9709,4-8-4-8-7,5 3* 5 3* 2*,5,1.0,False,lesion>control
9710,4-8-4-8-9,5 3* 5 3* 4*,5,1.0,False,lesion>control
9711,4-8-5-0-8,5 3* 6 1 3*,5,1.0,False,control>lesion
9712,4-8-5-1-4,5 3* 6 2 5,5,1.0,False,lesion>control
9713,4-8-5-1-8,5 3* 6 2 3*,5,1.0,False,lesion>control
9714,4-8-5-2-1,5 3* 6 3 2,5,1.0,False,lesion>control
9715,4-8-5-2-9,5 3* 6 3 4*,5,1.0,False,lesion>control
9716,4-8-5-3-5,5 3* 6 4 6,5,1.0,False,control>lesion
9717,4-8-5-4-8,5 3* 6 5 3*,5,1.0,False,control>lesion
9718,4-8-5-8-0,5 3* 6 3* 1,5,1.0,False,lesion>control
9719,4-8-5-8-3,5 3* 6 3* 4,5,1.0,False,lesion>control
9720,4-8-5-8-5,5 3* 6 3* 6,5,1.0,False,lesion>control
9721,4-8-7-3-1,5 3* 2* 4 2,5,1.0,False,lesion>control
9722,4-8-7-4-3,5 3* 2* 5 4,5,1.0,False,lesion>control
9723,4-8-7-4-8,5 3* 2* 5 3*,5,1.0,False,lesion>control
9724,4-8-7-5-4,5 3* 2* 6 5,5,1.0,False,control>lesion
9725,4-8-7-5-8,5 3* 2* 6 3*,5,1.0,False,lesion>control
9726,4-8-7-8-0,5 3* 2* 3* 1,5,1.0,False,lesion>control
9727,4-8-7-8-4,5 3* 2* 3* 5,5,1.0,False,control>lesion
9728,4-8-7-8-5,5 3* 2* 3* 6,5,1.0,False,control>lesion
9729,4-8-8-0-1,5 3* 3* 1 2,5,1.0,False,control>lesion
9730,4-8-8-9-8,5 3* 3* 4* 3*,5,1.0,False,lesion>control
9731,4-8-9-4-5,5 3* 4* 5 6,5,1.0,False,control>lesion
9732,4-8-9-5-0,5 3* 4* 6 1,5,1.0,False,control>lesion
9733,4-8-9-5-4,5 3* 4* 6 5,5,1.0,False,control>lesion
9734,4-8-9-5-8,5 3* 4* 6 3*,5,1.0,False,control>lesion
9735,4-8-9-8-5,5 3* 4* 3* 6,5,1.0,False,control>lesion
9736,4-9-2-1-0,5 4* 3 2 1,5,1.0,False,lesion>control
9737,4-9-8-3-8,5 4* 3* 4 3*,5,1.0,False,control>lesion
9738,4-9-8-5-4,5 4* 3* 6 5,5,1.0,False,lesion>control
9739,4-9-8-7-3,5 4* 3* 2* 4,5,1.0,False,lesion>control
9740,5-0-1-0-1,6 1 2 1 2,5,1.0,False,control>lesion
9741,5-0-1-0-4,6 1 2 1 5,5,1.0,False,control>lesion
9742,5-0-1-2-0,6 1 2 3 1,5,1.0,False,lesion>control
9743,5-0-1-3-1,6 1 2 4 2,5,1.0,False,lesion>control
9744,5-0-1-3-8,6 1 2 4 3*,5,1.0,False,lesion>control
9745,5-0-1-4-5,6 1 2 5 6,5,1.0,False,control>lesion
9746,5-0-1-8-1,6 1 2 3* 2,5,1.0,False,control>lesion
9747,5-0-2-1-0,6 1 3 2 1,5,1.0,False,lesion>control
9748,5-0-2-5-0,6 1 3 6 1,5,1.0,False,lesion>control
9749,5-0-2-5-2,6 1 3 6 3,5,1.0,False,lesion>control
9750,5-0-2-7-8,6 1 3 2* 3*,5,1.0,False,control>lesion
9751,5-0-2-9-4,6 1 3 4* 5,5,1.0,False,control>lesion
9752,5-0-3-0-7,6 1 4 1 2*,5,1.0,False,control>lesion
9753,5-0-3-2-0,6 1 4 3 1,5,1.0,False,lesion>control
9754,5-0-3-5-2,6 1 4 6 3,5,1.0,False,lesion>control
9755,5-0-3-8-9,6 1 4 3* 4*,5,1.0,False,control>lesion
9756,5-0-4-0-1,6 1 5 1 2,5,1.0,False,control>lesion
9757,5-0-4-0-8,6 1 5 1 3*,5,1.0,False,control>lesion
9758,5-0-4-1-0,6 1 5 2 1,5,1.0,False,lesion>control
9759,5-0-4-1-3,6 1 5 2 4,5,1.0,False,lesion>control
9760,5-0-4-1-4,6 1 5 2 5,5,1.0,False,lesion>control
9761,5-0-4-2-0,6 1 5 3 1,5,1.0,False,lesion>control
9762,5-0-4-5-4,6 1 5 6 5,5,1.0,False,lesion>control
9763,5-0-4-8-0,6 1 5 3* 1,5,1.0,False,control>lesion
9764,5-0-5-1-3,6 1 6 2 4,5,1.0,False,lesion>control
9765,5-0-5-1-8,6 1 6 2 3*,5,1.0,False,control>lesion
9766,5-0-5-2-0,6 1 6 3 1,5,1.0,False,lesion>control
9767,5-0-5-3-8,6 1 6 4 3*,5,1.0,False,control>lesion
9768,5-0-5-4-8,6 1 6 5 3*,5,1.0,False,control>lesion
9769,5-0-5-5-0,6 1 6 6 1,5,1.0,False,lesion>control
9770,5-0-7-3-5,6 1 2* 4 6,5,1.0,False,lesion>control
9771,5-0-7-5-4,6 1 2* 6 5,5,1.0,False,lesion>control
9772,5-0-7-8-4,6 1 2* 3* 5,5,1.0,False,lesion>control
9773,5-0-8-0-3,6 1 3* 1 4,5,1.0,False,lesion>control
9774,5-0-8-1-8,6 1 3* 2 3*,5,1.0,False,control>lesion
9775,5-0-8-3-8,6 1 3* 4 3*,5,1.0,False,lesion>control
9776,5-0-8-4-0,6 1 3* 5 1,5,1.0,False,control>lesion
9777,5-0-8-4-1,6 1 3* 5 2,5,1.0,False,lesion>control
9778,5-0-8-5-3,6 1 3* 6 4,5,1.0,False,lesion>control
9779,5-0-8-5-4,6 1 3* 6 5,5,1.0,False,control>lesion
9780,5-0-8-5-8,6 1 3* 6 3*,5,1.0,False,control>lesion
9781,5-0-8-7-5,6 1 3* 2* 6,5,1.0,False,control>lesion
9782,5-0-8-7-8,6 1 3* 2* 3*,5,1.0,False,lesion>control
9783,5-0-9-1-8,6 1 4* 2 3*,5,1.0,False,control>lesion
9784,5-0-9-4-0,6 1 4* 5 1,5,1.0,False,lesion>control
9785,5-1-0-3-0,6 2 1 4 1,5,1.0,False,lesion>control
9786,5-1-0-4-3,6 2 1 5 4,5,1.0,False,lesion>control
9787,5-1-0-8-0,6 2 1 3* 1,5,1.0,False,lesion>control
9788,5-1-0-8-3,6 2 1 3* 4,5,1.0,False,control>lesion
9789,5-1-0-8-5,6 2 1 3* 6,5,1.0,False,control>lesion
9790,5-1-0-8-7,6 2 1 3* 2*,5,1.0,False,control>lesion
9791,5-1-1-3-0,6 2 2 4 1,5,1.0,False,control>lesion
9792,5-1-2-5-1,6 2 3 6 2,5,1.0,False,lesion>control
9793,5-1-2-8-5,6 2 3 3* 6,5,1.0,False,control>lesion
9794,5-1-3-0-4,6 2 4 1 5,5,1.0,False,lesion>control
9795,5-1-3-0-8,6 2 4 1 3*,5,1.0,False,control>lesion
9796,5-1-3-1-3,6 2 4 2 4,5,1.0,False,control>lesion
9797,5-1-3-1-5,6 2 4 2 6,5,1.0,False,lesion>control
9798,5-1-3-3-8,6 2 4 4 3*,5,1.0,False,control>lesion
9799,5-1-3-4-0,6 2 4 5 1,5,1.0,False,control>lesion
9800,5-1-3-4-1,6 2 4 5 2,5,1.0,False,control>lesion
9801,5-1-3-5-3,6 2 4 6 4,5,1.0,False,control>lesion
9802,5-1-3-8-1,6 2 4 3* 2,5,1.0,False,control>lesion
9803,5-1-3-8-7,6 2 4 3* 2*,5,1.0,False,lesion>control
9804,5-1-4-0-5,6 2 5 1 6,5,1.0,False,control>lesion
9805,5-1-4-1-0,6 2 5 2 1,5,1.0,False,lesion>control
9806,5-1-4-1-3,6 2 5 2 4,5,1.0,False,lesion>control
9807,5-1-4-5-0,6 2 5 6 1,5,1.0,False,control>lesion
9808,5-1-4-5-1,6 2 5 6 2,5,1.0,False,control>lesion
9809,5-1-4-5-8,6 2 5 6 3*,5,1.0,False,lesion>control
9810,5-1-4-8-1,6 2 5 3* 2,5,1.0,False,lesion>control
9811,5-1-5-0-1,6 2 6 1 2,5,1.0,False,lesion>control
9812,5-1-5-0-3,6 2 6 1 4,5,1.0,False,lesion>control
9813,5-1-5-0-8,6 2 6 1 3*,5,1.0,False,lesion>control
9814,5-1-5-1-4,6 2 6 2 5,5,1.0,False,lesion>control
9815,5-1-5-1-5,6 2 6 2 6,5,1.0,False,lesion>control
9816,5-1-5-1-8,6 2 6 2 3*,5,1.0,False,control>lesion
9817,5-1-5-2-9,6 2 6 3 4*,5,1.0,False,lesion>control
9818,5-1-5-3-4,6 2 6 4 5,5,1.0,False,lesion>control
9819,5-1-5-4-0,6 2 6 5 1,5,1.0,False,control>lesion
9820,5-1-5-4-3,6 2 6 5 4,5,1.0,False,control>lesion
9821,5-1-5-4-5,6 2 6 5 6,5,1.0,False,lesion>control
9822,5-1-5-4-8,6 2 6 5 3*,5,1.0,False,control>lesion
9823,5-1-8-0-4,6 2 3* 1 5,5,1.0,False,control>lesion
9824,5-1-8-0-5,6 2 3* 1 6,5,1.0,False,control>lesion
9825,5-1-8-0-9,6 2 3* 1 4*,5,1.0,False,lesion>control
9826,5-1-8-1-2,6 2 3* 2 3,5,1.0,False,lesion>control
9827,5-1-8-1-5,6 2 3* 2 6,5,1.0,False,control>lesion
9828,5-1-8-3-5,6 2 3* 4 6,5,1.0,False,control>lesion
9829,5-1-8-4-5,6 2 3* 5 6,5,1.0,False,lesion>control
9830,5-1-8-5-2,6 2 3* 6 3,5,1.0,False,lesion>control
9831,5-1-8-5-8,6 2 3* 6 3*,5,1.0,False,lesion>control
9832,5-1-8-7-3,6 2 3* 2* 4,5,1.0,False,control>lesion
9833,5-1-8-8-0,6 2 3* 3* 1,5,1.0,False,control>lesion
9834,5-1-8-9-0,6 2 3* 4* 1,5,1.0,False,lesion>control
9835,5-1-8-9-5,6 2 3* 4* 6,5,1.0,False,lesion>control
9836,5-1-9-8-3,6 2 4* 3* 4,5,1.0,False,control>lesion
9837,5-2-0-3-0,6 3 1 4 1,5,1.0,False,control>lesion
9838,5-2-0-3-2,6 3 1 4 3,5,1.0,False,lesion>control
9839,5-2-0-4-1,6 3 1 5 2,5,1.0,False,control>lesion
9840,5-2-0-4-2,6 3 1 5 3,5,1.0,False,lesion>control
9841,5-2-0-4-5,6 3 1 5 6,5,1.0,False,lesion>control
9842,5-2-0-5-0,6 3 1 6 1,5,1.0,False,lesion>control
9843,5-2-0-5-9,6 3 1 6 4*,5,1.0,False,lesion>control
9844,5-2-0-8-3,6 3 1 3* 4,5,1.0,False,control>lesion
9845,5-2-1-3-4,6 3 2 4 5,5,1.0,False,lesion>control
9846,5-2-1-4-3,6 3 2 5 4,5,1.0,False,lesion>control
9847,5-2-1-8-5,6 3 2 3* 6,5,1.0,False,lesion>control
9848,5-2-3-0-2,6 3 4 1 3,5,1.0,False,control>lesion
9849,5-2-3-1-8,6 3 4 2 3*,5,1.0,False,lesion>control
9850,5-2-3-2-5,6 3 4 3 6,5,1.0,False,lesion>control
9851,5-2-3-5-8,6 3 4 6 3*,5,1.0,False,lesion>control
9852,5-2-4-1-1,6 3 5 2 2,5,1.0,False,lesion>control
9853,5-2-4-7-3,6 3 5 2* 4,5,1.0,False,lesion>control
9854,5-2-4-8-0,6 3 5 3* 1,5,1.0,False,lesion>control
9855,5-2-4-8-5,6 3 5 3* 6,5,1.0,False,control>lesion
9856,5-2-5-0-4,6 3 6 1 5,5,1.0,False,lesion>control
9857,5-2-5-2-0,6 3 6 3 1,5,1.0,False,lesion>control
9858,5-2-5-2-7,6 3 6 3 2*,5,1.0,False,lesion>control
9859,5-2-5-3-4,6 3 6 4 5,5,1.0,False,control>lesion
9860,5-2-5-8-0,6 3 6 3* 1,5,1.0,False,lesion>control
9861,5-2-7-0-3,6 3 2* 1 4,5,1.0,False,lesion>control
9862,5-2-7-0-8,6 3 2* 1 3*,5,1.0,False,lesion>control
9863,5-2-7-3-4,6 3 2* 4 5,5,1.0,False,lesion>control
9864,5-2-7-4-8,6 3 2* 5 3*,5,1.0,False,control>lesion
9865,5-2-7-5-0,6 3 2* 6 1,5,1.0,False,lesion>control
9866,5-2-7-5-3,6 3 2* 6 4,5,1.0,False,lesion>control
9867,5-2-7-5-4,6 3 2* 6 5,5,1.0,False,lesion>control
9868,5-2-7-5-8,6 3 2* 6 3*,5,1.0,False,lesion>control
9869,5-2-7-8-1,6 3 2* 3* 2,5,1.0,False,lesion>control
9870,5-2-7-8-4,6 3 2* 3* 5,5,1.0,False,control>lesion
9871,5-2-7-8-5,6 3 2* 3* 6,5,1.0,False,lesion>control
9872,5-2-8-5-3,6 3 3* 6 4,5,1.0,False,lesion>control
9873,5-2-8-7-0,6 3 3* 2* 1,5,1.0,False,control>lesion
9874,5-2-8-9-8,6 3 3* 4* 3*,5,1.0,False,lesion>control
9875,5-2-9-8-3,6 3 4* 3* 4,5,1.0,False,control>lesion
9876,5-2-9-8-5,6 3 4* 3* 6,5,1.0,False,lesion>control
9877,5-3-0-1-0,6 4 1 2 1,5,1.0,False,control>lesion
9878,5-3-0-1-8,6 4 1 2 3*,5,1.0,False,control>lesion
9879,5-3-0-3-1,6 4 1 4 2,5,1.0,False,control>lesion
9880,5-3-0-3-8,6 4 1 4 3*,5,1.0,False,lesion>control
9881,5-3-0-4-0,6 4 1 5 1,5,1.0,False,control>lesion
9882,5-3-0-4-1,6 4 1 5 2,5,1.0,False,control>lesion
9883,5-3-0-4-5,6 4 1 5 6,5,1.0,False,control>lesion
9884,5-3-0-4-8,6 4 1 5 3*,5,1.0,False,lesion>control
9885,5-3-0-8-0,6 4 1 3* 1,5,1.0,False,lesion>control
9886,5-3-0-8-4,6 4 1 3* 5,5,1.0,False,control>lesion
9887,5-3-1-0-4,6 4 2 1 5,5,1.0,False,lesion>control
9888,5-3-1-2-3,6 4 2 3 4,5,1.0,False,control>lesion
9889,5-3-1-3-0,6 4 2 4 1,5,1.0,False,lesion>control
9890,5-3-1-3-5,6 4 2 4 6,5,1.0,False,control>lesion
9891,5-3-1-4-5,6 4 2 5 6,5,1.0,False,control>lesion
9892,5-3-1-5-1,6 4 2 6 2,5,1.0,False,lesion>control
9893,5-3-1-5-8,6 4 2 6 3*,5,1.0,False,lesion>control
9894,5-3-1-8-3,6 4 2 3* 4,5,1.0,False,control>lesion
9895,5-3-1-8-4,6 4 2 3* 5,5,1.0,False,lesion>control
9896,5-3-2-0-5,6 4 3 1 6,5,1.0,False,lesion>control
9897,5-3-2-1-3,6 4 3 2 4,5,1.0,False,lesion>control
9898,5-3-2-1-5,6 4 3 2 6,5,1.0,False,control>lesion
9899,5-3-2-1-8,6 4 3 2 3*,5,1.0,False,control>lesion
9900,5-3-2-7-3,6 4 3 2* 4,5,1.0,False,control>lesion
9901,5-3-4-0-5,6 4 5 1 6,5,1.0,False,control>lesion
9902,5-3-4-3-4,6 4 5 4 5,5,1.0,False,control>lesion
9903,5-3-4-3-5,6 4 5 4 6,5,1.0,False,control>lesion
9904,5-3-4-3-8,6 4 5 4 3*,5,1.0,False,control>lesion
9905,5-3-4-8-1,6 4 5 3* 2,5,1.0,False,control>lesion
9906,5-3-4-8-8,6 4 5 3* 3*,5,1.0,False,control>lesion
9907,5-3-5-0-3,6 4 6 1 4,5,1.0,False,control>lesion
9908,5-3-5-0-8,6 4 6 1 3*,5,1.0,False,control>lesion
9909,5-3-5-3-5,6 4 6 4 6,5,1.0,False,control>lesion
9910,5-3-5-8-4,6 4 6 3* 5,5,1.0,False,lesion>control
9911,5-3-7-0-1,6 4 2* 1 2,5,1.0,False,control>lesion
9912,5-3-7-8-9,6 4 2* 3* 4*,5,1.0,False,lesion>control
9913,5-3-8-0-4,6 4 3* 1 5,5,1.0,False,lesion>control
9914,5-3-8-1-0,6 4 3* 2 1,5,1.0,False,lesion>control
9915,5-3-8-1-3,6 4 3* 2 4,5,1.0,False,control>lesion
9916,5-3-8-3-1,6 4 3* 4 2,5,1.0,False,control>lesion
9917,5-3-8-3-2,6 4 3* 4 3,5,1.0,False,control>lesion
9918,5-3-8-3-7,6 4 3* 4 2*,5,1.0,False,lesion>control
9919,5-3-8-4-5,6 4 3* 5 6,5,1.0,False,control>lesion
9920,5-3-8-4-8,6 4 3* 5 3*,5,1.0,False,lesion>control
9921,5-3-8-5-0,6 4 3* 6 1,5,1.0,False,lesion>control
9922,5-3-8-5-1,6 4 3* 6 2,5,1.0,False,control>lesion
9923,5-3-8-7-4,6 4 3* 2* 5,5,1.0,False,lesion>control
9924,5-3-8-8-5,6 4 3* 3* 6,5,1.0,False,lesion>control
9925,5-4-0-3-4,6 5 1 4 5,5,1.0,False,control>lesion
9926,5-4-0-8-0,6 5 1 3* 1,5,1.0,False,control>lesion
9927,5-4-1-4-0,6 5 2 5 1,5,1.0,False,lesion>control
9928,5-4-1-5-2,6 5 2 6 3,5,1.0,False,control>lesion
9929,5-4-1-8-0,6 5 2 3* 1,5,1.0,False,lesion>control
9930,5-4-1-8-1,6 5 2 3* 2,5,1.0,False,lesion>control
9931,5-4-2-5-3,6 5 3 6 4,5,1.0,False,lesion>control
9932,5-4-2-7-8,6 5 3 2* 3*,5,1.0,False,lesion>control
9933,5-4-3-0-4,6 5 4 1 5,5,1.0,False,lesion>control
9934,5-4-3-2-1,6 5 4 3 2,5,1.0,False,lesion>control
9935,5-4-3-4-1,6 5 4 5 2,5,1.0,False,control>lesion
9936,5-4-3-5-3,6 5 4 6 4,5,1.0,False,control>lesion
9937,5-4-3-5-8,6 5 4 6 3*,5,1.0,False,control>lesion
9938,5-4-3-8-4,6 5 4 3* 5,5,1.0,False,lesion>control
9939,5-4-3-8-9,6 5 4 3* 4*,5,1.0,False,control>lesion
9940,5-4-5-1-5,6 5 6 2 6,5,1.0,False,control>lesion
9941,5-4-5-2-8,6 5 6 3 3*,5,1.0,False,control>lesion
9942,5-4-5-3-5,6 5 6 4 6,5,1.0,False,lesion>control
9943,5-4-7-0-5,6 5 2* 1 6,5,1.0,False,lesion>control
9944,5-4-8-0-7,6 5 3* 1 2*,5,1.0,False,control>lesion
9945,5-4-8-0-9,6 5 3* 1 4*,5,1.0,False,control>lesion
9946,5-4-8-3-2,6 5 3* 4 3,5,1.0,False,lesion>control
9947,5-4-8-4-3,6 5 3* 5 4,5,1.0,False,control>lesion
9948,5-4-8-4-5,6 5 3* 5 6,5,1.0,False,control>lesion
9949,5-4-8-5-3,6 5 3* 6 4,5,1.0,False,control>lesion
9950,5-4-8-8-9,6 5 3* 3* 4*,5,1.0,False,lesion>control
9951,5-4-9-2-1,6 5 4* 3 2,5,1.0,False,lesion>control
9952,5-4-9-8-5,6 5 4* 3* 6,5,1.0,False,lesion>control
9953,5-5-0-5-0,6 6 1 6 1,5,1.0,False,lesion>control
9954,5-5-8-9-8,6 6 3* 4* 3*,5,1.0,False,lesion>control
9955,5-7-0-3-8,6 2* 1 4 3*,5,1.0,False,lesion>control
9956,5-7-3-0-3,6 2* 4 1 4,5,1.0,False,lesion>control
9957,5-7-3-0-8,6 2* 4 1 3*,5,1.0,False,lesion>control
9958,5-7-8-5-2,6 2* 3* 6 3,5,1.0,False,lesion>control
9959,5-7-8-9-5,6 2* 3* 4* 6,5,1.0,False,control>lesion
9960,5-8-0-2-0,6 3* 1 3 1,5,1.0,False,lesion>control
9961,5-8-0-4-5,6 3* 1 5 6,5,1.0,False,lesion>control
9962,5-8-0-4-8,6 3* 1 5 3*,5,1.0,False,lesion>control
9963,5-8-0-5-1,6 3* 1 6 2,5,1.0,False,lesion>control
9964,5-8-0-7-0,6 3* 1 2* 1,5,1.0,False,control>lesion
9965,5-8-0-7-3,6 3* 1 2* 4,5,1.0,False,control>lesion
9966,5-8-0-9-3,6 3* 1 4* 4,5,1.0,False,lesion>control
9967,5-8-1-2-1,6 3* 2 3 2,5,1.0,False,lesion>control
9968,5-8-1-2-3,6 3* 2 3 4,5,1.0,False,lesion>control
9969,5-8-1-2-5,6 3* 2 3 6,5,1.0,False,lesion>control
9970,5-8-1-3-0,6 3* 2 4 1,5,1.0,False,control>lesion
9971,5-8-1-3-1,6 3* 2 4 2,5,1.0,False,control>lesion
9972,5-8-1-3-4,6 3* 2 4 5,5,1.0,False,lesion>control
9973,5-8-1-3-5,6 3* 2 4 6,5,1.0,False,control>lesion
9974,5-8-1-4-0,6 3* 2 5 1,5,1.0,False,lesion>control
9975,5-8-1-4-1,6 3* 2 5 2,5,1.0,False,lesion>control
9976,5-8-1-4-2,6 3* 2 5 3,5,1.0,False,lesion>control
9977,5-8-1-8-4,6 3* 2 3* 5,5,1.0,False,lesion>control
9978,5-8-3-0-5,6 3* 4 1 6,5,1.0,False,control>lesion
9979,5-8-3-0-7,6 3* 4 1 2*,5,1.0,False,lesion>control
9980,5-8-3-2-0,6 3* 4 3 1,5,1.0,False,lesion>control
9981,5-8-3-2-1,6 3* 4 3 2,5,1.0,False,lesion>control
9982,5-8-3-3-5,6 3* 4 4 6,5,1.0,False,control>lesion
9983,5-8-3-5-3,6 3* 4 6 4,5,1.0,False,lesion>control
9984,5-8-3-5-4,6 3* 4 6 5,5,1.0,False,control>lesion
9985,5-8-4-0-3,6 3* 5 1 4,5,1.0,False,lesion>control
9986,5-8-4-1-0,6 3* 5 2 1,5,1.0,False,control>lesion
9987,5-8-4-3-0,6 3* 5 4 1,5,1.0,False,lesion>control
9988,5-8-4-3-1,6 3* 5 4 2,5,1.0,False,control>lesion
9989,5-8-4-5-0,6 3* 5 6 1,5,1.0,False,control>lesion
9990,5-8-4-5-1,6 3* 5 6 2,5,1.0,False,lesion>control
9991,5-8-4-5-3,6 3* 5 6 4,5,1.0,False,control>lesion
9992,5-8-4-5-8,6 3* 5 6 3*,5,1.0,False,lesion>control
9993,5-8-4-8-5,6 3* 5 3* 6,5,1.0,False,lesion>control
9994,5-8-5-0-2,6 3* 6 1 3,5,1.0,False,control>lesion
9995,5-8-5-1-0,6 3* 6 2 1,5,1.0,False,lesion>control
9996,5-8-5-3-0,6 3* 6 4 1,5,1.0,False,lesion>control
9997,5-8-5-3-1,6 3* 6 4 2,5,1.0,False,lesion>control
9998,5-8-5-3-5,6 3* 6 4 6,5,1.0,False,control>lesion
9999,5-8-5-3-8,6 3* 6 4 3*,5,1.0,False,control>lesion
10000,5-8-5-4-0,6 3* 6 5 1,5,1.0,False,control>lesion
10001,5-8-5-4-1,6 3* 6 5 2,5,1.0,False,control>lesion
10002,5-8-5-4-5,6 3* 6 5 6,5,1.0,False,lesion>control
10003,5-8-5-4-7,6 3* 6 5 2*,5,1.0,False,lesion>control
10004,5-8-5-8-3,6 3* 6 3* 4,5,1.0,False,lesion>control
10005,5-8-5-8-4,6 3* 6 3* 5,5,1.0,False,lesion>control
10006,5-8-5-8-7,6 3* 6 3* 2*,5,1.0,False,lesion>control
10007,5-8-5-8-9,6 3* 6 3* 4*,5,1.0,False,lesion>control
10008,5-8-7-0-4,6 3* 2* 1 5,5,1.0,False,control>lesion
10009,5-8-7-1-8,6 3* 2* 2 3*,5,1.0,False,lesion>control
10010,5-8-7-8-7,6 3* 2* 3* 2*,5,1.0,False,lesion>control
10011,5-8-7-8-8,6 3* 2* 3* 3*,5,1.0,False,control>lesion
10012,5-8-8-7-0,6 3* 3* 2* 1,5,1.0,False,control>lesion
10013,5-8-8-9-1,6 3* 3* 4* 2,5,1.0,False,lesion>control
10014,5-8-8-9-8,6 3* 3* 4* 3*,5,1.0,False,lesion>control
10015,5-8-9-0-8,6 3* 4* 1 3*,5,1.0,False,control>lesion
10016,5-8-9-1-3,6 3* 4* 2 4,5,1.0,False,lesion>control
10017,5-8-9-1-5,6 3* 4* 2 6,5,1.0,False,lesion>control
10018,5-8-9-1-8,6 3* 4* 2 3*,5,1.0,False,lesion>control
10019,5-8-9-4-3,6 3* 4* 5 4,5,1.0,False,control>lesion
10020,5-8-9-5-3,6 3* 4* 6 4,5,1.0,False,lesion>control
10021,5-9-0-8-7,6 4* 1 3* 2*,5,1.0,False,lesion>control
10022,5-9-1-5-8,6 4* 2 6 3*,5,1.0,False,lesion>control
10023,5-9-4-3-8,6 4* 5 4 3*,5,1.0,False,lesion>control
10024,5-9-5-1-0,6 4* 6 2 1,5,1.0,False,control>lesion
10025,5-9-8-0-1,6 4* 3* 1 2,5,1.0,False,lesion>control
10026,5-9-8-0-7,6 4* 3* 1 2*,5,1.0,False,lesion>control
10027,7-0-1-1-8,2* 1 2 2 3*,5,1.0,False,lesion>control
10028,7-0-1-3-0,2* 1 2 4 1,5,1.0,False,control>lesion
10029,7-0-1-8-8,2* 1 2 3* 3*,5,1.0,False,lesion>control
10030,7-0-3-0-1,2* 1 4 1 2,5,1.0,False,lesion>control
10031,7-0-3-1-3,2* 1 4 2 4,5,1.0,False,lesion>control
10032,7-0-3-1-4,2* 1 4 2 5,5,1.0,False,lesion>control
10033,7-0-3-1-8,2* 1 4 2 3*,5,1.0,False,lesion>control
10034,7-0-3-2-1,2* 1 4 3 2,5,1.0,False,control>lesion
10035,7-0-3-4-1,2* 1 4 5 2,5,1.0,False,control>lesion
10036,7-0-3-5-1,2* 1 4 6 2,5,1.0,False,control>lesion
10037,7-0-4-0-4,2* 1 5 1 5,5,1.0,False,lesion>control
10038,7-0-4-3-1,2* 1 5 4 2,5,1.0,False,control>lesion
10039,7-0-4-3-5,2* 1 5 4 6,5,1.0,False,control>lesion
10040,7-0-4-8-5,2* 1 5 3* 6,5,1.0,False,control>lesion
10041,7-0-5-0-5,2* 1 6 1 6,5,1.0,False,lesion>control
10042,7-0-5-1-8,2* 1 6 2 3*,5,1.0,False,control>lesion
10043,7-0-5-3-0,2* 1 6 4 1,5,1.0,False,lesion>control
10044,7-0-5-3-1,2* 1 6 4 2,5,1.0,False,lesion>control
10045,7-0-5-3-5,2* 1 6 4 6,5,1.0,False,control>lesion
10046,7-0-5-8-0,2* 1 6 3* 1,5,1.0,False,lesion>control
10047,7-0-5-8-5,2* 1 6 3* 6,5,1.0,False,control>lesion
10048,7-0-5-8-9,2* 1 6 3* 4*,5,1.0,False,control>lesion
10049,7-0-8-0-1,2* 1 3* 1 2,5,1.0,False,lesion>control
10050,7-0-8-0-2,2* 1 3* 1 3,5,1.0,False,control>lesion
10051,7-0-8-0-5,2* 1 3* 1 6,5,1.0,False,control>lesion
10052,7-0-8-0-8,2* 1 3* 1 3*,5,1.0,False,control>lesion
10053,7-0-8-3-4,2* 1 3* 4 5,5,1.0,False,control>lesion
10054,7-0-8-3-8,2* 1 3* 4 3*,5,1.0,False,control>lesion
10055,7-0-8-4-8,2* 1 3* 5 3*,5,1.0,False,lesion>control
10056,7-0-8-5-4,2* 1 3* 6 5,5,1.0,False,lesion>control
10057,7-0-8-9-0,2* 1 3* 4* 1,5,1.0,False,lesion>control
10058,7-1-0-8-9,2* 2 1 3* 4*,5,1.0,False,control>lesion
10059,7-1-3-4-5,2* 2 4 5 6,5,1.0,False,lesion>control
10060,7-1-5-8-1,2* 2 6 3* 2,5,1.0,False,control>lesion
10061,7-1-8-0-1,2* 2 3* 1 2,5,1.0,False,lesion>control
10062,7-1-8-9-4,2* 2 3* 4* 5,5,1.0,False,control>lesion
10063,7-2-0-2-1,2* 3 1 3 2,5,1.0,False,lesion>control
10064,7-2-1-8-4,2* 3 2 3* 5,5,1.0,False,lesion>control
10065,7-2-4-3-8,2* 3 5 4 3*,5,1.0,False,lesion>control
10066,7-3-0-3-0,2* 4 1 4 1,5,1.0,False,lesion>control
10067,7-3-0-3-5,2* 4 1 4 6,5,1.0,False,lesion>control
10068,7-3-0-3-8,2* 4 1 4 3*,5,1.0,False,control>lesion
10069,7-3-0-5-4,2* 4 1 6 5,5,1.0,False,control>lesion
10070,7-3-0-8-5,2* 4 1 3* 6,5,1.0,False,lesion>control
10071,7-3-1-0-1,2* 4 2 1 2,5,1.0,False,lesion>control
10072,7-3-1-0-4,2* 4 2 1 5,5,1.0,False,lesion>control
10073,7-3-1-0-5,2* 4 2 1 6,5,1.0,False,control>lesion
10074,7-3-1-0-8,2* 4 2 1 3*,5,1.0,False,lesion>control
10075,7-3-1-3-4,2* 4 2 4 5,5,1.0,False,lesion>control
10076,7-3-1-8-1,2* 4 2 3* 2,5,1.0,False,lesion>control
10077,7-3-1-8-9,2* 4 2 3* 4*,5,1.0,False,lesion>control
10078,7-3-4-0-4,2* 4 5 1 5,5,1.0,False,control>lesion
10079,7-3-4-0-8,2* 4 5 1 3*,5,1.0,False,control>lesion
10080,7-3-4-3-4,2* 4 5 4 5,5,1.0,False,lesion>control
10081,7-3-4-3-5,2* 4 5 4 6,5,1.0,False,control>lesion
10082,7-3-4-5-0,2* 4 5 6 1,5,1.0,False,control>lesion
10083,7-3-4-8-5,2* 4 5 3* 6,5,1.0,False,lesion>control
10084,7-3-5-4-0,2* 4 6 5 1,5,1.0,False,control>lesion
10085,7-3-5-4-5,2* 4 6 5 6,5,1.0,False,control>lesion
10086,7-3-8-1-2,2* 4 3* 2 3,5,1.0,False,lesion>control
10087,7-3-8-3-0,2* 4 3* 4 1,5,1.0,False,lesion>control
10088,7-3-8-3-5,2* 4 3* 4 6,5,1.0,False,lesion>control
10089,7-3-8-4-0,2* 4 3* 5 1,5,1.0,False,lesion>control
10090,7-3-8-5-1,2* 4 3* 6 2,5,1.0,False,lesion>control
10091,7-3-8-9-1,2* 4 3* 4* 2,5,1.0,False,lesion>control
10092,7-4-0-1-5,2* 5 1 2 6,5,1.0,False,control>lesion
10093,7-4-1-3-0,2* 5 2 4 1,5,1.0,False,lesion>control
10094,7-4-1-8-1,2* 5 2 3* 2,5,1.0,False,control>lesion
10095,7-4-3-4-5,2* 5 4 5 6,5,1.0,False,lesion>control
10096,7-4-3-8-3,2* 5 4 3* 4,5,1.0,False,lesion>control
10097,7-4-5-0-3,2* 5 6 1 4,5,1.0,False,control>lesion
10098,7-4-5-1-8,2* 5 6 2 3*,5,1.0,False,lesion>control
10099,7-4-5-3-4,2* 5 6 4 5,5,1.0,False,control>lesion
10100,7-4-5-3-8,2* 5 6 4 3*,5,1.0,False,lesion>control
10101,7-4-5-8-0,2* 5 6 3* 1,5,1.0,False,control>lesion
10102,7-4-8-0-1,2* 5 3* 1 2,5,1.0,False,lesion>control
10103,7-4-8-3-2,2* 5 3* 4 3,5,1.0,False,lesion>control
10104,7-4-8-5-2,2* 5 3* 6 3,5,1.0,False,lesion>control
10105,7-4-8-7-8,2* 5 3* 2* 3*,5,1.0,False,control>lesion
10106,7-5-1-5-1,2* 6 2 6 2,5,1.0,False,lesion>control
10107,7-5-3-2-1,2* 6 4 3 2,5,1.0,False,control>lesion
10108,7-5-3-4-8,2* 6 4 5 3*,5,1.0,False,lesion>control
10109,7-5-3-8-0,2* 6 4 3* 1,5,1.0,False,lesion>control
10110,7-5-3-8-5,2* 6 4 3* 6,5,1.0,False,lesion>control
10111,7-5-4-1-0,2* 6 5 2 1,5,1.0,False,control>lesion
10112,7-5-4-3-4,2* 6 5 4 5,5,1.0,False,lesion>control
10113,7-5-4-8-5,2* 6 5 3* 6,5,1.0,False,lesion>control
10114,7-5-4-8-7,2* 6 5 3* 2*,5,1.0,False,lesion>control
10115,7-5-8-0-1,2* 6 3* 1 2,5,1.0,False,lesion>control
10116,7-5-8-0-3,2* 6 3* 1 4,5,1.0,False,lesion>control
10117,7-5-8-1-2,2* 6 3* 2 3,5,1.0,False,lesion>control
10118,7-5-8-5-8,2* 6 3* 6 3*,5,1.0,False,lesion>control
10119,7-5-8-9-4,2* 6 3* 4* 5,5,1.0,False,lesion>control
10120,7-5-8-9-5,2* 6 3* 4* 6,5,1.0,False,lesion>control
10121,7-8-0-1-0,2* 3* 1 2 1,5,1.0,False,lesion>control
10122,7-8-0-3-0,2* 3* 1 4 1,5,1.0,False,lesion>control
10123,7-8-0-3-4,2* 3* 1 4 5,5,1.0,False,control>lesion
10124,7-8-0-3-5,2* 3* 1 4 6,5,1.0,False,control>lesion
10125,7-8-0-5-2,2* 3* 1 6 3,5,1.0,False,lesion>control
10126,7-8-1-0-2,2* 3* 2 1 3,5,1.0,False,lesion>control
10127,7-8-1-1-8,2* 3* 2 2 3*,5,1.0,False,control>lesion
10128,7-8-1-2-1,2* 3* 2 3 2,5,1.0,False,control>lesion
10129,7-8-1-2-5,2* 3* 2 3 6,5,1.0,False,control>lesion
10130,7-8-1-4-5,2* 3* 2 5 6,5,1.0,False,lesion>control
10131,7-8-1-9-8,2* 3* 2 4* 3*,5,1.0,False,control>lesion
10132,7-8-3-8-7,2* 3* 4 3* 2*,5,1.0,False,control>lesion
10133,7-8-4-0-2,2* 3* 5 1 3,5,1.0,False,lesion>control
10134,7-8-4-2-5,2* 3* 5 3 6,5,1.0,False,control>lesion
10135,7-8-4-5-0,2* 3* 5 6 1,5,1.0,False,control>lesion
10136,7-8-4-5-8,2* 3* 5 6 3*,5,1.0,False,lesion>control
10137,7-8-4-8-4,2* 3* 5 3* 5,5,1.0,False,lesion>control
10138,7-8-4-8-7,2* 3* 5 3* 2*,5,1.0,False,lesion>control
10139,7-8-5-0-2,2* 3* 6 1 3,5,1.0,False,lesion>control
10140,7-8-5-1-8,2* 3* 6 2 3*,5,1.0,False,control>lesion
10141,7-8-5-2-5,2* 3* 6 3 6,5,1.0,False,lesion>control
10142,7-8-5-4-1,2* 3* 6 5 2,5,1.0,False,lesion>control
10143,7-8-5-4-8,2* 3* 6 5 3*,5,1.0,False,control>lesion
10144,7-8-5-4-9,2* 3* 6 5 4*,5,1.0,False,control>lesion
10145,7-8-5-7-8,2* 3* 6 2* 3*,5,1.0,False,lesion>control
10146,7-8-5-8-4,2* 3* 6 3* 5,5,1.0,False,lesion>control
10147,7-8-5-8-5,2* 3* 6 3* 6,5,1.0,False,lesion>control
10148,7-8-5-8-7,2* 3* 6 3* 2*,5,1.0,False,lesion>control
10149,7-8-5-9-1,2* 3* 6 4* 2,5,1.0,False,lesion>control
10150,7-8-7-0-5,2* 3* 2* 1 6,5,1.0,False,lesion>control
10151,7-8-7-3-5,2* 3* 2* 4 6,5,1.0,False,lesion>control
10152,7-8-7-5-4,2* 3* 2* 6 5,5,1.0,False,lesion>control
10153,7-8-7-8-5,2* 3* 2* 3* 6,5,1.0,False,control>lesion
10154,7-8-8-9-5,2* 3* 3* 4* 6,5,1.0,False,control>lesion
10155,7-8-9-0-3,2* 3* 4* 1 4,5,1.0,False,lesion>control
10156,7-8-9-0-4,2* 3* 4* 1 5,5,1.0,False,lesion>control
10157,7-8-9-0-5,2* 3* 4* 1 6,5,1.0,False,control>lesion
10158,7-8-9-2-8,2* 3* 4* 3 3*,5,1.0,False,control>lesion
10159,7-8-9-3-0,2* 3* 4* 4 1,5,1.0,False,lesion>control
10160,7-8-9-3-1,2* 3* 4* 4 2,5,1.0,False,lesion>control
10161,7-8-9-4-0,2* 3* 4* 5 1,5,1.0,False,control>lesion
10162,7-8-9-4-1,2* 3* 4* 5 2,5,1.0,False,lesion>control
10163,7-8-9-5-0,2* 3* 4* 6 1,5,1.0,False,control>lesion
10164,7-8-9-8-1,2* 3* 4* 3* 2,5,1.0,False,control>lesion
10165,7-8-9-8-8,2* 3* 4* 3* 3*,5,1.0,False,lesion>control
10166,8-0-0-1-0,3* 1 1 2 1,5,1.0,False,control>lesion
10167,8-0-1-0-5,3* 1 2 1 6,5,1.0,False,control>lesion
10168,8-0-1-3-1,3* 1 2 4 2,5,1.0,False,control>lesion
10169,8-0-1-5-1,3* 1 2 6 2,5,1.0,False,control>lesion
10170,8-0-1-5-4,3* 1 2 6 5,5,1.0,False,control>lesion
10171,8-0-1-9-5,3* 1 2 4* 6,5,1.0,False,control>lesion
10172,8-0-2-0-9,3* 1 3 1 4*,5,1.0,False,control>lesion
10173,8-0-2-1-3,3* 1 3 2 4,5,1.0,False,control>lesion
10174,8-0-2-1-5,3* 1 3 2 6,5,1.0,False,control>lesion
10175,8-0-2-5-2,3* 1 3 6 3,5,1.0,False,lesion>control
10176,8-0-2-7-3,3* 1 3 2* 4,5,1.0,False,control>lesion
10177,8-0-2-7-8,3* 1 3 2* 3*,5,1.0,False,control>lesion
10178,8-0-2-9-4,3* 1 3 4* 5,5,1.0,False,control>lesion
10179,8-0-3-0-1,3* 1 4 1 2,5,1.0,False,lesion>control
10180,8-0-3-0-7,3* 1 4 1 2*,5,1.0,False,lesion>control
10181,8-0-3-1-8,3* 1 4 2 3*,5,1.0,False,control>lesion
10182,8-0-3-4-8,3* 1 4 5 3*,5,1.0,False,control>lesion
10183,8-0-3-5-1,3* 1 4 6 2,5,1.0,False,control>lesion
10184,8-0-3-5-2,3* 1 4 6 3,5,1.0,False,lesion>control
10185,8-0-3-5-4,3* 1 4 6 5,5,1.0,False,lesion>control
10186,8-0-3-7-0,3* 1 4 2* 1,5,1.0,False,control>lesion
10187,8-0-4-0-8,3* 1 5 1 3*,5,1.0,False,control>lesion
10188,8-0-4-2-1,3* 1 5 3 2,5,1.0,False,lesion>control
10189,8-0-4-3-4,3* 1 5 4 5,5,1.0,False,lesion>control
10190,8-0-4-5-3,3* 1 5 6 4,5,1.0,False,control>lesion
10191,8-0-4-5-4,3* 1 5 6 5,5,1.0,False,lesion>control
10192,8-0-4-5-8,3* 1 5 6 3*,5,1.0,False,lesion>control
10193,8-0-5-1-3,3* 1 6 2 4,5,1.0,False,lesion>control
10194,8-0-5-1-5,3* 1 6 2 6,5,1.0,False,lesion>control
10195,8-0-5-2-1,3* 1 6 3 2,5,1.0,False,lesion>control
10196,8-0-5-2-7,3* 1 6 3 2*,5,1.0,False,lesion>control
10197,8-0-5-2-9,3* 1 6 3 4*,5,1.0,False,control>lesion
10198,8-0-5-3-0,3* 1 6 4 1,5,1.0,False,lesion>control
10199,8-0-5-3-1,3* 1 6 4 2,5,1.0,False,control>lesion
10200,8-0-5-4-0,3* 1 6 5 1,5,1.0,False,lesion>control
10201,8-0-5-8-3,3* 1 6 3* 4,5,1.0,False,lesion>control
10202,8-0-5-8-5,3* 1 6 3* 6,5,1.0,False,lesion>control
10203,8-0-7-0-1,3* 1 2* 1 2,5,1.0,False,control>lesion
10204,8-0-7-0-8,3* 1 2* 1 3*,5,1.0,False,control>lesion
10205,8-0-7-3-1,3* 1 2* 4 2,5,1.0,False,control>lesion
10206,8-0-7-4-5,3* 1 2* 5 6,5,1.0,False,control>lesion
10207,8-0-7-5-4,3* 1 2* 6 5,5,1.0,False,control>lesion
10208,8-0-8-1-0,3* 1 3* 2 1,5,1.0,False,lesion>control
10209,8-0-8-1-2,3* 1 3* 2 3,5,1.0,False,lesion>control
10210,8-0-8-1-4,3* 1 3* 2 5,5,1.0,False,lesion>control
10211,8-0-8-3-3,3* 1 3* 4 4,5,1.0,False,lesion>control
10212,8-0-8-4-1,3* 1 3* 5 2,5,1.0,False,lesion>control
10213,8-0-8-4-3,3* 1 3* 5 4,5,1.0,False,control>lesion
10214,8-0-8-5-1,3* 1 3* 6 2,5,1.0,False,lesion>control
10215,8-0-8-7-5,3* 1 3* 2* 6,5,1.0,False,control>lesion
10216,8-0-9-0-1,3* 1 4* 1 2,5,1.0,False,control>lesion
10217,8-0-9-1-3,3* 1 4* 2 4,5,1.0,False,lesion>control
10218,8-0-9-1-8,3* 1 4* 2 3*,5,1.0,False,lesion>control
10219,8-0-9-3-0,3* 1 4* 4 1,5,1.0,False,lesion>control
10220,8-0-9-5-0,3* 1 4* 6 1,5,1.0,False,lesion>control
10221,8-0-9-5-3,3* 1 4* 6 4,5,1.0,False,lesion>control
10222,8-0-9-8-0,3* 1 4* 3* 1,5,1.0,False,lesion>control
10223,8-0-9-8-8,3* 1 4* 3* 3*,5,1.0,False,control>lesion
10224,8-1-0-2-0,3* 2 1 3 1,5,1.0,False,lesion>control
10225,8-1-0-2-9,3* 2 1 3 4*,5,1.0,False,lesion>control
10226,8-1-0-8-5,3* 2 1 3* 6,5,1.0,False,control>lesion
10227,8-1-0-8-7,3* 2 1 3* 2*,5,1.0,False,control>lesion
10228,8-1-0-9-8,3* 2 1 4* 3*,5,1.0,False,lesion>control
10229,8-1-1-8-9,3* 2 2 3* 4*,5,1.0,False,control>lesion
10230,8-1-2-0-1,3* 2 3 1 2,5,1.0,False,control>lesion
10231,8-1-2-0-3,3* 2 3 1 4,5,1.0,False,control>lesion
10232,8-1-2-1-3,3* 2 3 2 4,5,1.0,False,lesion>control
10233,8-1-2-1-5,3* 2 3 2 6,5,1.0,False,control>lesion
10234,8-1-2-1-8,3* 2 3 2 3*,5,1.0,False,control>lesion
10235,8-1-2-3-0,3* 2 3 4 1,5,1.0,False,lesion>control
10236,8-1-2-5-3,3* 2 3 6 4,5,1.0,False,lesion>control
10237,8-1-2-5-4,3* 2 3 6 5,5,1.0,False,control>lesion
10238,8-1-2-5-8,3* 2 3 6 3*,5,1.0,False,lesion>control
10239,8-1-2-8-7,3* 2 3 3* 2*,5,1.0,False,lesion>control
10240,8-1-2-9-5,3* 2 3 4* 6,5,1.0,False,control>lesion
10241,8-1-3-0-3,3* 2 4 1 4,5,1.0,False,lesion>control
10242,8-1-3-0-4,3* 2 4 1 5,5,1.0,False,lesion>control
10243,8-1-3-1-5,3* 2 4 2 6,5,1.0,False,lesion>control
10244,8-1-3-4-0,3* 2 4 5 1,5,1.0,False,lesion>control
10245,8-1-3-4-1,3* 2 4 5 2,5,1.0,False,lesion>control
10246,8-1-4-1-3,3* 2 5 2 4,5,1.0,False,lesion>control
10247,8-1-4-8-3,3* 2 5 3* 4,5,1.0,False,lesion>control
10248,8-1-4-8-5,3* 2 5 3* 6,5,1.0,False,lesion>control
10249,8-1-5-0-1,3* 2 6 1 2,5,1.0,False,lesion>control
10250,8-1-5-0-3,3* 2 6 1 4,5,1.0,False,control>lesion
10251,8-1-5-0-5,3* 2 6 1 6,5,1.0,False,control>lesion
10252,8-1-5-0-8,3* 2 6 1 3*,5,1.0,False,control>lesion
10253,8-1-5-0-9,3* 2 6 1 4*,5,1.0,False,control>lesion
10254,8-1-5-1-8,3* 2 6 2 3*,5,1.0,False,lesion>control
10255,8-1-5-3-5,3* 2 6 4 6,5,1.0,False,control>lesion
10256,8-1-5-4-9,3* 2 6 5 4*,5,1.0,False,lesion>control
10257,8-1-5-8-7,3* 2 6 3* 2*,5,1.0,False,control>lesion
10258,8-1-8-0-3,3* 2 3* 1 4,5,1.0,False,control>lesion
10259,8-1-8-1-9,3* 2 3* 2 4*,5,1.0,False,lesion>control
10260,8-1-8-3-8,3* 2 3* 4 3*,5,1.0,False,lesion>control
10261,8-1-8-4-9,3* 2 3* 5 4*,5,1.0,False,control>lesion
10262,8-1-8-8-0,3* 2 3* 3* 1,5,1.0,False,lesion>control
10263,8-1-8-8-5,3* 2 3* 3* 6,5,1.0,False,control>lesion
10264,8-1-8-9-0,3* 2 3* 4* 1,5,1.0,False,control>lesion
10265,8-1-9-0-8,3* 2 4* 1 3*,5,1.0,False,lesion>control
10266,8-1-9-8-9,3* 2 4* 3* 4*,5,1.0,False,lesion>control
10267,8-3-0-2-5,3* 4 1 3 6,5,1.0,False,control>lesion
10268,8-3-0-3-2,3* 4 1 4 3,5,1.0,False,lesion>control
10269,8-3-0-3-4,3* 4 1 4 5,5,1.0,False,lesion>control
10270,8-3-0-4-0,3* 4 1 5 1,5,1.0,False,control>lesion
10271,8-3-0-5-1,3* 4 1 6 2,5,1.0,False,control>lesion
10272,8-3-0-5-3,3* 4 1 6 4,5,1.0,False,control>lesion
10273,8-3-0-7-5,3* 4 1 2* 6,5,1.0,False,lesion>control
10274,8-3-0-7-8,3* 4 1 2* 3*,5,1.0,False,lesion>control
10275,8-3-0-8-5,3* 4 1 3* 6,5,1.0,False,lesion>control
10276,8-3-0-8-9,3* 4 1 3* 4*,5,1.0,False,control>lesion
10277,8-3-1-3-0,3* 4 2 4 1,5,1.0,False,lesion>control
10278,8-3-1-3-5,3* 4 2 4 6,5,1.0,False,lesion>control
10279,8-3-1-4-8,3* 4 2 5 3*,5,1.0,False,lesion>control
10280,8-3-1-5-1,3* 4 2 6 2,5,1.0,False,lesion>control
10281,8-3-1-8-4,3* 4 2 3* 5,5,1.0,False,control>lesion
10282,8-3-1-8-7,3* 4 2 3* 2*,5,1.0,False,control>lesion
10283,8-3-2-0-3,3* 4 3 1 4,5,1.0,False,lesion>control
10284,8-3-2-0-5,3* 4 3 1 6,5,1.0,False,lesion>control
10285,8-3-2-0-7,3* 4 3 1 2*,5,1.0,False,lesion>control
10286,8-3-2-1-5,3* 4 3 2 6,5,1.0,False,lesion>control
10287,8-3-2-3-8,3* 4 3 4 3*,5,1.0,False,lesion>control
10288,8-3-2-4-2,3* 4 3 5 3,5,1.0,False,lesion>control
10289,8-3-2-4-3,3* 4 3 5 4,5,1.0,False,lesion>control
10290,8-3-2-4-8,3* 4 3 5 3*,5,1.0,False,lesion>control
10291,8-3-2-5-4,3* 4 3 6 5,5,1.0,False,control>lesion
10292,8-3-2-5-8,3* 4 3 6 3*,5,1.0,False,lesion>control
10293,8-3-2-7-4,3* 4 3 2* 5,5,1.0,False,lesion>control
10294,8-3-2-8-7,3* 4 3 3* 2*,5,1.0,False,lesion>control
10295,8-3-3-4-1,3* 4 4 5 2,5,1.0,False,lesion>control
10296,8-3-3-4-3,3* 4 4 5 4,5,1.0,False,lesion>control
10297,8-3-3-5-3,3* 4 4 6 4,5,1.0,False,control>lesion
10298,8-3-3-5-4,3* 4 4 6 5,5,1.0,False,lesion>control
10299,8-3-3-5-8,3* 4 4 6 3*,5,1.0,False,control>lesion
10300,8-3-3-8-0,3* 4 4 3* 1,5,1.0,False,control>lesion
10301,8-3-3-8-5,3* 4 4 3* 6,5,1.0,False,control>lesion
10302,8-3-4-1-3,3* 4 5 2 4,5,1.0,False,lesion>control
10303,8-3-4-2-7,3* 4 5 3 2*,5,1.0,False,lesion>control
10304,8-3-4-3-4,3* 4 5 4 5,5,1.0,False,lesion>control
10305,8-3-4-8-4,3* 4 5 3* 5,5,1.0,False,control>lesion
10306,8-3-4-8-9,3* 4 5 3* 4*,5,1.0,False,control>lesion
10307,8-3-5-0-5,3* 4 6 1 6,5,1.0,False,lesion>control
10308,8-3-5-1-1,3* 4 6 2 2,5,1.0,False,control>lesion
10309,8-3-5-1-5,3* 4 6 2 6,5,1.0,False,lesion>control
10310,8-3-5-2-0,3* 4 6 3 1,5,1.0,False,control>lesion
10311,8-3-5-2-5,3* 4 6 3 6,5,1.0,False,lesion>control
10312,8-3-5-3-2,3* 4 6 4 3,5,1.0,False,lesion>control
10313,8-3-5-4-0,3* 4 6 5 1,5,1.0,False,control>lesion
10314,8-3-5-8-0,3* 4 6 3* 1,5,1.0,False,lesion>control
10315,8-3-5-8-5,3* 4 6 3* 6,5,1.0,False,lesion>control
10316,8-3-5-8-9,3* 4 6 3* 4*,5,1.0,False,lesion>control
10317,8-3-7-3-1,3* 4 2* 4 2,5,1.0,False,lesion>control
10318,8-3-7-3-8,3* 4 2* 4 3*,5,1.0,False,lesion>control
10319,8-3-7-8-1,3* 4 2* 3* 2,5,1.0,False,lesion>control
10320,8-3-8-4-0,3* 4 3* 5 1,5,1.0,False,lesion>control
10321,8-3-8-4-1,3* 4 3* 5 2,5,1.0,False,lesion>control
10322,8-3-8-4-2,3* 4 3* 5 3,5,1.0,False,control>lesion
10323,8-3-8-5-1,3* 4 3* 6 2,5,1.0,False,lesion>control
10324,8-3-8-8-9,3* 4 3* 3* 4*,5,1.0,False,control>lesion
10325,8-3-8-9-1,3* 4 3* 4* 2,5,1.0,False,control>lesion
10326,8-3-8-9-4,3* 4 3* 4* 5,5,1.0,False,lesion>control
10327,8-4-0-1-3,3* 5 1 2 4,5,1.0,False,lesion>control
10328,8-4-0-1-8,3* 5 1 2 3*,5,1.0,False,lesion>control
10329,8-4-0-2-5,3* 5 1 3 6,5,1.0,False,lesion>control
10330,8-4-0-3-0,3* 5 1 4 1,5,1.0,False,lesion>control
10331,8-4-0-3-5,3* 5 1 4 6,5,1.0,False,lesion>control
10332,8-4-0-8-0,3* 5 1 3* 1,5,1.0,False,control>lesion
10333,8-4-0-8-4,3* 5 1 3* 5,5,1.0,False,lesion>control
10334,8-4-0-8-7,3* 5 1 3* 2*,5,1.0,False,lesion>control
10335,8-4-0-8-9,3* 5 1 3* 4*,5,1.0,False,lesion>control
10336,8-4-1-0-3,3* 5 2 1 4,5,1.0,False,control>lesion
10337,8-4-1-3-4,3* 5 2 4 5,5,1.0,False,lesion>control
10338,8-4-1-8-1,3* 5 2 3* 2,5,1.0,False,lesion>control
10339,8-4-1-8-9,3* 5 2 3* 4*,5,1.0,False,lesion>control
10340,8-4-2-0-2,3* 5 3 1 3,5,1.0,False,control>lesion
10341,8-4-2-0-8,3* 5 3 1 3*,5,1.0,False,control>lesion
10342,8-4-2-1-0,3* 5 3 2 1,5,1.0,False,lesion>control
10343,8-4-2-1-2,3* 5 3 2 3,5,1.0,False,lesion>control
10344,8-4-2-1-3,3* 5 3 2 4,5,1.0,False,control>lesion
10345,8-4-2-3-2,3* 5 3 4 3,5,1.0,False,lesion>control
10346,8-4-2-3-5,3* 5 3 4 6,5,1.0,False,control>lesion
10347,8-4-2-3-8,3* 5 3 4 3*,5,1.0,False,control>lesion
10348,8-4-2-4-9,3* 5 3 5 4*,5,1.0,False,lesion>control
10349,8-4-2-5-8,3* 5 3 6 3*,5,1.0,False,control>lesion
10350,8-4-2-7-0,3* 5 3 2* 1,5,1.0,False,lesion>control
10351,8-4-2-7-3,3* 5 3 2* 4,5,1.0,False,control>lesion
10352,8-4-2-7-4,3* 5 3 2* 5,5,1.0,False,lesion>control
10353,8-4-2-7-5,3* 5 3 2* 6,5,1.0,False,lesion>control
10354,8-4-2-7-8,3* 5 3 2* 3*,5,1.0,False,lesion>control
10355,8-4-2-9-1,3* 5 3 4* 2,5,1.0,False,control>lesion
10356,8-4-3-0-5,3* 5 4 1 6,5,1.0,False,lesion>control
10357,8-4-3-1-0,3* 5 4 2 1,5,1.0,False,control>lesion
10358,8-4-3-1-3,3* 5 4 2 4,5,1.0,False,lesion>control
10359,8-4-3-1-5,3* 5 4 2 6,5,1.0,False,control>lesion
10360,8-4-3-2-1,3* 5 4 3 2,5,1.0,False,control>lesion
10361,8-4-3-4-8,3* 5 4 5 3*,5,1.0,False,control>lesion
10362,8-4-3-5-8,3* 5 4 6 3*,5,1.0,False,control>lesion
10363,8-4-3-8-0,3* 5 4 3* 1,5,1.0,False,lesion>control
10364,8-4-3-8-4,3* 5 4 3* 5,5,1.0,False,lesion>control
10365,8-4-3-8-5,3* 5 4 3* 6,5,1.0,False,lesion>control
10366,8-4-5-0-8,3* 5 6 1 3*,5,1.0,False,control>lesion
10367,8-4-5-0-9,3* 5 6 1 4*,5,1.0,False,lesion>control
10368,8-4-5-1-3,3* 5 6 2 4,5,1.0,False,lesion>control
10369,8-4-5-1-8,3* 5 6 2 3*,5,1.0,False,lesion>control
10370,8-4-5-2-0,3* 5 6 3 1,5,1.0,False,control>lesion
10371,8-4-5-3-1,3* 5 6 4 2,5,1.0,False,control>lesion
10372,8-4-5-3-4,3* 5 6 4 5,5,1.0,False,lesion>control
10373,8-4-5-8-3,3* 5 6 3* 4,5,1.0,False,lesion>control
10374,8-4-5-8-4,3* 5 6 3* 5,5,1.0,False,control>lesion
10375,8-4-5-9-4,3* 5 6 4* 5,5,1.0,False,lesion>control
10376,8-4-7-0-3,3* 5 2* 1 4,5,1.0,False,lesion>control
10377,8-4-7-8-1,3* 5 2* 3* 2,5,1.0,False,lesion>control
10378,8-4-8-0-2,3* 5 3* 1 3,5,1.0,False,lesion>control
10379,8-4-8-1-4,3* 5 3* 2 5,5,1.0,False,lesion>control
10380,8-4-8-1-5,3* 5 3* 2 6,5,1.0,False,lesion>control
10381,8-4-8-3-1,3* 5 3* 4 2,5,1.0,False,lesion>control
10382,8-4-8-3-5,3* 5 3* 4 6,5,1.0,False,control>lesion
10383,8-4-8-4-0,3* 5 3* 5 1,5,1.0,False,lesion>control
10384,8-4-8-4-3,3* 5 3* 5 4,5,1.0,False,control>lesion
10385,8-4-8-4-5,3* 5 3* 5 6,5,1.0,False,control>lesion
10386,8-4-8-5-1,3* 5 3* 6 2,5,1.0,False,lesion>control
10387,8-4-8-7-3,3* 5 3* 2* 4,5,1.0,False,lesion>control
10388,8-4-9-8-3,3* 5 4* 3* 4,5,1.0,False,control>lesion
10389,8-5-0-1-0,3* 6 1 2 1,5,1.0,False,lesion>control
10390,8-5-0-1-3,3* 6 1 2 4,5,1.0,False,control>lesion
10391,8-5-0-1-8,3* 6 1 2 3*,5,1.0,False,control>lesion
10392,8-5-0-2-5,3* 6 1 3 6,5,1.0,False,lesion>control
10393,8-5-0-2-9,3* 6 1 3 4*,5,1.0,False,control>lesion
10394,8-5-0-3-0,3* 6 1 4 1,5,1.0,False,lesion>control
10395,8-5-0-4-2,3* 6 1 5 3,5,1.0,False,lesion>control
10396,8-5-0-4-8,3* 6 1 5 3*,5,1.0,False,control>lesion
10397,8-5-0-5-1,3* 6 1 6 2,5,1.0,False,control>lesion
10398,8-5-0-5-4,3* 6 1 6 5,5,1.0,False,control>lesion
10399,8-5-0-5-8,3* 6 1 6 3*,5,1.0,False,lesion>control
10400,8-5-0-7-3,3* 6 1 2* 4,5,1.0,False,lesion>control
10401,8-5-0-7-5,3* 6 1 2* 6,5,1.0,False,lesion>control
10402,8-5-0-7-8,3* 6 1 2* 3*,5,1.0,False,lesion>control
10403,8-5-0-8-0,3* 6 1 3* 1,5,1.0,False,control>lesion
10404,8-5-0-8-3,3* 6 1 3* 4,5,1.0,False,lesion>control
10405,8-5-0-8-7,3* 6 1 3* 2*,5,1.0,False,lesion>control
10406,8-5-1-0-5,3* 6 2 1 6,5,1.0,False,control>lesion
10407,8-5-1-3-1,3* 6 2 4 2,5,1.0,False,control>lesion
10408,8-5-1-3-4,3* 6 2 4 5,5,1.0,False,control>lesion
10409,8-5-1-3-8,3* 6 2 4 3*,5,1.0,False,lesion>control
10410,8-5-1-4-1,3* 6 2 5 2,5,1.0,False,lesion>control
10411,8-5-1-5-2,3* 6 2 6 3,5,1.0,False,lesion>control
10412,8-5-1-8-5,3* 6 2 3* 6,5,1.0,False,lesion>control
10413,8-5-1-9-8,3* 6 2 4* 3*,5,1.0,False,control>lesion
10414,8-5-2-0-7,3* 6 3 1 2*,5,1.0,False,control>lesion
10415,8-5-2-0-9,3* 6 3 1 4*,5,1.0,False,lesion>control
10416,8-5-2-3-0,3* 6 3 4 1,5,1.0,False,control>lesion
10417,8-5-2-3-1,3* 6 3 4 2,5,1.0,False,lesion>control
10418,8-5-2-3-2,3* 6 3 4 3,5,1.0,False,lesion>control
10419,8-5-2-3-5,3* 6 3 4 6,5,1.0,False,lesion>control
10420,8-5-2-4-7,3* 6 3 5 2*,5,1.0,False,lesion>control
10421,8-5-2-5-0,3* 6 3 6 1,5,1.0,False,lesion>control
10422,8-5-2-5-8,3* 6 3 6 3*,5,1.0,False,lesion>control
10423,8-5-2-7-0,3* 6 3 2* 1,5,1.0,False,lesion>control
10424,8-5-2-7-4,3* 6 3 2* 5,5,1.0,False,control>lesion
10425,8-5-2-8-5,3* 6 3 3* 6,5,1.0,False,lesion>control
10426,8-5-3-0-3,3* 6 4 1 4,5,1.0,False,lesion>control
10427,8-5-3-0-5,3* 6 4 1 6,5,1.0,False,lesion>control
10428,8-5-3-1-3,3* 6 4 2 4,5,1.0,False,lesion>control
10429,8-5-3-1-5,3* 6 4 2 6,5,1.0,False,lesion>control
10430,8-5-3-1-8,3* 6 4 2 3*,5,1.0,False,control>lesion
10431,8-5-3-2-7,3* 6 4 3 2*,5,1.0,False,control>lesion
10432,8-5-3-4-5,3* 6 4 5 6,5,1.0,False,control>lesion
10433,8-5-3-7-0,3* 6 4 2* 1,5,1.0,False,control>lesion
10434,8-5-4-0-3,3* 6 5 1 4,5,1.0,False,control>lesion
10435,8-5-4-1-3,3* 6 5 2 4,5,1.0,False,control>lesion
10436,8-5-4-1-4,3* 6 5 2 5,5,1.0,False,lesion>control
10437,8-5-4-1-5,3* 6 5 2 6,5,1.0,False,control>lesion
10438,8-5-4-2-7,3* 6 5 3 2*,5,1.0,False,lesion>control
10439,8-5-4-3-0,3* 6 5 4 1,5,1.0,False,lesion>control
10440,8-5-4-3-1,3* 6 5 4 2,5,1.0,False,control>lesion
10441,8-5-4-3-4,3* 6 5 4 5,5,1.0,False,control>lesion
10442,8-5-4-3-5,3* 6 5 4 6,5,1.0,False,control>lesion
10443,8-5-4-5-4,3* 6 5 6 5,5,1.0,False,control>lesion
10444,8-5-4-5-8,3* 6 5 6 3*,5,1.0,False,control>lesion
10445,8-5-4-7-0,3* 6 5 2* 1,5,1.0,False,lesion>control
10446,8-5-4-8-3,3* 6 5 3* 4,5,1.0,False,lesion>control
10447,8-5-4-8-4,3* 6 5 3* 5,5,1.0,False,control>lesion
10448,8-5-4-8-5,3* 6 5 3* 6,5,1.0,False,control>lesion
10449,8-5-7-0-3,3* 6 2* 1 4,5,1.0,False,lesion>control
10450,8-5-7-8-9,3* 6 2* 3* 4*,5,1.0,False,control>lesion
10451,8-5-8-0-2,3* 6 3* 1 3,5,1.0,False,lesion>control
10452,8-5-8-0-8,3* 6 3* 1 3*,5,1.0,False,control>lesion
10453,8-5-8-0-9,3* 6 3* 1 4*,5,1.0,False,control>lesion
10454,8-5-8-1-3,3* 6 3* 2 4,5,1.0,False,lesion>control
10455,8-5-8-3-2,3* 6 3* 4 3,5,1.0,False,lesion>control
10456,8-5-8-4-2,3* 6 3* 5 3,5,1.0,False,lesion>control
10457,8-5-8-5-4,3* 6 3* 6 5,5,1.0,False,lesion>control
10458,8-5-8-5-8,3* 6 3* 6 3*,5,1.0,False,lesion>control
10459,8-5-8-7-0,3* 6 3* 2* 1,5,1.0,False,control>lesion
10460,8-5-8-7-3,3* 6 3* 2* 4,5,1.0,False,lesion>control
10461,8-5-8-9-4,3* 6 3* 4* 5,5,1.0,False,control>lesion
10462,8-5-9-1-5,3* 6 4* 2 6,5,1.0,False,lesion>control
10463,8-5-9-5-1,3* 6 4* 6 2,5,1.0,False,control>lesion
10464,8-7-0-1-1,3* 2* 1 2 2,5,1.0,False,lesion>control
10465,8-7-0-3-0,3* 2* 1 4 1,5,1.0,False,lesion>control
10466,8-7-0-3-2,3* 2* 1 4 3,5,1.0,False,control>lesion
10467,8-7-1-0-8,3* 2* 2 1 3*,5,1.0,False,control>lesion
10468,8-7-1-3-4,3* 2* 2 4 5,5,1.0,False,lesion>control
10469,8-7-1-5-8,3* 2* 2 6 3*,5,1.0,False,control>lesion
10470,8-7-1-8-0,3* 2* 2 3* 1,5,1.0,False,lesion>control
10471,8-7-1-8-9,3* 2* 2 3* 4*,5,1.0,False,control>lesion
10472,8-7-2-0-2,3* 2* 3 1 3,5,1.0,False,lesion>control
10473,8-7-2-1-8,3* 2* 3 2 3*,5,1.0,False,lesion>control
10474,8-7-2-4-3,3* 2* 3 5 4,5,1.0,False,lesion>control
10475,8-7-3-0-5,3* 2* 4 1 6,5,1.0,False,control>lesion
10476,8-7-4-0-1,3* 2* 5 1 2,5,1.0,False,control>lesion
10477,8-7-4-1-3,3* 2* 5 2 4,5,1.0,False,lesion>control
10478,8-7-4-1-8,3* 2* 5 2 3*,5,1.0,False,control>lesion
10479,8-7-4-3-4,3* 2* 5 4 5,5,1.0,False,lesion>control
10480,8-7-4-5-1,3* 2* 5 6 2,5,1.0,False,lesion>control
10481,8-7-4-5-3,3* 2* 5 6 4,5,1.0,False,lesion>control
10482,8-7-4-5-8,3* 2* 5 6 3*,5,1.0,False,control>lesion
10483,8-7-4-8-0,3* 2* 5 3* 1,5,1.0,False,lesion>control
10484,8-7-4-8-3,3* 2* 5 3* 4,5,1.0,False,lesion>control
10485,8-7-4-8-5,3* 2* 5 3* 6,5,1.0,False,lesion>control
10486,8-7-4-8-7,3* 2* 5 3* 2*,5,1.0,False,control>lesion
10487,8-7-5-0-5,3* 2* 6 1 6,5,1.0,False,control>lesion
10488,8-7-5-1-5,3* 2* 6 2 6,5,1.0,False,lesion>control
10489,8-7-5-3-2,3* 2* 6 4 3,5,1.0,False,control>lesion
10490,8-7-5-3-4,3* 2* 6 4 5,5,1.0,False,lesion>control
10491,8-7-5-4-1,3* 2* 6 5 2,5,1.0,False,control>lesion
10492,8-7-8-0-2,3* 2* 3* 1 3,5,1.0,False,lesion>control
10493,8-7-8-1-1,3* 2* 3* 2 2,5,1.0,False,control>lesion
10494,8-7-8-1-9,3* 2* 3* 2 4*,5,1.0,False,control>lesion
10495,8-7-8-3-8,3* 2* 3* 4 3*,5,1.0,False,control>lesion
10496,8-7-8-5-0,3* 2* 3* 6 1,5,1.0,False,lesion>control
10497,8-7-8-5-7,3* 2* 3* 6 2*,5,1.0,False,lesion>control
10498,8-7-8-7-5,3* 2* 3* 2* 6,5,1.0,False,lesion>control
10499,8-7-8-9-2,3* 2* 3* 4* 3,5,1.0,False,control>lesion
10500,8-8-0-4-8,3* 3* 1 5 3*,5,1.0,False,lesion>control
10501,8-8-5-3-1,3* 3* 6 4 2,5,1.0,False,control>lesion
10502,8-8-5-4-8,3* 3* 6 5 3*,5,1.0,False,lesion>control
10503,8-8-7-0-5,3* 3* 2* 1 6,5,1.0,False,lesion>control
10504,8-8-7-0-8,3* 3* 2* 1 3*,5,1.0,False,control>lesion
10505,8-8-7-3-4,3* 3* 2* 4 5,5,1.0,False,control>lesion
10506,8-8-7-3-8,3* 3* 2* 4 3*,5,1.0,False,control>lesion
10507,8-8-9-0-4,3* 3* 4* 1 5,5,1.0,False,control>lesion
10508,8-8-9-1-8,3* 3* 4* 2 3*,5,1.0,False,lesion>control
10509,8-8-9-4-5,3* 3* 4* 5 6,5,1.0,False,control>lesion
10510,8-8-9-5-3,3* 3* 4* 6 4,5,1.0,False,control>lesion
10511,8-8-9-5-8,3* 3* 4* 6 3*,5,1.0,False,control>lesion
10512,8-8-9-8-5,3* 3* 4* 3* 6,5,1.0,False,lesion>control
10513,8-8-9-8-7,3* 3* 4* 3* 2*,5,1.0,False,control>lesion
10514,8-9-0-1-3,3* 4* 1 2 4,5,1.0,False,lesion>control
10515,8-9-0-1-5,3* 4* 1 2 6,5,1.0,False,lesion>control
10516,8-9-0-3-0,3* 4* 1 4 1,5,1.0,False,lesion>control
10517,8-9-0-3-8,3* 4* 1 4 3*,5,1.0,False,control>lesion
10518,8-9-0-5-0,3* 4* 1 6 1,5,1.0,False,control>lesion
10519,8-9-0-5-1,3* 4* 1 6 2,5,1.0,False,control>lesion
10520,8-9-0-5-4,3* 4* 1 6 5,5,1.0,False,lesion>control
10521,8-9-0-5-8,3* 4* 1 6 3*,5,1.0,False,control>lesion
10522,8-9-0-8-7,3* 4* 1 3* 2*,5,1.0,False,control>lesion
10523,8-9-1-4-8,3* 4* 2 5 3*,5,1.0,False,control>lesion
10524,8-9-1-5-8,3* 4* 2 6 3*,5,1.0,False,control>lesion
10525,8-9-1-8-3,3* 4* 2 3* 4,5,1.0,False,control>lesion
10526,8-9-1-8-4,3* 4* 2 3* 5,5,1.0,False,lesion>control
10527,8-9-2-1-3,3* 4* 3 2 4,5,1.0,False,lesion>control
10528,8-9-2-8-7,3* 4* 3 3* 2*,5,1.0,False,control>lesion
10529,8-9-3-0-8,3* 4* 4 1 3*,5,1.0,False,control>lesion
10530,8-9-3-1-0,3* 4* 4 2 1,5,1.0,False,control>lesion
10531,8-9-3-4-0,3* 4* 4 5 1,5,1.0,False,lesion>control
10532,8-9-3-8-0,3* 4* 4 3* 1,5,1.0,False,control>lesion
10533,8-9-3-8-5,3* 4* 4 3* 6,5,1.0,False,lesion>control
10534,8-9-4-0-1,3* 4* 5 1 2,5,1.0,False,lesion>control
10535,8-9-4-0-5,3* 4* 5 1 6,5,1.0,False,lesion>control
10536,8-9-4-0-8,3* 4* 5 1 3*,5,1.0,False,control>lesion
10537,8-9-4-1-0,3* 4* 5 2 1,5,1.0,False,lesion>control
10538,8-9-4-1-8,3* 4* 5 2 3*,5,1.0,False,control>lesion
10539,8-9-4-3-5,3* 4* 5 4 6,5,1.0,False,control>lesion
10540,8-9-4-8-4,3* 4* 5 3* 5,5,1.0,False,lesion>control
10541,8-9-5-0-5,3* 4* 6 1 6,5,1.0,False,lesion>control
10542,8-9-5-1-3,3* 4* 6 2 4,5,1.0,False,lesion>control
10543,8-9-5-1-4,3* 4* 6 2 5,5,1.0,False,control>lesion
10544,8-9-5-3-4,3* 4* 6 4 5,5,1.0,False,control>lesion
10545,8-9-5-4-0,3* 4* 6 5 1,5,1.0,False,control>lesion
10546,8-9-5-4-1,3* 4* 6 5 2,5,1.0,False,lesion>control
10547,8-9-5-4-5,3* 4* 6 5 6,5,1.0,False,lesion>control
10548,8-9-5-8-5,3* 4* 6 3* 6,5,1.0,False,lesion>control
10549,8-9-5-8-9,3* 4* 6 3* 4*,5,1.0,False,lesion>control
10550,8-9-8-0-3,3* 4* 3* 1 4,5,1.0,False,control>lesion
10551,8-9-8-0-4,3* 4* 3* 1 5,5,1.0,False,lesion>control
10552,8-9-8-0-5,3* 4* 3* 1 6,5,1.0,False,lesion>control
10553,8-9-8-1-0,3* 4* 3* 2 1,5,1.0,False,control>lesion
10554,8-9-8-1-8,3* 4* 3* 2 3*,5,1.0,False,control>lesion
10555,8-9-8-4-1,3* 4* 3* 5 2,5,1.0,False,lesion>control
10556,8-9-8-4-5,3* 4* 3* 5 6,5,1.0,False,control>lesion
10557,8-9-8-5-0,3* 4* 3* 6 1,5,1.0,False,control>lesion
10558,8-9-8-9-1,3* 4* 3* 4* 2,5,1.0,False,lesion>control
10559,9-0-1-3-4,4* 1 2 4 5,5,1.0,False,lesion>control
10560,9-0-1-5-1,4* 1 2 6 2,5,1.0,False,lesion>control
10561,9-0-1-5-8,4* 1 2 6 3*,5,1.0,False,control>lesion
10562,9-0-1-8-1,4* 1 2 3* 2,5,1.0,False,control>lesion
10563,9-0-1-8-5,4* 1 2 3* 6,5,1.0,False,control>lesion
10564,9-0-3-0-8,4* 1 4 1 3*,5,1.0,False,lesion>control
10565,9-0-3-8-3,4* 1 4 3* 4,5,1.0,False,control>lesion
10566,9-0-4-8-0,4* 1 5 3* 1,5,1.0,False,control>lesion
10567,9-0-5-0-5,4* 1 6 1 6,5,1.0,False,control>lesion
10568,9-0-5-1-8,4* 1 6 2 3*,5,1.0,False,control>lesion
10569,9-0-5-4-8,4* 1 6 5 3*,5,1.0,False,lesion>control
10570,9-0-5-8-7,4* 1 6 3* 2*,5,1.0,False,control>lesion
10571,9-0-8-0-3,4* 1 3* 1 4,5,1.0,False,lesion>control
10572,9-0-8-3-0,4* 1 3* 4 1,5,1.0,False,lesion>control
10573,9-0-8-3-4,4* 1 3* 4 5,5,1.0,False,lesion>control
10574,9-0-8-3-8,4* 1 3* 4 3*,5,1.0,False,lesion>control
10575,9-0-8-5-2,4* 1 3* 6 3,5,1.0,False,lesion>control
10576,9-0-8-5-8,4* 1 3* 6 3*,5,1.0,False,lesion>control
10577,9-1-0-1-3,4* 2 1 2 4,5,1.0,False,control>lesion
10578,9-1-0-1-5,4* 2 1 2 6,5,1.0,False,lesion>control
10579,9-1-0-3-1,4* 2 1 4 2,5,1.0,False,lesion>control
10580,9-1-0-3-4,4* 2 1 4 5,5,1.0,False,lesion>control
10581,9-1-0-5-0,4* 2 1 6 1,5,1.0,False,control>lesion
10582,9-1-0-5-3,4* 2 1 6 4,5,1.0,False,control>lesion
10583,9-1-0-5-4,4* 2 1 6 5,5,1.0,False,control>lesion
10584,9-1-3-1-0,4* 2 4 2 1,5,1.0,False,lesion>control
10585,9-1-3-1-3,4* 2 4 2 4,5,1.0,False,lesion>control
10586,9-1-3-1-5,4* 2 4 2 6,5,1.0,False,lesion>control
10587,9-1-3-4-1,4* 2 4 5 2,5,1.0,False,control>lesion
10588,9-1-3-4-8,4* 2 4 5 3*,5,1.0,False,lesion>control
10589,9-1-3-5-3,4* 2 4 6 4,5,1.0,False,control>lesion
10590,9-1-3-5-8,4* 2 4 6 3*,5,1.0,False,lesion>control
10591,9-1-3-8-0,4* 2 4 3* 1,5,1.0,False,lesion>control
10592,9-1-4-8-1,4* 2 5 3* 2,5,1.0,False,control>lesion
10593,9-1-8-0-1,4* 2 3* 1 2,5,1.0,False,lesion>control
10594,9-1-8-0-8,4* 2 3* 1 3*,5,1.0,False,lesion>control
10595,9-1-8-1-5,4* 2 3* 2 6,5,1.0,False,control>lesion
10596,9-1-8-3-1,4* 2 3* 4 2,5,1.0,False,control>lesion
10597,9-1-8-3-2,4* 2 3* 4 3,5,1.0,False,control>lesion
10598,9-1-8-4-5,4* 2 3* 5 6,5,1.0,False,lesion>control
10599,9-1-8-5-8,4* 2 3* 6 3*,5,1.0,False,lesion>control
10600,9-1-8-9-5,4* 2 3* 4* 6,5,1.0,False,lesion>control
10601,9-2-1-0-2,4* 3 2 1 3,5,1.0,False,lesion>control
10602,9-2-1-3-2,4* 3 2 4 3,5,1.0,False,lesion>control
10603,9-2-8-7-8,4* 3 3* 2* 3*,5,1.0,False,control>lesion
10604,9-3-0-1-8,4* 4 1 2 3*,5,1.0,False,control>lesion
10605,9-3-0-8-4,4* 4 1 3* 5,5,1.0,False,control>lesion
10606,9-3-1-0-8,4* 4 2 1 3*,5,1.0,False,control>lesion
10607,9-3-1-8-1,4* 4 2 3* 2,5,1.0,False,control>lesion
10608,9-3-1-8-5,4* 4 2 3* 6,5,1.0,False,control>lesion
10609,9-3-1-8-9,4* 4 2 3* 4*,5,1.0,False,lesion>control
10610,9-3-4-0-3,4* 4 5 1 4,5,1.0,False,lesion>control
10611,9-3-4-5-0,4* 4 5 6 1,5,1.0,False,control>lesion
10612,9-3-4-5-3,4* 4 5 6 4,5,1.0,False,lesion>control
10613,9-3-4-5-4,4* 4 5 6 5,5,1.0,False,control>lesion
10614,9-3-8-0-1,4* 4 3* 1 2,5,1.0,False,control>lesion
10615,9-3-8-3-0,4* 4 3* 4 1,5,1.0,False,control>lesion
10616,9-3-8-5-4,4* 4 3* 6 5,5,1.0,False,lesion>control
10617,9-4-0-1-3,4* 5 1 2 4,5,1.0,False,lesion>control
10618,9-4-0-5-0,4* 5 1 6 1,5,1.0,False,lesion>control
10619,9-4-1-0-1,4* 5 2 1 2,5,1.0,False,lesion>control
10620,9-4-1-3-0,4* 5 2 4 1,5,1.0,False,lesion>control
10621,9-4-1-3-4,4* 5 2 4 5,5,1.0,False,lesion>control
10622,9-4-1-8-9,4* 5 2 3* 4*,5,1.0,False,control>lesion
10623,9-4-3-4-0,4* 5 4 5 1,5,1.0,False,lesion>control
10624,9-4-3-5-3,4* 5 4 6 4,5,1.0,False,control>lesion
10625,9-4-3-8-1,4* 5 4 3* 2,5,1.0,False,lesion>control
10626,9-4-3-8-4,4* 5 4 3* 5,5,1.0,False,control>lesion
10627,9-4-3-8-5,4* 5 4 3* 6,5,1.0,False,lesion>control
10628,9-4-5-0-4,4* 5 6 1 5,5,1.0,False,lesion>control
10629,9-4-5-1-3,4* 5 6 2 4,5,1.0,False,control>lesion
10630,9-4-5-3-0,4* 5 6 4 1,5,1.0,False,control>lesion
10631,9-4-8-0-2,4* 5 3* 1 3,5,1.0,False,control>lesion
10632,9-4-8-3-0,4* 5 3* 4 1,5,1.0,False,lesion>control
10633,9-4-8-4-0,4* 5 3* 5 1,5,1.0,False,lesion>control
10634,9-4-8-7-4,4* 5 3* 2* 5,5,1.0,False,lesion>control
10635,9-5-0-1-0,4* 6 1 2 1,5,1.0,False,control>lesion
10636,9-5-0-4-1,4* 6 1 5 2,5,1.0,False,lesion>control
10637,9-5-0-5-0,4* 6 1 6 1,5,1.0,False,lesion>control
10638,9-5-0-8-3,4* 6 1 3* 4,5,1.0,False,lesion>control
10639,9-5-0-8-7,4* 6 1 3* 2*,5,1.0,False,lesion>control
10640,9-5-1-0-1,4* 6 2 1 2,5,1.0,False,control>lesion
10641,9-5-1-0-4,4* 6 2 1 5,5,1.0,False,control>lesion
10642,9-5-1-0-8,4* 6 2 1 3*,5,1.0,False,control>lesion
10643,9-5-1-3-5,4* 6 2 4 6,5,1.0,False,lesion>control
10644,9-5-1-4-0,4* 6 2 5 1,5,1.0,False,control>lesion
10645,9-5-3-0-1,4* 6 4 1 2,5,1.0,False,control>lesion
10646,9-5-3-0-8,4* 6 4 1 3*,5,1.0,False,control>lesion
10647,9-5-3-4-8,4* 6 4 5 3*,5,1.0,False,control>lesion
10648,9-5-3-8-1,4* 6 4 3* 2,5,1.0,False,control>lesion
10649,9-5-4-0-1,4* 6 5 1 2,5,1.0,False,control>lesion
10650,9-5-4-1-0,4* 6 5 2 1,5,1.0,False,lesion>control
10651,9-5-4-3-4,4* 6 5 4 5,5,1.0,False,control>lesion
10652,9-5-4-5-0,4* 6 5 6 1,5,1.0,False,lesion>control
10653,9-5-4-8-0,4* 6 5 3* 1,5,1.0,False,control>lesion
10654,9-5-8-0-7,4* 6 3* 1 2*,5,1.0,False,control>lesion
10655,9-5-8-3-0,4* 6 3* 4 1,5,1.0,False,control>lesion
10656,9-5-8-3-1,4* 6 3* 4 2,5,1.0,False,control>lesion
10657,9-5-8-5-2,4* 6 3* 6 3,5,1.0,False,lesion>control
10658,9-5-8-7-1,4* 6 3* 2* 2,5,1.0,False,lesion>control
10659,9-5-8-9-5,4* 6 3* 4* 6,5,1.0,False,lesion>control
10660,9-8-0-1-4,4* 3* 1 2 5,5,1.0,False,lesion>control
10661,9-8-0-4-3,4* 3* 1 5 4,5,1.0,False,lesion>control
10662,9-8-0-5-0,4* 3* 1 6 1,5,1.0,False,lesion>control
10663,9-8-0-7-0,4* 3* 1 2* 1,5,1.0,False,control>lesion
10664,9-8-0-7-3,4* 3* 1 2* 4,5,1.0,False,lesion>control
10665,9-8-0-8-4,4* 3* 1 3* 5,5,1.0,False,control>lesion
10666,9-8-0-8-7,4* 3* 1 3* 2*,5,1.0,False,control>lesion
10667,9-8-0-8-9,4* 3* 1 3* 4*,5,1.0,False,control>lesion
10668,9-8-1-0-2,4* 3* 2 1 3,5,1.0,False,control>lesion
10669,9-8-1-8-7,4* 3* 2 3* 2*,5,1.0,False,control>lesion
10670,9-8-3-0-5,4* 3* 4 1 6,5,1.0,False,control>lesion
10671,9-8-3-0-8,4* 3* 4 1 3*,5,1.0,False,lesion>control
10672,9-8-3-1-5,4* 3* 4 2 6,5,1.0,False,lesion>control
10673,9-8-3-2-3,4* 3* 4 3 4,5,1.0,False,lesion>control
10674,9-8-3-2-5,4* 3* 4 3 6,5,1.0,False,control>lesion
10675,9-8-3-3-5,4* 3* 4 4 6,5,1.0,False,control>lesion
10676,9-8-3-5-1,4* 3* 4 6 2,5,1.0,False,control>lesion
10677,9-8-4-1-8,4* 3* 5 2 3*,5,1.0,False,lesion>control
10678,9-8-4-5-4,4* 3* 5 6 5,5,1.0,False,control>lesion
10679,9-8-5-0-4,4* 3* 6 1 5,5,1.0,False,control>lesion
10680,9-8-5-2-5,4* 3* 6 3 6,5,1.0,False,lesion>control
10681,9-8-5-3-1,4* 3* 6 4 2,5,1.0,False,control>lesion
10682,9-8-5-4-1,4* 3* 6 5 2,5,1.0,False,lesion>control
10683,9-8-5-7-0,4* 3* 6 2* 1,5,1.0,False,lesion>control
10684,9-8-5-8-5,4* 3* 6 3* 6,5,1.0,False,lesion>control
10685,9-8-5-8-7,4* 3* 6 3* 2*,5,1.0,False,lesion>control
10686,9-8-5-8-9,4* 3* 6 3* 4*,5,1.0,False,lesion>control
10687,9-8-7-1-3,4* 3* 2* 2 4,5,1.0,False,lesion>control
10688,9-8-7-1-5,4* 3* 2* 2 6,5,1.0,False,control>lesion
10689,9-8-7-1-8,4* 3* 2* 2 3*,5,1.0,False,control>lesion
10690,9-8-7-4-0,4* 3* 2* 5 1,5,1.0,False,control>lesion
10691,9-8-7-4-1,4* 3* 2* 5 2,5,1.0,False,control>lesion
10692,9-8-7-4-3,4* 3* 2* 5 4,5,1.0,False,lesion>control
10693,9-8-7-4-5,4* 3* 2* 5 6,5,1.0,False,lesion>control
10694,9-8-7-5-3,4* 3* 2* 6 4,5,1.0,False,lesion>control
10695,9-8-7-8-8,4* 3* 2* 3* 3*,5,1.0,False,control>lesion
10696,9-8-8-9-4,4* 3* 3* 4* 5,5,1.0,False,control>lesion
10697,9-8-9-1-8,4* 3* 4* 2 3*,5,1.0,False,lesion>control
10698,0-0-1-0-1-0,1 1 2 1 2 1,6,1.0,False,control>lesion
10699,0-1-0-1-0-8,1 2 1 2 1 3*,6,1.0,False,lesion>control
10700,0-1-0-1-3-1,1 2 1 2 4 2,6,1.0,False,lesion>control
10701,0-1-0-1-5-0,1 2 1 2 6 1,6,1.0,False,control>lesion
10702,0-1-0-1-5-8,1 2 1 2 6 3*,6,1.0,False,control>lesion
10703,0-1-0-1-8-0,1 2 1 2 3* 1,6,1.0,False,control>lesion
10704,0-1-0-3-0-1,1 2 1 4 1 2,6,1.0,False,control>lesion
10705,0-1-0-3-5-8,1 2 1 4 6 3*,6,1.0,False,lesion>control
10706,0-1-0-3-8-0,1 2 1 4 3* 1,6,1.0,False,control>lesion
10707,0-1-0-4-3-8,1 2 1 5 4 3*,6,1.0,False,control>lesion
10708,0-1-0-4-5-8,1 2 1 5 6 3*,6,1.0,False,control>lesion
10709,0-1-0-4-8-1,1 2 1 5 3* 2,6,1.0,False,control>lesion
10710,0-1-0-4-8-4,1 2 1 5 3* 5,6,1.0,False,control>lesion
10711,0-1-0-5-0-3,1 2 1 6 1 4,6,1.0,False,control>lesion
10712,0-1-0-5-0-8,1 2 1 6 1 3*,6,1.0,False,lesion>control
10713,0-1-0-5-4-1,1 2 1 6 5 2,6,1.0,False,control>lesion
10714,0-1-0-5-8-0,1 2 1 6 3* 1,6,1.0,False,control>lesion
10715,0-1-0-5-8-5,1 2 1 6 3* 6,6,1.0,False,lesion>control
10716,0-1-0-5-8-7,1 2 1 6 3* 2*,6,1.0,False,control>lesion
10717,0-1-0-5-8-9,1 2 1 6 3* 4*,6,1.0,False,lesion>control
10718,0-1-0-8-0-1,1 2 1 3* 1 2,6,1.0,False,control>lesion
10719,0-1-0-8-3-2,1 2 1 3* 4 3,6,1.0,False,lesion>control
10720,0-1-0-8-3-4,1 2 1 3* 4 5,6,1.0,False,control>lesion
10721,0-1-0-8-7-0,1 2 1 3* 2* 1,6,1.0,False,control>lesion
10722,0-1-0-8-9-1,1 2 1 3* 4* 2,6,1.0,False,lesion>control
10723,0-1-1-8-5-4,1 2 2 3* 6 5,6,1.0,False,lesion>control
10724,0-1-2-0-5-8,1 2 3 1 6 3*,6,1.0,False,lesion>control
10725,0-1-2-3-0-1,1 2 3 4 1 2,6,1.0,False,lesion>control
10726,0-1-2-3-4-2,1 2 3 4 5 3,6,1.0,False,lesion>control
10727,0-1-2-4-5-1,1 2 3 5 6 2,6,1.0,False,lesion>control
10728,0-1-3-0-3-1,1 2 4 1 4 2,6,1.0,False,control>lesion
10729,0-1-3-0-3-8,1 2 4 1 4 3*,6,1.0,False,lesion>control
10730,0-1-3-0-4-5,1 2 4 1 5 6,6,1.0,False,control>lesion
10731,0-1-3-0-5-0,1 2 4 1 6 1,6,1.0,False,control>lesion
10732,0-1-3-0-5-1,1 2 4 1 6 2,6,1.0,False,lesion>control
10733,0-1-3-0-5-8,1 2 4 1 6 3*,6,1.0,False,control>lesion
10734,0-1-3-0-8-3,1 2 4 1 3* 4,6,1.0,False,lesion>control
10735,0-1-3-0-8-5,1 2 4 1 3* 6,6,1.0,False,lesion>control
10736,0-1-3-1-0-5,1 2 4 2 1 6,6,1.0,False,lesion>control
10737,0-1-3-1-3-4,1 2 4 2 4 5,6,1.0,False,lesion>control
10738,0-1-3-1-4-1,1 2 4 2 5 2,6,1.0,False,lesion>control
10739,0-1-3-1-4-5,1 2 4 2 5 6,6,1.0,False,control>lesion
10740,0-1-3-1-4-8,1 2 4 2 5 3*,6,1.0,False,lesion>control
10741,0-1-3-1-5-0,1 2 4 2 6 1,6,1.0,False,lesion>control
10742,0-1-3-1-5-1,1 2 4 2 6 2,6,1.0,False,control>lesion
10743,0-1-3-1-5-8,1 2 4 2 6 3*,6,1.0,False,lesion>control
10744,0-1-3-1-8-1,1 2 4 2 3* 2,6,1.0,False,control>lesion
10745,0-1-3-1-8-8,1 2 4 2 3* 3*,6,1.0,False,control>lesion
10746,0-1-3-4-0-3,1 2 4 5 1 4,6,1.0,False,control>lesion
10747,0-1-3-4-0-8,1 2 4 5 1 3*,6,1.0,False,lesion>control
10748,0-1-3-4-1-0,1 2 4 5 2 1,6,1.0,False,lesion>control
10749,0-1-3-4-1-5,1 2 4 5 2 6,6,1.0,False,lesion>control
10750,0-1-3-4-3-5,1 2 4 5 4 6,6,1.0,False,control>lesion
10751,0-1-3-4-5-1,1 2 4 5 6 2,6,1.0,False,control>lesion
10752,0-1-3-4-8-3,1 2 4 5 3* 4,6,1.0,False,lesion>control
10753,0-1-3-5-0-3,1 2 4 6 1 4,6,1.0,False,lesion>control
10754,0-1-3-5-0-5,1 2 4 6 1 6,6,1.0,False,lesion>control
10755,0-1-3-5-0-8,1 2 4 6 1 3*,6,1.0,False,control>lesion
10756,0-1-3-5-1-0,1 2 4 6 2 1,6,1.0,False,lesion>control
10757,0-1-3-5-1-5,1 2 4 6 2 6,6,1.0,False,control>lesion
10758,0-1-3-5-3-4,1 2 4 6 4 5,6,1.0,False,lesion>control
10759,0-1-3-5-4-0,1 2 4 6 5 1,6,1.0,False,control>lesion
10760,0-1-3-5-8-4,1 2 4 6 3* 5,6,1.0,False,lesion>control
10761,0-1-3-5-8-5,1 2 4 6 3* 6,6,1.0,False,control>lesion
10762,0-1-3-8-0-3,1 2 4 3* 1 4,6,1.0,False,lesion>control
10763,0-1-3-8-0-8,1 2 4 3* 1 3*,6,1.0,False,control>lesion
10764,0-1-3-8-1-2,1 2 4 3* 2 3,6,1.0,False,lesion>control
10765,0-1-3-8-1-3,1 2 4 3* 2 4,6,1.0,False,lesion>control
10766,0-1-3-8-3-0,1 2 4 3* 4 1,6,1.0,False,control>lesion
10767,0-1-3-8-3-1,1 2 4 3* 4 2,6,1.0,False,control>lesion
10768,0-1-3-8-3-2,1 2 4 3* 4 3,6,1.0,False,lesion>control
10769,0-1-3-8-7-2,1 2 4 3* 2* 3,6,1.0,False,lesion>control
10770,0-1-3-8-7-5,1 2 4 3* 2* 6,6,1.0,False,lesion>control
10771,0-1-3-8-9-1,1 2 4 3* 4* 2,6,1.0,False,control>lesion
10772,0-1-4-0-1-0,1 2 5 1 2 1,6,1.0,False,control>lesion
10773,0-1-4-0-1-8,1 2 5 1 2 3*,6,1.0,False,lesion>control
10774,0-1-4-0-8-9,1 2 5 1 3* 4*,6,1.0,False,lesion>control
10775,0-1-4-3-0-5,1 2 5 4 1 6,6,1.0,False,control>lesion
10776,0-1-4-3-5-4,1 2 5 4 6 5,6,1.0,False,lesion>control
10777,0-1-4-5-0-3,1 2 5 6 1 4,6,1.0,False,lesion>control
10778,0-1-4-5-0-8,1 2 5 6 1 3*,6,1.0,False,control>lesion
10779,0-1-4-5-3-0,1 2 5 6 4 1,6,1.0,False,control>lesion
10780,0-1-4-5-3-5,1 2 5 6 4 6,6,1.0,False,control>lesion
10781,0-1-4-5-3-8,1 2 5 6 4 3*,6,1.0,False,lesion>control
10782,0-1-4-5-4-0,1 2 5 6 5 1,6,1.0,False,control>lesion
10783,0-1-4-5-4-5,1 2 5 6 5 6,6,1.0,False,control>lesion
10784,0-1-4-5-8-0,1 2 5 6 3* 1,6,1.0,False,control>lesion
10785,0-1-4-5-8-3,1 2 5 6 3* 4,6,1.0,False,control>lesion
10786,0-1-4-5-8-9,1 2 5 6 3* 4*,6,1.0,False,control>lesion
10787,0-1-4-8-0-2,1 2 5 3* 1 3,6,1.0,False,control>lesion
10788,0-1-4-8-0-3,1 2 5 3* 1 4,6,1.0,False,lesion>control
10789,0-1-5-0-1-3,1 2 6 1 2 4,6,1.0,False,lesion>control
10790,0-1-5-0-1-4,1 2 6 1 2 5,6,1.0,False,lesion>control
10791,0-1-5-0-1-5,1 2 6 1 2 6,6,1.0,False,control>lesion
10792,0-1-5-0-3-4,1 2 6 1 4 5,6,1.0,False,control>lesion
10793,0-1-5-0-4-5,1 2 6 1 5 6,6,1.0,False,lesion>control
10794,0-1-5-0-5-1,1 2 6 1 6 2,6,1.0,False,lesion>control
10795,0-1-5-0-8-5,1 2 6 1 3* 6,6,1.0,False,control>lesion
10796,0-1-5-1-3-3,1 2 6 2 4 4,6,1.0,False,control>lesion
10797,0-1-5-1-4-5,1 2 6 2 5 6,6,1.0,False,control>lesion
10798,0-1-5-1-5-8,1 2 6 2 6 3*,6,1.0,False,lesion>control
10799,0-1-5-1-8-0,1 2 6 2 3* 1,6,1.0,False,control>lesion
10800,0-1-5-2-3-8,1 2 6 3 4 3*,6,1.0,False,lesion>control
10801,0-1-5-3-0-1,1 2 6 4 1 2,6,1.0,False,lesion>control
10802,0-1-5-3-1-0,1 2 6 4 2 1,6,1.0,False,control>lesion
10803,0-1-5-3-1-3,1 2 6 4 2 4,6,1.0,False,lesion>control
10804,0-1-5-3-1-8,1 2 6 4 2 3*,6,1.0,False,control>lesion
10805,0-1-5-3-4-0,1 2 6 4 5 1,6,1.0,False,control>lesion
10806,0-1-5-3-4-5,1 2 6 4 5 6,6,1.0,False,control>lesion
10807,0-1-5-3-5-3,1 2 6 4 6 4,6,1.0,False,control>lesion
10808,0-1-5-3-5-4,1 2 6 4 6 5,6,1.0,False,control>lesion
10809,0-1-5-3-8-0,1 2 6 4 3* 1,6,1.0,False,control>lesion
10810,0-1-5-4-0-1,1 2 6 5 1 2,6,1.0,False,control>lesion
10811,0-1-5-4-0-3,1 2 6 5 1 4,6,1.0,False,control>lesion
10812,0-1-5-4-3-0,1 2 6 5 4 1,6,1.0,False,control>lesion
10813,0-1-5-4-3-5,1 2 6 5 4 6,6,1.0,False,control>lesion
10814,0-1-5-4-5-0,1 2 6 5 6 1,6,1.0,False,lesion>control
10815,0-1-5-4-5-8,1 2 6 5 6 3*,6,1.0,False,control>lesion
10816,0-1-5-4-8-9,1 2 6 5 3* 4*,6,1.0,False,control>lesion
10817,0-1-5-8-4-8,1 2 6 3* 5 3*,6,1.0,False,lesion>control
10818,0-1-5-8-9-4,1 2 6 3* 4* 5,6,1.0,False,control>lesion
10819,0-1-5-8-9-5,1 2 6 3* 4* 6,6,1.0,False,control>lesion
10820,0-1-5-8-9-8,1 2 6 3* 4* 3*,6,1.0,False,lesion>control
10821,0-1-8-0-0-1,1 2 3* 1 1 2,6,1.0,False,control>lesion
10822,0-1-8-0-1-0,1 2 3* 1 2 1,6,1.0,False,control>lesion
10823,0-1-8-0-1-9,1 2 3* 1 2 4*,6,1.0,False,control>lesion
10824,0-1-8-0-2-0,1 2 3* 1 3 1,6,1.0,False,control>lesion
10825,0-1-8-0-3-5,1 2 3* 1 4 6,6,1.0,False,control>lesion
10826,0-1-8-0-3-8,1 2 3* 1 4 3*,6,1.0,False,lesion>control
10827,0-1-8-0-5-8,1 2 3* 1 6 3*,6,1.0,False,control>lesion
10828,0-1-8-1-3-0,1 2 3* 2 4 1,6,1.0,False,lesion>control
10829,0-1-8-1-5-3,1 2 3* 2 6 4,6,1.0,False,control>lesion
10830,0-1-8-1-8-3,1 2 3* 2 3* 4,6,1.0,False,lesion>control
10831,0-1-8-3-2-1,1 2 3* 4 3 2,6,1.0,False,lesion>control
10832,0-1-8-3-4-5,1 2 3* 4 5 6,6,1.0,False,lesion>control
10833,0-1-8-4-0-1,1 2 3* 5 1 2,6,1.0,False,lesion>control
10834,0-1-8-5-2-9,1 2 3* 6 3 4*,6,1.0,False,control>lesion
10835,0-1-8-5-3-4,1 2 3* 6 4 5,6,1.0,False,control>lesion
10836,0-1-8-5-3-8,1 2 3* 6 4 3*,6,1.0,False,control>lesion
10837,0-1-8-5-4-0,1 2 3* 6 5 1,6,1.0,False,control>lesion
10838,0-1-8-5-4-5,1 2 3* 6 5 6,6,1.0,False,control>lesion
10839,0-1-8-5-4-9,1 2 3* 6 5 4*,6,1.0,False,lesion>control
10840,0-1-8-5-8-1,1 2 3* 6 3* 2,6,1.0,False,control>lesion
10841,0-1-8-5-8-9,1 2 3* 6 3* 4*,6,1.0,False,control>lesion
10842,0-1-8-8-0-4,1 2 3* 3* 1 5,6,1.0,False,lesion>control
10843,0-1-8-9-0-3,1 2 3* 4* 1 4,6,1.0,False,control>lesion
10844,0-1-8-9-2-1,1 2 3* 4* 3 2,6,1.0,False,lesion>control
10845,0-1-8-9-3-1,1 2 3* 4* 4 2,6,1.0,False,control>lesion
10846,0-1-8-9-3-4,1 2 3* 4* 4 5,6,1.0,False,control>lesion
10847,0-1-9-5-8-3,1 2 4* 6 3* 4,6,1.0,False,control>lesion
10848,0-2-0-2-1-0,1 3 1 3 2 1,6,1.0,False,lesion>control
10849,0-2-0-2-7-8,1 3 1 3 2* 3*,6,1.0,False,lesion>control
10850,0-2-0-2-9-5,1 3 1 3 4* 6,6,1.0,False,lesion>control
10851,0-2-0-2-9-8,1 3 1 3 4* 3*,6,1.0,False,lesion>control
10852,0-2-0-5-0-4,1 3 1 6 1 5,6,1.0,False,lesion>control
10853,0-2-0-5-1-0,1 3 1 6 2 1,6,1.0,False,lesion>control
10854,0-2-0-5-2-5,1 3 1 6 3 6,6,1.0,False,lesion>control
10855,0-2-0-5-8-5,1 3 1 6 3* 6,6,1.0,False,lesion>control
10856,0-2-0-9-8-7,1 3 1 4* 3* 2*,6,1.0,False,control>lesion
10857,0-2-1-0-3-1,1 3 2 1 4 2,6,1.0,False,lesion>control
10858,0-2-1-0-8-1,1 3 2 1 3* 2,6,1.0,False,lesion>control
10859,0-2-1-2-1-2,1 3 2 3 2 3,6,1.0,False,lesion>control
10860,0-2-1-3-5-3,1 3 2 4 6 4,6,1.0,False,control>lesion
10861,0-2-1-4-8-1,1 3 2 5 3* 2,6,1.0,False,lesion>control
10862,0-2-1-5-4-8,1 3 2 6 5 3*,6,1.0,False,lesion>control
10863,0-2-1-5-8-1,1 3 2 6 3* 2,6,1.0,False,control>lesion
10864,0-2-1-8-4-0,1 3 2 3* 5 1,6,1.0,False,lesion>control
10865,0-2-1-8-5-0,1 3 2 3* 6 1,6,1.0,False,lesion>control
10866,0-2-1-8-9-8,1 3 2 3* 4* 3*,6,1.0,False,control>lesion
10867,0-2-3-1-3-8,1 3 4 2 4 3*,6,1.0,False,lesion>control
10868,0-2-3-2-7-0,1 3 4 3 2* 1,6,1.0,False,control>lesion
10869,0-2-3-5-0-1,1 3 4 6 1 2,6,1.0,False,control>lesion
10870,0-2-3-5-8-9,1 3 4 6 3* 4*,6,1.0,False,control>lesion
10871,0-2-3-8-0-3,1 3 4 3* 1 4,6,1.0,False,lesion>control
10872,0-2-3-8-3-4,1 3 4 3* 4 5,6,1.0,False,control>lesion
10873,0-2-5-0-2-7,1 3 6 1 3 2*,6,1.0,False,control>lesion
10874,0-2-5-0-3-1,1 3 6 1 4 2,6,1.0,False,lesion>control
10875,0-2-5-0-3-4,1 3 6 1 4 5,6,1.0,False,control>lesion
10876,0-2-5-0-3-5,1 3 6 1 4 6,6,1.0,False,control>lesion
10877,0-2-5-0-5-2,1 3 6 1 6 3,6,1.0,False,lesion>control
10878,0-2-5-1-2-8,1 3 6 2 3 3*,6,1.0,False,control>lesion
10879,0-2-5-2-0-9,1 3 6 3 1 4*,6,1.0,False,lesion>control
10880,0-2-5-2-3-0,1 3 6 3 4 1,6,1.0,False,lesion>control
10881,0-2-5-2-7-0,1 3 6 3 2* 1,6,1.0,False,lesion>control
10882,0-2-5-4-3-8,1 3 6 5 4 3*,6,1.0,False,lesion>control
10883,0-2-5-4-8-1,1 3 6 5 3* 2,6,1.0,False,lesion>control
10884,0-2-5-5-8-9,1 3 6 6 3* 4*,6,1.0,False,lesion>control
10885,0-2-7-0-1-5,1 3 2* 1 2 6,6,1.0,False,lesion>control
10886,0-2-7-0-8-1,1 3 2* 1 3* 2,6,1.0,False,control>lesion
10887,0-2-7-0-8-9,1 3 2* 1 3* 4*,6,1.0,False,control>lesion
10888,0-2-7-3-5-8,1 3 2* 4 6 3*,6,1.0,False,control>lesion
10889,0-2-7-8-9-8,1 3 2* 3* 4* 3*,6,1.0,False,control>lesion
10890,0-2-9-0-8-3,1 3 4* 1 3* 4,6,1.0,False,lesion>control
10891,0-2-9-5-8-3,1 3 4* 6 3* 4,6,1.0,False,control>lesion
10892,0-2-9-5-8-7,1 3 4* 6 3* 2*,6,1.0,False,lesion>control
10893,0-2-9-8-0-3,1 3 4* 3* 1 4,6,1.0,False,control>lesion
10894,0-2-9-8-0-7,1 3 4* 3* 1 2*,6,1.0,False,control>lesion
10895,0-3-0-1-0-1,1 4 1 2 1 2,6,1.0,False,control>lesion
10896,0-3-0-1-3-0,1 4 1 2 4 1,6,1.0,False,lesion>control
10897,0-3-0-1-3-1,1 4 1 2 4 2,6,1.0,False,lesion>control
10898,0-3-0-1-3-5,1 4 1 2 4 6,6,1.0,False,lesion>control
10899,0-3-0-1-3-8,1 4 1 2 4 3*,6,1.0,False,lesion>control
10900,0-3-0-1-4-8,1 4 1 2 5 3*,6,1.0,False,control>lesion
10901,0-3-0-1-5-1,1 4 1 2 6 2,6,1.0,False,lesion>control
10902,0-3-0-1-5-2,1 4 1 2 6 3,6,1.0,False,lesion>control
10903,0-3-0-1-5-8,1 4 1 2 6 3*,6,1.0,False,lesion>control
10904,0-3-0-3-0-1,1 4 1 4 1 2,6,1.0,False,lesion>control
10905,0-3-0-3-0-8,1 4 1 4 1 3*,6,1.0,False,lesion>control
10906,0-3-0-3-1-3,1 4 1 4 2 4,6,1.0,False,lesion>control
10907,0-3-0-3-4-0,1 4 1 4 5 1,6,1.0,False,lesion>control
10908,0-3-0-3-5-4,1 4 1 4 6 5,6,1.0,False,lesion>control
10909,0-3-0-3-8-7,1 4 1 4 3* 2*,6,1.0,False,lesion>control
10910,0-3-0-4-0-3,1 4 1 5 1 4,6,1.0,False,lesion>control
10911,0-3-0-4-5-0,1 4 1 5 6 1,6,1.0,False,lesion>control
10912,0-3-0-4-5-3,1 4 1 5 6 4,6,1.0,False,lesion>control
10913,0-3-0-4-8-3,1 4 1 5 3* 4,6,1.0,False,lesion>control
10914,0-3-0-5-0-1,1 4 1 6 1 2,6,1.0,False,control>lesion
10915,0-3-0-5-0-8,1 4 1 6 1 3*,6,1.0,False,lesion>control
10916,0-3-0-5-1-0,1 4 1 6 2 1,6,1.0,False,control>lesion
10917,0-3-0-5-1-3,1 4 1 6 2 4,6,1.0,False,control>lesion
10918,0-3-0-5-3-0,1 4 1 6 4 1,6,1.0,False,lesion>control
10919,0-3-0-5-3-4,1 4 1 6 4 5,6,1.0,False,control>lesion
10920,0-3-0-5-3-5,1 4 1 6 4 6,6,1.0,False,lesion>control
10921,0-3-0-5-4-0,1 4 1 6 5 1,6,1.0,False,lesion>control
10922,0-3-0-5-8-3,1 4 1 6 3* 4,6,1.0,False,control>lesion
10923,0-3-0-5-8-5,1 4 1 6 3* 6,6,1.0,False,lesion>control
10924,0-3-0-7-0-4,1 4 1 2* 1 5,6,1.0,False,lesion>control
10925,0-3-0-7-4-5,1 4 1 2* 5 6,6,1.0,False,control>lesion
10926,0-3-0-8-0-7,1 4 1 3* 1 2*,6,1.0,False,control>lesion
10927,0-3-0-8-3-1,1 4 1 3* 4 2,6,1.0,False,control>lesion
10928,0-3-0-8-3-4,1 4 1 3* 4 5,6,1.0,False,control>lesion
10929,0-3-0-8-3-5,1 4 1 3* 4 6,6,1.0,False,lesion>control
10930,0-3-0-8-3-8,1 4 1 3* 4 3*,6,1.0,False,lesion>control
10931,0-3-0-8-5-1,1 4 1 3* 6 2,6,1.0,False,control>lesion
10932,0-3-0-8-7-5,1 4 1 3* 2* 6,6,1.0,False,lesion>control
10933,0-3-1-0-1-8,1 4 2 1 2 3*,6,1.0,False,control>lesion
10934,0-3-1-0-3-1,1 4 2 1 4 2,6,1.0,False,lesion>control
10935,0-3-1-0-3-8,1 4 2 1 4 3*,6,1.0,False,lesion>control
10936,0-3-1-0-4-0,1 4 2 1 5 1,6,1.0,False,control>lesion
10937,0-3-1-0-4-1,1 4 2 1 5 2,6,1.0,False,lesion>control
10938,0-3-1-0-4-5,1 4 2 1 5 6,6,1.0,False,lesion>control
10939,0-3-1-0-5-3,1 4 2 1 6 4,6,1.0,False,control>lesion
10940,0-3-1-0-5-4,1 4 2 1 6 5,6,1.0,False,control>lesion
10941,0-3-1-0-8-1,1 4 2 1 3* 2,6,1.0,False,control>lesion
10942,0-3-1-0-8-4,1 4 2 1 3* 5,6,1.0,False,control>lesion
10943,0-3-1-3-0-3,1 4 2 4 1 4,6,1.0,False,lesion>control
10944,0-3-1-3-4-0,1 4 2 4 5 1,6,1.0,False,lesion>control
10945,0-3-1-3-5-0,1 4 2 4 6 1,6,1.0,False,control>lesion
10946,0-3-1-3-8-0,1 4 2 4 3* 1,6,1.0,False,lesion>control
10947,0-3-1-3-8-1,1 4 2 4 3* 2,6,1.0,False,lesion>control
10948,0-3-1-3-8-3,1 4 2 4 3* 4,6,1.0,False,lesion>control
10949,0-3-1-4-5-4,1 4 2 5 6 5,6,1.0,False,control>lesion
10950,0-3-1-5-0-8,1 4 2 6 1 3*,6,1.0,False,lesion>control
10951,0-3-1-5-1-5,1 4 2 6 2 6,6,1.0,False,lesion>control
10952,0-3-1-5-1-8,1 4 2 6 2 3*,6,1.0,False,control>lesion
10953,0-3-1-5-8-0,1 4 2 6 3* 1,6,1.0,False,lesion>control
10954,0-3-1-5-8-5,1 4 2 6 3* 6,6,1.0,False,lesion>control
10955,0-3-1-5-8-8,1 4 2 6 3* 3*,6,1.0,False,lesion>control
10956,0-3-1-8-3-1,1 4 2 3* 4 2,6,1.0,False,lesion>control
10957,0-3-1-8-5-4,1 4 2 3* 6 5,6,1.0,False,control>lesion
10958,0-3-1-8-9-4,1 4 2 3* 4* 5,6,1.0,False,control>lesion
10959,0-3-1-8-9-8,1 4 2 3* 4* 3*,6,1.0,False,lesion>control
10960,0-3-2-0-2-0,1 4 3 1 3 1,6,1.0,False,lesion>control
10961,0-3-2-1-8-1,1 4 3 2 3* 2,6,1.0,False,control>lesion
10962,0-3-2-3-2-1,1 4 3 4 3 2,6,1.0,False,lesion>control
10963,0-3-2-3-2-3,1 4 3 4 3 4,6,1.0,False,lesion>control
10964,0-3-2-7-0-1,1 4 3 2* 1 2,6,1.0,False,lesion>control
10965,0-3-2-7-5-3,1 4 3 2* 6 4,6,1.0,False,lesion>control
10966,0-3-2-7-8-0,1 4 3 2* 3* 1,6,1.0,False,lesion>control
10967,0-3-3-8-4-7,1 4 4 3* 5 2*,6,1.0,False,lesion>control
10968,0-3-3-8-7-0,1 4 4 3* 2* 1,6,1.0,False,lesion>control
10969,0-3-4-0-3-0,1 4 5 1 4 1,6,1.0,False,control>lesion
10970,0-3-4-0-3-1,1 4 5 1 4 2,6,1.0,False,lesion>control
10971,0-3-4-0-3-8,1 4 5 1 4 3*,6,1.0,False,control>lesion
10972,0-3-4-0-5-4,1 4 5 1 6 5,6,1.0,False,lesion>control
10973,0-3-4-0-8-3,1 4 5 1 3* 4,6,1.0,False,lesion>control
10974,0-3-4-0-8-4,1 4 5 1 3* 5,6,1.0,False,lesion>control
10975,0-3-4-1-0-1,1 4 5 2 1 2,6,1.0,False,lesion>control
10976,0-3-4-1-0-3,1 4 5 2 1 4,6,1.0,False,lesion>control
10977,0-3-4-1-3-0,1 4 5 2 4 1,6,1.0,False,lesion>control
10978,0-3-4-1-8-1,1 4 5 2 3* 2,6,1.0,False,lesion>control
10979,0-3-4-3-1-0,1 4 5 4 2 1,6,1.0,False,lesion>control
10980,0-3-4-3-1-8,1 4 5 4 2 3*,6,1.0,False,control>lesion
10981,0-3-4-3-3-4,1 4 5 4 4 5,6,1.0,False,control>lesion
10982,0-3-4-3-4-3,1 4 5 4 5 4,6,1.0,False,lesion>control
10983,0-3-4-5-3-1,1 4 5 6 4 2,6,1.0,False,control>lesion
10984,0-3-4-5-4-5,1 4 5 6 5 6,6,1.0,False,control>lesion
10985,0-3-4-5-8-0,1 4 5 6 3* 1,6,1.0,False,lesion>control
10986,0-3-4-5-8-1,1 4 5 6 3* 2,6,1.0,False,lesion>control
10987,0-3-4-5-8-4,1 4 5 6 3* 5,6,1.0,False,lesion>control
10988,0-3-4-8-0-3,1 4 5 3* 1 4,6,1.0,False,lesion>control
10989,0-3-4-8-0-9,1 4 5 3* 1 4*,6,1.0,False,control>lesion
10990,0-3-4-8-3-4,1 4 5 3* 4 5,6,1.0,False,control>lesion
10991,0-3-4-8-3-5,1 4 5 3* 4 6,6,1.0,False,control>lesion
10992,0-3-4-8-3-8,1 4 5 3* 4 3*,6,1.0,False,lesion>control
10993,0-3-4-8-5-3,1 4 5 3* 6 4,6,1.0,False,control>lesion
10994,0-3-4-8-7-8,1 4 5 3* 2* 3*,6,1.0,False,control>lesion
10995,0-3-5-0-1-8,1 4 6 1 2 3*,6,1.0,False,lesion>control
10996,0-3-5-0-5-4,1 4 6 1 6 5,6,1.0,False,control>lesion
10997,0-3-5-0-8-3,1 4 6 1 3* 4,6,1.0,False,lesion>control
10998,0-3-5-0-8-4,1 4 6 1 3* 5,6,1.0,False,lesion>control
10999,0-3-5-0-8-7,1 4 6 1 3* 2*,6,1.0,False,lesion>control
11000,0-3-5-1-0-1,1 4 6 2 1 2,6,1.0,False,control>lesion
11001,0-3-5-1-0-3,1 4 6 2 1 4,6,1.0,False,control>lesion
11002,0-3-5-1-3-4,1 4 6 2 4 5,6,1.0,False,control>lesion
11003,0-3-5-1-3-8,1 4 6 2 4 3*,6,1.0,False,control>lesion
11004,0-3-5-1-5-0,1 4 6 2 6 1,6,1.0,False,lesion>control
11005,0-3-5-1-8-0,1 4 6 2 3* 1,6,1.0,False,control>lesion
11006,0-3-5-1-8-3,1 4 6 2 3* 4,6,1.0,False,control>lesion
11007,0-3-5-2-0-2,1 4 6 3 1 3,6,1.0,False,lesion>control
11008,0-3-5-2-0-4,1 4 6 3 1 5,6,1.0,False,lesion>control
11009,0-3-5-3-1-0,1 4 6 4 2 1,6,1.0,False,control>lesion
11010,0-3-5-3-1-8,1 4 6 4 2 3*,6,1.0,False,lesion>control
11011,0-3-5-3-2-0,1 4 6 4 3 1,6,1.0,False,lesion>control
11012,0-3-5-3-4-0,1 4 6 4 5 1,6,1.0,False,lesion>control
11013,0-3-5-3-4-5,1 4 6 4 5 6,6,1.0,False,control>lesion
11014,0-3-5-4-1-0,1 4 6 5 2 1,6,1.0,False,control>lesion
11015,0-3-5-4-3-0,1 4 6 5 4 1,6,1.0,False,control>lesion
11016,0-3-5-4-3-5,1 4 6 5 4 6,6,1.0,False,control>lesion
11017,0-3-5-4-5-0,1 4 6 5 6 1,6,1.0,False,control>lesion
11018,0-3-5-4-5-3,1 4 6 5 6 4,6,1.0,False,lesion>control
11019,0-3-5-8-0-1,1 4 6 3* 1 2,6,1.0,False,control>lesion
11020,0-3-5-8-0-4,1 4 6 3* 1 5,6,1.0,False,lesion>control
11021,0-3-5-8-0-8,1 4 6 3* 1 3*,6,1.0,False,control>lesion
11022,0-3-5-8-3-0,1 4 6 3* 4 1,6,1.0,False,control>lesion
11023,0-3-5-8-4-5,1 4 6 3* 5 6,6,1.0,False,lesion>control
11024,0-3-5-8-4-8,1 4 6 3* 5 3*,6,1.0,False,control>lesion
11025,0-3-5-8-5-2,1 4 6 3* 6 3,6,1.0,False,control>lesion
11026,0-3-5-8-5-3,1 4 6 3* 6 4,6,1.0,False,control>lesion
11027,0-3-7-0-3-1,1 4 2* 1 4 2,6,1.0,False,control>lesion
11028,0-3-8-0-1-8,1 4 3* 1 2 3*,6,1.0,False,control>lesion
11029,0-3-8-0-2-7,1 4 3* 1 3 2*,6,1.0,False,control>lesion
11030,0-3-8-0-2-9,1 4 3* 1 3 4*,6,1.0,False,control>lesion
11031,0-3-8-0-5-8,1 4 3* 1 6 3*,6,1.0,False,lesion>control
11032,0-3-8-0-7-3,1 4 3* 1 2* 4,6,1.0,False,lesion>control
11033,0-3-8-0-7-4,1 4 3* 1 2* 5,6,1.0,False,control>lesion
11034,0-3-8-0-8-7,1 4 3* 1 3* 2*,6,1.0,False,lesion>control
11035,0-3-8-1-2-0,1 4 3* 2 3 1,6,1.0,False,control>lesion
11036,0-3-8-1-5-3,1 4 3* 2 6 4,6,1.0,False,lesion>control
11037,0-3-8-1-8-1,1 4 3* 2 3* 2,6,1.0,False,lesion>control
11038,0-3-8-1-8-3,1 4 3* 2 3* 4,6,1.0,False,lesion>control
11039,0-3-8-3-0-1,1 4 3* 4 1 2,6,1.0,False,lesion>control
11040,0-3-8-3-0-2,1 4 3* 4 1 3,6,1.0,False,control>lesion
11041,0-3-8-3-0-3,1 4 3* 4 1 4,6,1.0,False,lesion>control
11042,0-3-8-3-1-8,1 4 3* 4 2 3*,6,1.0,False,lesion>control
11043,0-3-8-3-2-7,1 4 3* 4 3 2*,6,1.0,False,control>lesion
11044,0-3-8-3-4-8,1 4 3* 4 5 3*,6,1.0,False,lesion>control
11045,0-3-8-3-5-3,1 4 3* 4 6 4,6,1.0,False,lesion>control
11046,0-3-8-3-5-4,1 4 3* 4 6 5,6,1.0,False,control>lesion
11047,0-3-8-3-8-0,1 4 3* 4 3* 1,6,1.0,False,lesion>control
11048,0-3-8-3-8-4,1 4 3* 4 3* 5,6,1.0,False,lesion>control
11049,0-3-8-3-8-8,1 4 3* 4 3* 3*,6,1.0,False,control>lesion
11050,0-3-8-3-8-9,1 4 3* 4 3* 4*,6,1.0,False,control>lesion
11051,0-3-8-4-2-0,1 4 3* 5 3 1,6,1.0,False,lesion>control
11052,0-3-8-4-2-7,1 4 3* 5 3 2*,6,1.0,False,lesion>control
11053,0-3-8-4-3-8,1 4 3* 5 4 3*,6,1.0,False,lesion>control
11054,0-3-8-4-5-2,1 4 3* 5 6 3,6,1.0,False,control>lesion
11055,0-3-8-4-5-3,1 4 3* 5 6 4,6,1.0,False,lesion>control
11056,0-3-8-4-8-3,1 4 3* 5 3* 4,6,1.0,False,control>lesion
11057,0-3-8-5-0-1,1 4 3* 6 1 2,6,1.0,False,control>lesion
11058,0-3-8-5-0-3,1 4 3* 6 1 4,6,1.0,False,control>lesion
11059,0-3-8-5-0-4,1 4 3* 6 1 5,6,1.0,False,lesion>control
11060,0-3-8-5-0-5,1 4 3* 6 1 6,6,1.0,False,lesion>control
11061,0-3-8-5-1-0,1 4 3* 6 2 1,6,1.0,False,lesion>control
11062,0-3-8-5-2-3,1 4 3* 6 3 4,6,1.0,False,control>lesion
11063,0-3-8-5-2-7,1 4 3* 6 3 2*,6,1.0,False,lesion>control
11064,0-3-8-5-3-2,1 4 3* 6 4 3,6,1.0,False,control>lesion
11065,0-3-8-5-4-3,1 4 3* 6 5 4,6,1.0,False,control>lesion
11066,0-3-8-5-8-7,1 4 3* 6 3* 2*,6,1.0,False,control>lesion
11067,0-3-8-7-1-0,1 4 3* 2* 2 1,6,1.0,False,lesion>control
11068,0-3-8-7-3-0,1 4 3* 2* 4 1,6,1.0,False,control>lesion
11069,0-3-8-7-3-4,1 4 3* 2* 4 5,6,1.0,False,control>lesion
11070,0-3-8-7-4-0,1 4 3* 2* 5 1,6,1.0,False,lesion>control
11071,0-3-8-7-4-1,1 4 3* 2* 5 2,6,1.0,False,lesion>control
11072,0-3-8-7-4-3,1 4 3* 2* 5 4,6,1.0,False,lesion>control
11073,0-3-8-8-7-3,1 4 3* 3* 2* 4,6,1.0,False,control>lesion
11074,0-4-0-1-0-5,1 5 1 2 1 6,6,1.0,False,control>lesion
11075,0-4-0-1-3-1,1 5 1 2 4 2,6,1.0,False,control>lesion
11076,0-4-0-1-3-4,1 5 1 2 4 5,6,1.0,False,control>lesion
11077,0-4-0-1-8-1,1 5 1 2 3* 2,6,1.0,False,lesion>control
11078,0-4-0-3-0-1,1 5 1 4 1 2,6,1.0,False,lesion>control
11079,0-4-0-3-0-8,1 5 1 4 1 3*,6,1.0,False,lesion>control
11080,0-4-0-3-1-5,1 5 1 4 2 6,6,1.0,False,lesion>control
11081,0-4-0-4-3-0,1 5 1 5 4 1,6,1.0,False,lesion>control
11082,0-4-0-5-8-1,1 5 1 6 3* 2,6,1.0,False,lesion>control
11083,0-4-0-8-3-4,1 5 1 3* 4 5,6,1.0,False,control>lesion
11084,0-4-0-8-3-5,1 5 1 3* 4 6,6,1.0,False,control>lesion
11085,0-4-0-8-9-4,1 5 1 3* 4* 5,6,1.0,False,control>lesion
11086,0-4-1-0-3-8,1 5 2 1 4 3*,6,1.0,False,lesion>control
11087,0-4-1-0-4-8,1 5 2 1 5 3*,6,1.0,False,lesion>control
11088,0-4-1-0-5-0,1 5 2 1 6 1,6,1.0,False,lesion>control
11089,0-4-1-0-5-3,1 5 2 1 6 4,6,1.0,False,control>lesion
11090,0-4-1-0-5-4,1 5 2 1 6 5,6,1.0,False,control>lesion
11091,0-4-1-2-4-3,1 5 2 3 5 4,6,1.0,False,control>lesion
11092,0-4-1-3-1-3,1 5 2 4 2 4,6,1.0,False,lesion>control
11093,0-4-1-3-1-5,1 5 2 4 2 6,6,1.0,False,lesion>control
11094,0-4-1-4-5-0,1 5 2 5 6 1,6,1.0,False,lesion>control
11095,0-4-1-4-5-3,1 5 2 5 6 4,6,1.0,False,lesion>control
11096,0-4-1-4-8-5,1 5 2 5 3* 6,6,1.0,False,lesion>control
11097,0-4-1-5-8-1,1 5 2 6 3* 2,6,1.0,False,lesion>control
11098,0-4-1-8-0-8,1 5 2 3* 1 3*,6,1.0,False,control>lesion
11099,0-4-2-0-2-0,1 5 3 1 3 1,6,1.0,False,lesion>control
11100,0-4-2-1-0-5,1 5 3 2 1 6,6,1.0,False,lesion>control
11101,0-4-2-3-5-1,1 5 3 4 6 2,6,1.0,False,lesion>control
11102,0-4-2-7-3-8,1 5 3 2* 4 3*,6,1.0,False,lesion>control
11103,0-4-2-7-5-3,1 5 3 2* 6 4,6,1.0,False,lesion>control
11104,0-4-3-0-5-0,1 5 4 1 6 1,6,1.0,False,lesion>control
11105,0-4-3-1-5-8,1 5 4 2 6 3*,6,1.0,False,control>lesion
11106,0-4-3-2-5-8,1 5 4 3 6 3*,6,1.0,False,lesion>control
11107,0-4-3-4-0-8,1 5 4 5 1 3*,6,1.0,False,lesion>control
11108,0-4-3-5-3-5,1 5 4 6 4 6,6,1.0,False,control>lesion
11109,0-4-3-8-0-1,1 5 4 3* 1 2,6,1.0,False,control>lesion
11110,0-4-3-8-0-3,1 5 4 3* 1 4,6,1.0,False,lesion>control
11111,0-4-3-8-1-3,1 5 4 3* 2 4,6,1.0,False,lesion>control
11112,0-4-3-8-7-3,1 5 4 3* 2* 4,6,1.0,False,lesion>control
11113,0-4-3-8-7-8,1 5 4 3* 2* 3*,6,1.0,False,lesion>control
11114,0-4-5-0-1-5,1 5 6 1 2 6,6,1.0,False,control>lesion
11115,0-4-5-0-3-8,1 5 6 1 4 3*,6,1.0,False,lesion>control
11116,0-4-5-0-4-5,1 5 6 1 5 6,6,1.0,False,lesion>control
11117,0-4-5-0-5-1,1 5 6 1 6 2,6,1.0,False,control>lesion
11118,0-4-5-0-5-8,1 5 6 1 6 3*,6,1.0,False,lesion>control
11119,0-4-5-1-0-5,1 5 6 2 1 6,6,1.0,False,lesion>control
11120,0-4-5-1-0-8,1 5 6 2 1 3*,6,1.0,False,control>lesion
11121,0-4-5-1-3-0,1 5 6 2 4 1,6,1.0,False,lesion>control
11122,0-4-5-1-3-4,1 5 6 2 4 5,6,1.0,False,lesion>control
11123,0-4-5-1-4-5,1 5 6 2 5 6,6,1.0,False,lesion>control
11124,0-4-5-1-8-0,1 5 6 2 3* 1,6,1.0,False,control>lesion
11125,0-4-5-1-8-1,1 5 6 2 3* 2,6,1.0,False,control>lesion
11126,0-4-5-3-0-4,1 5 6 4 1 5,6,1.0,False,control>lesion
11127,0-4-5-3-0-5,1 5 6 4 1 6,6,1.0,False,lesion>control
11128,0-4-5-3-5-3,1 5 6 4 6 4,6,1.0,False,lesion>control
11129,0-4-5-3-5-4,1 5 6 4 6 5,6,1.0,False,lesion>control
11130,0-4-5-3-5-8,1 5 6 4 6 3*,6,1.0,False,control>lesion
11131,0-4-5-4-5-0,1 5 6 5 6 1,6,1.0,False,lesion>control
11132,0-4-5-4-5-4,1 5 6 5 6 5,6,1.0,False,lesion>control
11133,0-4-5-4-8-1,1 5 6 5 3* 2,6,1.0,False,control>lesion
11134,0-4-5-8-0-3,1 5 6 3* 1 4,6,1.0,False,lesion>control
11135,0-4-5-8-0-8,1 5 6 3* 1 3*,6,1.0,False,lesion>control
11136,0-4-5-8-1-8,1 5 6 3* 2 3*,6,1.0,False,lesion>control
11137,0-4-5-8-3-8,1 5 6 3* 4 3*,6,1.0,False,lesion>control
11138,0-4-5-8-4-5,1 5 6 3* 5 6,6,1.0,False,lesion>control
11139,0-4-5-8-4-8,1 5 6 3* 5 3*,6,1.0,False,lesion>control
11140,0-4-5-8-7-8,1 5 6 3* 2* 3*,6,1.0,False,control>lesion
11141,0-4-8-0-2-3,1 5 3* 1 3 4,6,1.0,False,control>lesion
11142,0-4-8-0-2-5,1 5 3* 1 3 6,6,1.0,False,lesion>control
11143,0-4-8-0-3-1,1 5 3* 1 4 2,6,1.0,False,lesion>control
11144,0-4-8-0-3-4,1 5 3* 1 4 5,6,1.0,False,lesion>control
11145,0-4-8-0-5-4,1 5 3* 1 6 5,6,1.0,False,lesion>control
11146,0-4-8-0-8-1,1 5 3* 1 3* 2,6,1.0,False,lesion>control
11147,0-4-8-0-8-3,1 5 3* 1 3* 4,6,1.0,False,lesion>control
11148,0-4-8-1-0-1,1 5 3* 2 1 2,6,1.0,False,lesion>control
11149,0-4-8-1-0-4,1 5 3* 2 1 5,6,1.0,False,lesion>control
11150,0-4-8-1-0-8,1 5 3* 2 1 3*,6,1.0,False,lesion>control
11151,0-4-8-1-5-3,1 5 3* 2 6 4,6,1.0,False,lesion>control
11152,0-4-8-1-8-4,1 5 3* 2 3* 5,6,1.0,False,lesion>control
11153,0-4-8-1-9-8,1 5 3* 2 4* 3*,6,1.0,False,lesion>control
11154,0-4-8-3-1-5,1 5 3* 4 2 6,6,1.0,False,lesion>control
11155,0-4-8-3-8-9,1 5 3* 4 3* 4*,6,1.0,False,lesion>control
11156,0-4-8-4-8-5,1 5 3* 5 3* 6,6,1.0,False,control>lesion
11157,0-4-8-5-0-8,1 5 3* 6 1 3*,6,1.0,False,control>lesion
11158,0-4-8-5-8-1,1 5 3* 6 3* 2,6,1.0,False,lesion>control
11159,0-4-8-7-0-3,1 5 3* 2* 1 4,6,1.0,False,lesion>control
11160,0-4-8-7-0-4,1 5 3* 2* 1 5,6,1.0,False,control>lesion
11161,0-4-8-9-4-3,1 5 3* 4* 5 4,6,1.0,False,control>lesion
11162,0-4-8-9-8-3,1 5 3* 4* 3* 4,6,1.0,False,control>lesion
11163,0-5-0-1-2-0,1 6 1 2 3 1,6,1.0,False,lesion>control
11164,0-5-0-1-4-0,1 6 1 2 5 1,6,1.0,False,lesion>control
11165,0-5-0-3-1-3,1 6 1 4 2 4,6,1.0,False,lesion>control
11166,0-5-0-3-2-0,1 6 1 4 3 1,6,1.0,False,lesion>control
11167,0-5-0-3-5-4,1 6 1 4 6 5,6,1.0,False,control>lesion
11168,0-5-0-3-8-0,1 6 1 4 3* 1,6,1.0,False,control>lesion
11169,0-5-0-3-8-5,1 6 1 4 3* 6,6,1.0,False,lesion>control
11170,0-5-0-4-0-3,1 6 1 5 1 4,6,1.0,False,lesion>control
11171,0-5-0-4-1-0,1 6 1 5 2 1,6,1.0,False,lesion>control
11172,0-5-0-4-1-4,1 6 1 5 2 5,6,1.0,False,lesion>control
11173,0-5-0-4-3-8,1 6 1 5 4 3*,6,1.0,False,lesion>control
11174,0-5-0-4-5-4,1 6 1 5 6 5,6,1.0,False,lesion>control
11175,0-5-0-4-8-0,1 6 1 5 3* 1,6,1.0,False,control>lesion
11176,0-5-0-4-8-7,1 6 1 5 3* 2*,6,1.0,False,control>lesion
11177,0-5-0-5-1-3,1 6 1 6 2 4,6,1.0,False,lesion>control
11178,0-5-0-5-3-0,1 6 1 6 4 1,6,1.0,False,lesion>control
11179,0-5-0-5-3-5,1 6 1 6 4 6,6,1.0,False,control>lesion
11180,0-5-0-5-5-0,1 6 1 6 6 1,6,1.0,False,lesion>control
11181,0-5-0-5-8-0,1 6 1 6 3* 1,6,1.0,False,lesion>control
11182,0-5-0-5-8-1,1 6 1 6 3* 2,6,1.0,False,lesion>control
11183,0-5-0-5-8-4,1 6 1 6 3* 5,6,1.0,False,lesion>control
11184,0-5-0-5-8-9,1 6 1 6 3* 4*,6,1.0,False,lesion>control
11185,0-5-0-8-0-3,1 6 1 3* 1 4,6,1.0,False,lesion>control
11186,0-5-0-8-0-8,1 6 1 3* 1 3*,6,1.0,False,control>lesion
11187,0-5-0-8-4-0,1 6 1 3* 5 1,6,1.0,False,control>lesion
11188,0-5-0-8-5-3,1 6 1 3* 6 4,6,1.0,False,lesion>control
11189,0-5-0-8-7-5,1 6 1 3* 2* 6,6,1.0,False,control>lesion
11190,0-5-0-8-9-4,1 6 1 3* 4* 5,6,1.0,False,lesion>control
11191,0-5-0-8-9-5,1 6 1 3* 4* 6,6,1.0,False,lesion>control
11192,0-5-1-0-1-3,1 6 2 1 2 4,6,1.0,False,control>lesion
11193,0-5-1-0-1-5,1 6 2 1 2 6,6,1.0,False,lesion>control
11194,0-5-1-0-3-1,1 6 2 1 4 2,6,1.0,False,control>lesion
11195,0-5-1-0-3-8,1 6 2 1 4 3*,6,1.0,False,control>lesion
11196,0-5-1-0-4-3,1 6 2 1 5 4,6,1.0,False,lesion>control
11197,0-5-1-0-5-3,1 6 2 1 6 4,6,1.0,False,lesion>control
11198,0-5-1-0-8-0,1 6 2 1 3* 1,6,1.0,False,lesion>control
11199,0-5-1-0-8-1,1 6 2 1 3* 2,6,1.0,False,control>lesion
11200,0-5-1-0-8-3,1 6 2 1 3* 4,6,1.0,False,control>lesion
11201,0-5-1-0-8-7,1 6 2 1 3* 2*,6,1.0,False,control>lesion
11202,0-5-1-0-8-9,1 6 2 1 3* 4*,6,1.0,False,lesion>control
11203,0-5-1-2-1-2,1 6 2 3 2 3,6,1.0,False,control>lesion
11204,0-5-1-3-0-3,1 6 2 4 1 4,6,1.0,False,lesion>control
11205,0-5-1-3-0-4,1 6 2 4 1 5,6,1.0,False,lesion>control
11206,0-5-1-3-0-5,1 6 2 4 1 6,6,1.0,False,control>lesion
11207,0-5-1-3-1-0,1 6 2 4 2 1,6,1.0,False,control>lesion
11208,0-5-1-3-1-5,1 6 2 4 2 6,6,1.0,False,lesion>control
11209,0-5-1-3-4-0,1 6 2 4 5 1,6,1.0,False,control>lesion
11210,0-5-1-4-5-0,1 6 2 5 6 1,6,1.0,False,control>lesion
11211,0-5-1-5-0-3,1 6 2 6 1 4,6,1.0,False,lesion>control
11212,0-5-1-5-0-5,1 6 2 6 1 6,6,1.0,False,control>lesion
11213,0-5-1-5-0-8,1 6 2 6 1 3*,6,1.0,False,lesion>control
11214,0-5-1-5-1-5,1 6 2 6 2 6,6,1.0,False,lesion>control
11215,0-5-1-5-1-8,1 6 2 6 2 3*,6,1.0,False,control>lesion
11216,0-5-1-5-3-4,1 6 2 6 4 5,6,1.0,False,lesion>control
11217,0-5-1-5-8-0,1 6 2 6 3* 1,6,1.0,False,lesion>control
11218,0-5-1-8-1-3,1 6 2 3* 2 4,6,1.0,False,control>lesion
11219,0-5-1-8-1-5,1 6 2 3* 2 6,6,1.0,False,control>lesion
11220,0-5-1-8-9-8,1 6 2 3* 4* 3*,6,1.0,False,control>lesion
11221,0-5-2-0-2-1,1 6 3 1 3 2,6,1.0,False,lesion>control
11222,0-5-2-0-3-0,1 6 3 1 4 1,6,1.0,False,control>lesion
11223,0-5-2-0-4-2,1 6 3 1 5 3,6,1.0,False,lesion>control
11224,0-5-2-0-5-2,1 6 3 1 6 3,6,1.0,False,lesion>control
11225,0-5-2-0-7-8,1 6 3 1 2* 3*,6,1.0,False,lesion>control
11226,0-5-2-0-9-8,1 6 3 1 4* 3*,6,1.0,False,lesion>control
11227,0-5-2-1-0-5,1 6 3 2 1 6,6,1.0,False,lesion>control
11228,0-5-2-3-0-2,1 6 3 4 1 3,6,1.0,False,control>lesion
11229,0-5-2-4-1-1,1 6 3 5 2 2,6,1.0,False,lesion>control
11230,0-5-2-5-0-2,1 6 3 6 1 3,6,1.0,False,lesion>control
11231,0-5-2-5-2-1,1 6 3 6 3 2,6,1.0,False,lesion>control
11232,0-5-2-5-2-5,1 6 3 6 3 6,6,1.0,False,lesion>control
11233,0-5-2-7-3-8,1 6 3 2* 4 3*,6,1.0,False,lesion>control
11234,0-5-2-9-8-7,1 6 3 4* 3* 2*,6,1.0,False,control>lesion
11235,0-5-3-0-4-1,1 6 4 1 5 2,6,1.0,False,control>lesion
11236,0-5-3-0-5-3,1 6 4 1 6 4,6,1.0,False,lesion>control
11237,0-5-3-0-8-0,1 6 4 1 3* 1,6,1.0,False,lesion>control
11238,0-5-3-1-0-1,1 6 4 2 1 2,6,1.0,False,control>lesion
11239,0-5-3-1-0-3,1 6 4 2 1 4,6,1.0,False,control>lesion
11240,0-5-3-1-0-8,1 6 4 2 1 3*,6,1.0,False,control>lesion
11241,0-5-3-1-3-0,1 6 4 2 4 1,6,1.0,False,lesion>control
11242,0-5-3-1-3-5,1 6 4 2 4 6,6,1.0,False,control>lesion
11243,0-5-3-1-3-8,1 6 4 2 4 3*,6,1.0,False,lesion>control
11244,0-5-3-1-5-0,1 6 4 2 6 1,6,1.0,False,control>lesion
11245,0-5-3-1-8-1,1 6 4 2 3* 2,6,1.0,False,control>lesion
11246,0-5-3-1-8-5,1 6 4 2 3* 6,6,1.0,False,control>lesion
11247,0-5-3-4-0-1,1 6 4 5 1 2,6,1.0,False,control>lesion
11248,0-5-3-4-0-5,1 6 4 5 1 6,6,1.0,False,control>lesion
11249,0-5-3-4-1-0,1 6 4 5 2 1,6,1.0,False,control>lesion
11250,0-5-3-4-3-5,1 6 4 5 4 6,6,1.0,False,control>lesion
11251,0-5-3-4-5-8,1 6 4 5 6 3*,6,1.0,False,control>lesion
11252,0-5-3-5-0-3,1 6 4 6 1 4,6,1.0,False,control>lesion
11253,0-5-3-5-0-4,1 6 4 6 1 5,6,1.0,False,control>lesion
11254,0-5-3-5-0-8,1 6 4 6 1 3*,6,1.0,False,control>lesion
11255,0-5-3-5-4-5,1 6 4 6 5 6,6,1.0,False,control>lesion
11256,0-5-3-5-4-8,1 6 4 6 5 3*,6,1.0,False,control>lesion
11257,0-5-3-5-8-4,1 6 4 6 3* 5,6,1.0,False,lesion>control
11258,0-5-3-5-8-7,1 6 4 6 3* 2*,6,1.0,False,control>lesion
11259,0-5-3-8-0-4,1 6 4 3* 1 5,6,1.0,False,lesion>control
11260,0-5-3-8-0-8,1 6 4 3* 1 3*,6,1.0,False,control>lesion
11261,0-5-3-8-3-5,1 6 4 3* 4 6,6,1.0,False,control>lesion
11262,0-5-3-8-3-8,1 6 4 3* 4 3*,6,1.0,False,control>lesion
11263,0-5-3-8-4-3,1 6 4 3* 5 4,6,1.0,False,lesion>control
11264,0-5-3-8-7-4,1 6 4 3* 2* 5,6,1.0,False,lesion>control
11265,0-5-3-8-7-5,1 6 4 3* 2* 6,6,1.0,False,lesion>control
11266,0-5-4-0-1-3,1 6 5 1 2 4,6,1.0,False,control>lesion
11267,0-5-4-0-3-0,1 6 5 1 4 1,6,1.0,False,control>lesion
11268,0-5-4-0-3-5,1 6 5 1 4 6,6,1.0,False,control>lesion
11269,0-5-4-0-5-0,1 6 5 1 6 1,6,1.0,False,lesion>control
11270,0-5-4-0-5-3,1 6 5 1 6 4,6,1.0,False,control>lesion
11271,0-5-4-0-5-4,1 6 5 1 6 5,6,1.0,False,lesion>control
11272,0-5-4-0-8-7,1 6 5 1 3* 2*,6,1.0,False,lesion>control
11273,0-5-4-1-0-3,1 6 5 2 1 4,6,1.0,False,control>lesion
11274,0-5-4-1-5-4,1 6 5 2 6 5,6,1.0,False,control>lesion
11275,0-5-4-1-8-0,1 6 5 2 3* 1,6,1.0,False,lesion>control
11276,0-5-4-2-5-3,1 6 5 3 6 4,6,1.0,False,lesion>control
11277,0-5-4-3-0-5,1 6 5 4 1 6,6,1.0,False,lesion>control
11278,0-5-4-3-1-0,1 6 5 4 2 1,6,1.0,False,lesion>control
11279,0-5-4-3-1-5,1 6 5 4 2 6,6,1.0,False,control>lesion
11280,0-5-4-3-4-3,1 6 5 4 5 4,6,1.0,False,control>lesion
11281,0-5-4-3-4-8,1 6 5 4 5 3*,6,1.0,False,control>lesion
11282,0-5-4-5-0-5,1 6 5 6 1 6,6,1.0,False,lesion>control
11283,0-5-4-5-0-8,1 6 5 6 1 3*,6,1.0,False,lesion>control
11284,0-5-4-5-1-8,1 6 5 6 2 3*,6,1.0,False,control>lesion
11285,0-5-4-5-2-8,1 6 5 6 3 3*,6,1.0,False,control>lesion
11286,0-5-4-5-3-8,1 6 5 6 4 3*,6,1.0,False,control>lesion
11287,0-5-4-5-4-3,1 6 5 6 5 4,6,1.0,False,control>lesion
11288,0-5-4-5-8-1,1 6 5 6 3* 2,6,1.0,False,lesion>control
11289,0-5-4-5-8-5,1 6 5 6 3* 6,6,1.0,False,lesion>control
11290,0-5-4-8-0-3,1 6 5 3* 1 4,6,1.0,False,lesion>control
11291,0-5-4-8-1-3,1 6 5 3* 2 4,6,1.0,False,lesion>control
11292,0-5-4-8-1-8,1 6 5 3* 2 3*,6,1.0,False,lesion>control
11293,0-5-4-8-3-0,1 6 5 3* 4 1,6,1.0,False,control>lesion
11294,0-5-4-8-5-3,1 6 5 3* 6 4,6,1.0,False,control>lesion
11295,0-5-4-8-5-8,1 6 5 3* 6 3*,6,1.0,False,lesion>control
11296,0-5-4-8-7-5,1 6 5 3* 2* 6,6,1.0,False,lesion>control
11297,0-5-5-0-5-0,1 6 6 1 6 1,6,1.0,False,lesion>control
11298,0-5-8-0-1-3,1 6 3* 1 2 4,6,1.0,False,control>lesion
11299,0-5-8-0-1-5,1 6 3* 1 2 6,6,1.0,False,control>lesion
11300,0-5-8-0-2-1,1 6 3* 1 3 2,6,1.0,False,lesion>control
11301,0-5-8-0-3-1,1 6 3* 1 4 2,6,1.0,False,control>lesion
11302,0-5-8-0-3-5,1 6 3* 1 4 6,6,1.0,False,lesion>control
11303,0-5-8-0-3-8,1 6 3* 1 4 3*,6,1.0,False,lesion>control
11304,0-5-8-0-5-4,1 6 3* 1 6 5,6,1.0,False,lesion>control
11305,0-5-8-0-9-8,1 6 3* 1 4* 3*,6,1.0,False,control>lesion
11306,0-5-8-1-0-1,1 6 3* 2 1 2,6,1.0,False,lesion>control
11307,0-5-8-1-5-0,1 6 3* 2 6 1,6,1.0,False,control>lesion
11308,0-5-8-1-8-4,1 6 3* 2 3* 5,6,1.0,False,lesion>control
11309,0-5-8-1-8-5,1 6 3* 2 3* 6,6,1.0,False,control>lesion
11310,0-5-8-1-8-9,1 6 3* 2 3* 4*,6,1.0,False,lesion>control
11311,0-5-8-3-0-3,1 6 3* 4 1 4,6,1.0,False,lesion>control
11312,0-5-8-3-0-5,1 6 3* 4 1 6,6,1.0,False,control>lesion
11313,0-5-8-3-0-7,1 6 3* 4 1 2*,6,1.0,False,lesion>control
11314,0-5-8-3-2-0,1 6 3* 4 3 1,6,1.0,False,lesion>control
11315,0-5-8-3-3-5,1 6 3* 4 4 6,6,1.0,False,control>lesion
11316,0-5-8-3-4-0,1 6 3* 4 5 1,6,1.0,False,control>lesion
11317,0-5-8-3-4-8,1 6 3* 4 5 3*,6,1.0,False,control>lesion
11318,0-5-8-3-8-0,1 6 3* 4 3* 1,6,1.0,False,lesion>control
11319,0-5-8-4-3-0,1 6 3* 5 4 1,6,1.0,False,lesion>control
11320,0-5-8-4-5-3,1 6 3* 5 6 4,6,1.0,False,control>lesion
11321,0-5-8-5-0-2,1 6 3* 6 1 3,6,1.0,False,control>lesion
11322,0-5-8-5-3-0,1 6 3* 6 4 1,6,1.0,False,lesion>control
11323,0-5-8-5-3-1,1 6 3* 6 4 2,6,1.0,False,lesion>control
11324,0-5-8-5-4-1,1 6 3* 6 5 2,6,1.0,False,control>lesion
11325,0-5-8-5-8-0,1 6 3* 6 3* 1,6,1.0,False,lesion>control
11326,0-5-8-5-8-1,1 6 3* 6 3* 2,6,1.0,False,control>lesion
11327,0-5-8-5-8-3,1 6 3* 6 3* 4,6,1.0,False,lesion>control
11328,0-5-8-7-0-1,1 6 3* 2* 1 2,6,1.0,False,control>lesion
11329,0-5-8-7-0-8,1 6 3* 2* 1 3*,6,1.0,False,control>lesion
11330,0-5-8-7-3-5,1 6 3* 2* 4 6,6,1.0,False,lesion>control
11331,0-5-8-7-5-8,1 6 3* 2* 6 3*,6,1.0,False,lesion>control
11332,0-5-8-7-8-1,1 6 3* 2* 3* 2,6,1.0,False,control>lesion
11333,0-5-8-7-8-9,1 6 3* 2* 3* 4*,6,1.0,False,control>lesion
11334,0-5-8-8-7-0,1 6 3* 3* 2* 1,6,1.0,False,control>lesion
11335,0-5-8-8-9-1,1 6 3* 3* 4* 2,6,1.0,False,lesion>control
11336,0-5-8-9-1-3,1 6 3* 4* 2 4,6,1.0,False,lesion>control
11337,0-5-8-9-4-3,1 6 3* 4* 5 4,6,1.0,False,control>lesion
11338,0-5-8-9-5-0,1 6 3* 4* 6 1,6,1.0,False,lesion>control
11339,0-5-8-9-8-3,1 6 3* 4* 3* 4,6,1.0,False,control>lesion
11340,0-5-8-9-8-5,1 6 3* 4* 3* 6,6,1.0,False,lesion>control
11341,0-5-8-9-8-7,1 6 3* 4* 3* 2*,6,1.0,False,control>lesion
11342,0-5-9-0-8-7,1 6 4* 1 3* 2*,6,1.0,False,lesion>control
11343,0-7-0-1-4-8,1 2* 1 2 5 3*,6,1.0,False,lesion>control
11344,0-7-0-1-8-1,1 2* 1 2 3* 2,6,1.0,False,control>lesion
11345,0-7-0-3-8-1,1 2* 1 4 3* 2,6,1.0,False,lesion>control
11346,0-7-0-4-0-4,1 2* 1 5 1 5,6,1.0,False,lesion>control
11347,0-7-0-8-9-5,1 2* 1 3* 4* 6,6,1.0,False,control>lesion
11348,0-7-3-1-0-3,1 2* 4 2 1 4,6,1.0,False,control>lesion
11349,0-7-3-5-1-0,1 2* 4 6 2 1,6,1.0,False,control>lesion
11350,0-7-3-5-8-0,1 2* 4 6 3* 1,6,1.0,False,lesion>control
11351,0-7-4-5-0-3,1 2* 5 6 1 4,6,1.0,False,control>lesion
11352,0-7-4-5-3-4,1 2* 5 6 4 5,6,1.0,False,control>lesion
11353,0-7-5-4-3-8,1 2* 6 5 4 3*,6,1.0,False,control>lesion
11354,0-7-5-4-8-1,1 2* 6 5 3* 2,6,1.0,False,lesion>control
11355,0-7-5-8-1-2,1 2* 6 3* 2 3,6,1.0,False,lesion>control
11356,0-7-8-1-5-8,1 2* 3* 2 6 3*,6,1.0,False,lesion>control
11357,0-7-8-1-8-7,1 2* 3* 2 3* 2*,6,1.0,False,control>lesion
11358,0-7-8-4-0-2,1 2* 3* 5 1 3,6,1.0,False,lesion>control
11359,0-7-8-5-2-9,1 2* 3* 6 3 4*,6,1.0,False,lesion>control
11360,0-7-8-5-3-8,1 2* 3* 6 4 3*,6,1.0,False,lesion>control
11361,0-7-8-9-0-3,1 2* 3* 4* 1 4,6,1.0,False,lesion>control
11362,0-7-8-9-1-8,1 2* 3* 4* 2 3*,6,1.0,False,control>lesion
11363,0-7-8-9-8-5,1 2* 3* 4* 3* 6,6,1.0,False,lesion>control
11364,0-8-0-1-0-1,1 3* 1 2 1 2,6,1.0,False,control>lesion
11365,0-8-0-1-0-8,1 3* 1 2 1 3*,6,1.0,False,control>lesion
11366,0-8-0-1-5-4,1 3* 1 2 6 5,6,1.0,False,control>lesion
11367,0-8-0-1-5-8,1 3* 1 2 6 3*,6,1.0,False,lesion>control
11368,0-8-0-1-8-9,1 3* 1 2 3* 4*,6,1.0,False,control>lesion
11369,0-8-0-2-0-2,1 3* 1 3 1 3,6,1.0,False,lesion>control
11370,0-8-0-2-5-0,1 3* 1 3 6 1,6,1.0,False,lesion>control
11371,0-8-0-2-7-3,1 3* 1 3 2* 4,6,1.0,False,control>lesion
11372,0-8-0-2-9-8,1 3* 1 3 4* 3*,6,1.0,False,control>lesion
11373,0-8-0-3-2-7,1 3* 1 4 3 2*,6,1.0,False,lesion>control
11374,0-8-0-3-5-0,1 3* 1 4 6 1,6,1.0,False,lesion>control
11375,0-8-0-3-8-7,1 3* 1 4 3* 2*,6,1.0,False,control>lesion
11376,0-8-0-4-0-8,1 3* 1 5 1 3*,6,1.0,False,control>lesion
11377,0-8-0-4-8-0,1 3* 1 5 3* 1,6,1.0,False,lesion>control
11378,0-8-0-5-0-8,1 3* 1 6 1 3*,6,1.0,False,control>lesion
11379,0-8-0-5-4-3,1 3* 1 6 5 4,6,1.0,False,control>lesion
11380,0-8-0-7-3-5,1 3* 1 2* 4 6,6,1.0,False,control>lesion
11381,0-8-0-8-0-1,1 3* 1 3* 1 2,6,1.0,False,control>lesion
11382,0-8-0-8-5-8,1 3* 1 3* 6 3*,6,1.0,False,lesion>control
11383,0-8-0-8-7-0,1 3* 1 3* 2* 1,6,1.0,False,control>lesion
11384,0-8-0-8-9-8,1 3* 1 3* 4* 3*,6,1.0,False,control>lesion
11385,0-8-0-9-0-1,1 3* 1 4* 1 2,6,1.0,False,control>lesion
11386,0-8-1-0-1-4,1 3* 2 1 2 5,6,1.0,False,control>lesion
11387,0-8-1-0-3-1,1 3* 2 1 4 2,6,1.0,False,control>lesion
11388,0-8-1-0-3-4,1 3* 2 1 4 5,6,1.0,False,control>lesion
11389,0-8-1-0-5-3,1 3* 2 1 6 4,6,1.0,False,control>lesion
11390,0-8-1-0-5-4,1 3* 2 1 6 5,6,1.0,False,lesion>control
11391,0-8-1-0-9-8,1 3* 2 1 4* 3*,6,1.0,False,lesion>control
11392,0-8-1-2-3-8,1 3* 2 3 4 3*,6,1.0,False,lesion>control
11393,0-8-1-3-0-1,1 3* 2 4 1 2,6,1.0,False,control>lesion
11394,0-8-1-3-0-3,1 3* 2 4 1 4,6,1.0,False,lesion>control
11395,0-8-1-3-1-3,1 3* 2 4 2 4,6,1.0,False,control>lesion
11396,0-8-1-3-1-4,1 3* 2 4 2 5,6,1.0,False,lesion>control
11397,0-8-1-3-1-5,1 3* 2 4 2 6,6,1.0,False,lesion>control
11398,0-8-1-3-4-3,1 3* 2 4 5 4,6,1.0,False,control>lesion
11399,0-8-1-3-5-0,1 3* 2 4 6 1,6,1.0,False,control>lesion
11400,0-8-1-3-5-3,1 3* 2 4 6 4,6,1.0,False,control>lesion
11401,0-8-1-3-8-0,1 3* 2 4 3* 1,6,1.0,False,control>lesion
11402,0-8-1-3-8-1,1 3* 2 4 3* 2,6,1.0,False,lesion>control
11403,0-8-1-4-0-5,1 3* 2 5 1 6,6,1.0,False,lesion>control
11404,0-8-1-4-5-4,1 3* 2 5 6 5,6,1.0,False,lesion>control
11405,0-8-1-5-4-8,1 3* 2 6 5 3*,6,1.0,False,lesion>control
11406,0-8-1-5-4-9,1 3* 2 6 5 4*,6,1.0,False,lesion>control
11407,0-8-1-5-8-5,1 3* 2 6 3* 6,6,1.0,False,lesion>control
11408,0-8-1-8-0-1,1 3* 2 3* 1 2,6,1.0,False,lesion>control
11409,0-8-1-8-0-8,1 3* 2 3* 1 3*,6,1.0,False,control>lesion
11410,0-8-1-8-5-2,1 3* 2 3* 6 3,6,1.0,False,lesion>control
11411,0-8-1-8-5-8,1 3* 2 3* 6 3*,6,1.0,False,lesion>control
11412,0-8-1-8-7-0,1 3* 2 3* 2* 1,6,1.0,False,control>lesion
11413,0-8-1-8-7-3,1 3* 2 3* 2* 4,6,1.0,False,control>lesion
11414,0-8-1-8-8-7,1 3* 2 3* 3* 2*,6,1.0,False,lesion>control
11415,0-8-1-9-0-8,1 3* 2 4* 1 3*,6,1.0,False,lesion>control
11416,0-8-3-0-3-4,1 3* 4 1 4 5,6,1.0,False,lesion>control
11417,0-8-3-0-3-8,1 3* 4 1 4 3*,6,1.0,False,lesion>control
11418,0-8-3-0-5-0,1 3* 4 1 6 1,6,1.0,False,lesion>control
11419,0-8-3-0-5-1,1 3* 4 1 6 2,6,1.0,False,control>lesion
11420,0-8-3-0-5-4,1 3* 4 1 6 5,6,1.0,False,lesion>control
11421,0-8-3-0-8-3,1 3* 4 1 3* 4,6,1.0,False,lesion>control
11422,0-8-3-0-8-7,1 3* 4 1 3* 2*,6,1.0,False,lesion>control
11423,0-8-3-1-0-5,1 3* 4 2 1 6,6,1.0,False,control>lesion
11424,0-8-3-1-0-8,1 3* 4 2 1 3*,6,1.0,False,lesion>control
11425,0-8-3-1-3-0,1 3* 4 2 4 1,6,1.0,False,lesion>control
11426,0-8-3-2-1-3,1 3* 4 3 2 4,6,1.0,False,lesion>control
11427,0-8-3-2-3-2,1 3* 4 3 4 3,6,1.0,False,lesion>control
11428,0-8-3-2-4-3,1 3* 4 3 5 4,6,1.0,False,lesion>control
11429,0-8-3-2-7-0,1 3* 4 3 2* 1,6,1.0,False,lesion>control
11430,0-8-3-3-5-4,1 3* 4 4 6 5,6,1.0,False,lesion>control
11431,0-8-3-3-8-3,1 3* 4 4 3* 4,6,1.0,False,control>lesion
11432,0-8-3-4-0-1,1 3* 4 5 1 2,6,1.0,False,lesion>control
11433,0-8-3-4-0-5,1 3* 4 5 1 6,6,1.0,False,control>lesion
11434,0-8-3-4-1-0,1 3* 4 5 2 1,6,1.0,False,lesion>control
11435,0-8-3-4-3-1,1 3* 4 5 4 2,6,1.0,False,lesion>control
11436,0-8-3-4-8-3,1 3* 4 5 3* 4,6,1.0,False,lesion>control
11437,0-8-3-5-0-1,1 3* 4 6 1 2,6,1.0,False,control>lesion
11438,0-8-3-5-0-5,1 3* 4 6 1 6,6,1.0,False,lesion>control
11439,0-8-3-5-3-8,1 3* 4 6 4 3*,6,1.0,False,control>lesion
11440,0-8-3-5-4-8,1 3* 4 6 5 3*,6,1.0,False,control>lesion
11441,0-8-3-8-0-1,1 3* 4 3* 1 2,6,1.0,False,control>lesion
11442,0-8-3-8-0-8,1 3* 4 3* 1 3*,6,1.0,False,lesion>control
11443,0-8-3-8-3-0,1 3* 4 3* 4 1,6,1.0,False,lesion>control
11444,0-8-3-8-3-1,1 3* 4 3* 4 2,6,1.0,False,control>lesion
11445,0-8-3-8-5-2,1 3* 4 3* 6 3,6,1.0,False,control>lesion
11446,0-8-3-8-7-0,1 3* 4 3* 2* 1,6,1.0,False,control>lesion
11447,0-8-3-8-7-3,1 3* 4 3* 2* 4,6,1.0,False,lesion>control
11448,0-8-4-0-8-0,1 3* 5 1 3* 1,6,1.0,False,control>lesion
11449,0-8-4-1-0-8,1 3* 5 2 1 3*,6,1.0,False,lesion>control
11450,0-8-4-1-3-4,1 3* 5 2 4 5,6,1.0,False,lesion>control
11451,0-8-4-2-0-1,1 3* 5 3 1 2,6,1.0,False,control>lesion
11452,0-8-4-5-0-1,1 3* 5 6 1 2,6,1.0,False,control>lesion
11453,0-8-4-5-3-4,1 3* 5 6 4 5,6,1.0,False,lesion>control
11454,0-8-4-5-4-1,1 3* 5 6 5 2,6,1.0,False,control>lesion
11455,0-8-4-5-4-5,1 3* 5 6 5 6,6,1.0,False,lesion>control
11456,0-8-4-5-8-0,1 3* 5 6 3* 1,6,1.0,False,lesion>control
11457,0-8-4-5-8-1,1 3* 5 6 3* 2,6,1.0,False,lesion>control
11458,0-8-4-5-9-4,1 3* 5 6 4* 5,6,1.0,False,lesion>control
11459,0-8-4-7-8-1,1 3* 5 2* 3* 2,6,1.0,False,lesion>control
11460,0-8-4-8-1-3,1 3* 5 3* 2 4,6,1.0,False,lesion>control
11461,0-8-4-8-3-5,1 3* 5 3* 4 6,6,1.0,False,control>lesion
11462,0-8-4-8-7-3,1 3* 5 3* 2* 4,6,1.0,False,lesion>control
11463,0-8-5-0-1-0,1 3* 6 1 2 1,6,1.0,False,lesion>control
11464,0-8-5-0-3-0,1 3* 6 1 4 1,6,1.0,False,lesion>control
11465,0-8-5-0-3-8,1 3* 6 1 4 3*,6,1.0,False,control>lesion
11466,0-8-5-0-5-0,1 3* 6 1 6 1,6,1.0,False,lesion>control
11467,0-8-5-0-7-8,1 3* 6 1 2* 3*,6,1.0,False,lesion>control
11468,0-8-5-0-8-3,1 3* 6 1 3* 4,6,1.0,False,lesion>control
11469,0-8-5-1-0-5,1 3* 6 2 1 6,6,1.0,False,control>lesion
11470,0-8-5-1-0-8,1 3* 6 2 1 3*,6,1.0,False,lesion>control
11471,0-8-5-1-3-4,1 3* 6 2 4 5,6,1.0,False,control>lesion
11472,0-8-5-2-0-3,1 3* 6 3 1 4,6,1.0,False,control>lesion
11473,0-8-5-2-0-5,1 3* 6 3 1 6,6,1.0,False,lesion>control
11474,0-8-5-2-1-3,1 3* 6 3 2 4,6,1.0,False,lesion>control
11475,0-8-5-2-1-8,1 3* 6 3 2 3*,6,1.0,False,control>lesion
11476,0-8-5-2-5-0,1 3* 6 3 6 1,6,1.0,False,lesion>control
11477,0-8-5-2-5-7,1 3* 6 3 6 2*,6,1.0,False,lesion>control
11478,0-8-5-2-9-8,1 3* 6 3 4* 3*,6,1.0,False,control>lesion
11479,0-8-5-3-0-3,1 3* 6 4 1 4,6,1.0,False,lesion>control
11480,0-8-5-3-8-3,1 3* 6 4 3* 4,6,1.0,False,control>lesion
11481,0-8-5-3-8-4,1 3* 6 4 3* 5,6,1.0,False,control>lesion
11482,0-8-5-4-0-3,1 3* 6 5 1 4,6,1.0,False,control>lesion
11483,0-8-5-4-1-0,1 3* 6 5 2 1,6,1.0,False,control>lesion
11484,0-8-5-4-1-4,1 3* 6 5 2 5,6,1.0,False,lesion>control
11485,0-8-5-4-1-8,1 3* 6 5 2 3*,6,1.0,False,control>lesion
11486,0-8-5-4-2-1,1 3* 6 5 3 2,6,1.0,False,lesion>control
11487,0-8-5-4-3-8,1 3* 6 5 4 3*,6,1.0,False,control>lesion
11488,0-8-5-4-8-0,1 3* 6 5 3* 1,6,1.0,False,control>lesion
11489,0-8-5-4-8-9,1 3* 6 5 3* 4*,6,1.0,False,control>lesion
11490,0-8-5-8-0-2,1 3* 6 3* 1 3,6,1.0,False,lesion>control
11491,0-8-5-8-1-3,1 3* 6 3* 2 4,6,1.0,False,lesion>control
11492,0-8-5-8-4-5,1 3* 6 3* 5 6,6,1.0,False,control>lesion
11493,0-8-5-8-5-2,1 3* 6 3* 6 3,6,1.0,False,lesion>control
11494,0-8-5-8-7-3,1 3* 6 3* 2* 4,6,1.0,False,lesion>control
11495,0-8-5-9-5-1,1 3* 6 4* 6 2,6,1.0,False,control>lesion
11496,0-8-7-0-1-0,1 3* 2* 1 2 1,6,1.0,False,lesion>control
11497,0-8-7-0-1-3,1 3* 2* 1 2 4,6,1.0,False,lesion>control
11498,0-8-7-0-1-5,1 3* 2* 1 2 6,6,1.0,False,control>lesion
11499,0-8-7-0-4-3,1 3* 2* 1 5 4,6,1.0,False,control>lesion
11500,0-8-7-0-5-0,1 3* 2* 1 6 1,6,1.0,False,control>lesion
11501,0-8-7-0-8-4,1 3* 2* 1 3* 5,6,1.0,False,control>lesion
11502,0-8-7-3-5-3,1 3* 2* 4 6 4,6,1.0,False,control>lesion
11503,0-8-7-3-5-4,1 3* 2* 4 6 5,6,1.0,False,control>lesion
11504,0-8-7-5-1-5,1 3* 2* 6 2 6,6,1.0,False,lesion>control
11505,0-8-7-5-4-1,1 3* 2* 6 5 2,6,1.0,False,control>lesion
11506,0-8-7-5-4-5,1 3* 2* 6 5 6,6,1.0,False,control>lesion
11507,0-8-7-5-4-8,1 3* 2* 6 5 3*,6,1.0,False,control>lesion
11508,0-8-7-5-8-1,1 3* 2* 6 3* 2,6,1.0,False,lesion>control
11509,0-8-7-8-0-8,1 3* 2* 3* 1 3*,6,1.0,False,lesion>control
11510,0-8-7-8-1-0,1 3* 2* 3* 2 1,6,1.0,False,control>lesion
11511,0-8-7-8-9-4,1 3* 2* 3* 4* 5,6,1.0,False,control>lesion
11512,0-8-7-8-9-5,1 3* 2* 3* 4* 6,6,1.0,False,control>lesion
11513,0-8-8-9-0-4,1 3* 3* 4* 1 5,6,1.0,False,control>lesion
11514,0-8-8-9-5-8,1 3* 3* 4* 6 3*,6,1.0,False,control>lesion
11515,0-8-9-0-4-8,1 3* 4* 1 5 3*,6,1.0,False,lesion>control
11516,0-8-9-1-0-1,1 3* 4* 2 1 2,6,1.0,False,control>lesion
11517,0-8-9-1-0-5,1 3* 4* 2 1 6,6,1.0,False,control>lesion
11518,0-8-9-1-3-8,1 3* 4* 2 4 3*,6,1.0,False,control>lesion
11519,0-8-9-1-8-0,1 3* 4* 2 3* 1,6,1.0,False,lesion>control
11520,0-8-9-1-8-4,1 3* 4* 2 3* 5,6,1.0,False,lesion>control
11521,0-8-9-3-4-5,1 3* 4* 4 5 6,6,1.0,False,lesion>control
11522,0-8-9-3-8-3,1 3* 4* 4 3* 4,6,1.0,False,control>lesion
11523,0-8-9-4-1-3,1 3* 4* 5 2 4,6,1.0,False,lesion>control
11524,0-8-9-4-8-4,1 3* 4* 5 3* 5,6,1.0,False,lesion>control
11525,0-8-9-5-0-1,1 3* 4* 6 1 2,6,1.0,False,control>lesion
11526,0-8-9-5-0-3,1 3* 4* 6 1 4,6,1.0,False,lesion>control
11527,0-8-9-5-1-0,1 3* 4* 6 2 1,6,1.0,False,control>lesion
11528,0-8-9-5-3-0,1 3* 4* 6 4 1,6,1.0,False,control>lesion
11529,0-8-9-5-3-1,1 3* 4* 6 4 2,6,1.0,False,lesion>control
11530,0-8-9-5-4-8,1 3* 4* 6 5 3*,6,1.0,False,control>lesion
11531,0-8-9-5-8-3,1 3* 4* 6 3* 4,6,1.0,False,control>lesion
11532,0-8-9-8-0-2,1 3* 4* 3* 1 3,6,1.0,False,lesion>control
11533,0-8-9-8-3-0,1 3* 4* 3* 4 1,6,1.0,False,lesion>control
11534,0-8-9-8-3-2,1 3* 4* 3* 4 3,6,1.0,False,control>lesion
11535,0-8-9-8-5-0,1 3* 4* 3* 6 1,6,1.0,False,control>lesion
11536,0-8-9-8-5-8,1 3* 4* 3* 6 3*,6,1.0,False,lesion>control
11537,0-8-9-8-7-5,1 3* 4* 3* 2* 6,6,1.0,False,lesion>control
11538,0-8-9-8-9-0,1 3* 4* 3* 4* 1,6,1.0,False,control>lesion
11539,0-9-0-1-5-8,1 4* 1 2 6 3*,6,1.0,False,control>lesion
11540,0-9-1-3-8-0,1 4* 2 4 3* 1,6,1.0,False,lesion>control
11541,0-9-1-8-1-8,1 4* 2 3* 2 3*,6,1.0,False,lesion>control
11542,0-9-1-8-3-2,1 4* 2 3* 4 3,6,1.0,False,control>lesion
11543,0-9-3-0-1-3,1 4* 4 1 2 4,6,1.0,False,lesion>control
11544,0-9-4-0-8-3,1 4* 5 1 3* 4,6,1.0,False,lesion>control
11545,0-9-5-0-4-1,1 4* 6 1 5 2,6,1.0,False,lesion>control
11546,0-9-5-3-8-3,1 4* 6 4 3* 4,6,1.0,False,lesion>control
11547,0-9-5-8-0-7,1 4* 6 3* 1 2*,6,1.0,False,control>lesion
11548,0-9-5-8-7-8,1 4* 6 3* 2* 3*,6,1.0,False,control>lesion
11549,0-9-8-0-3-8,1 4* 3* 1 4 3*,6,1.0,False,lesion>control
11550,0-9-8-3-8-3,1 4* 3* 4 3* 4,6,1.0,False,lesion>control
11551,0-9-8-3-8-7,1 4* 3* 4 3* 2*,6,1.0,False,lesion>control
11552,0-9-8-7-3-5,1 4* 3* 2* 4 6,6,1.0,False,control>lesion
11553,0-9-8-7-3-8,1 4* 3* 2* 4 3*,6,1.0,False,lesion>control
11554,0-9-8-7-8-5,1 4* 3* 2* 3* 6,6,1.0,False,lesion>control
11555,0-9-8-7-8-9,1 4* 3* 2* 3* 4*,6,1.0,False,control>lesion
11556,0-9-8-8-9-4,1 4* 3* 3* 4* 5,6,1.0,False,control>lesion
11557,1-0-1-0-1-4,2 1 2 1 2 5,6,1.0,False,control>lesion
11558,1-0-1-0-3-5,2 1 2 1 4 6,6,1.0,False,lesion>control
11559,1-0-1-0-4-8,2 1 2 1 5 3*,6,1.0,False,control>lesion
11560,1-0-1-0-5-1,2 1 2 1 6 2,6,1.0,False,lesion>control
11561,1-0-1-0-8-0,2 1 2 1 3* 1,6,1.0,False,control>lesion
11562,1-0-1-2-3-4,2 1 2 3 4 5,6,1.0,False,lesion>control
11563,1-0-1-2-4-5,2 1 2 3 5 6,6,1.0,False,lesion>control
11564,1-0-1-3-0-3,2 1 2 4 1 4,6,1.0,False,control>lesion
11565,1-0-1-3-0-5,2 1 2 4 1 6,6,1.0,False,control>lesion
11566,1-0-1-3-0-8,2 1 2 4 1 3*,6,1.0,False,lesion>control
11567,1-0-1-3-1-3,2 1 2 4 2 4,6,1.0,False,lesion>control
11568,1-0-1-3-1-4,2 1 2 4 2 5,6,1.0,False,lesion>control
11569,1-0-1-3-1-5,2 1 2 4 2 6,6,1.0,False,lesion>control
11570,1-0-1-3-4-1,2 1 2 4 5 2,6,1.0,False,lesion>control
11571,1-0-1-3-5-0,2 1 2 4 6 1,6,1.0,False,control>lesion
11572,1-0-1-3-8-0,2 1 2 4 3* 1,6,1.0,False,control>lesion
11573,1-0-1-3-8-9,2 1 2 4 3* 4*,6,1.0,False,control>lesion
11574,1-0-1-4-8-0,2 1 2 5 3* 1,6,1.0,False,control>lesion
11575,1-0-1-5-0-1,2 1 2 6 1 2,6,1.0,False,lesion>control
11576,1-0-1-5-0-5,2 1 2 6 1 6,6,1.0,False,control>lesion
11577,1-0-1-5-1-4,2 1 2 6 2 5,6,1.0,False,control>lesion
11578,1-0-1-5-1-5,2 1 2 6 2 6,6,1.0,False,lesion>control
11579,1-0-1-5-1-8,2 1 2 6 2 3*,6,1.0,False,control>lesion
11580,1-0-1-5-3-1,2 1 2 6 4 2,6,1.0,False,control>lesion
11581,1-0-1-5-3-8,2 1 2 6 4 3*,6,1.0,False,control>lesion
11582,1-0-1-5-4-0,2 1 2 6 5 1,6,1.0,False,control>lesion
11583,1-0-1-5-4-5,2 1 2 6 5 6,6,1.0,False,control>lesion
11584,1-0-1-5-8-9,2 1 2 6 3* 4*,6,1.0,False,control>lesion
11585,1-0-1-8-0-5,2 1 2 3* 1 6,6,1.0,False,control>lesion
11586,1-0-1-8-1-5,2 1 2 3* 2 6,6,1.0,False,control>lesion
11587,1-0-1-8-5-2,2 1 2 3* 6 3,6,1.0,False,control>lesion
11588,1-0-1-8-5-4,2 1 2 3* 6 5,6,1.0,False,control>lesion
11589,1-0-1-8-9-3,2 1 2 3* 4* 4,6,1.0,False,control>lesion
11590,1-0-2-0-2-1,2 1 3 1 3 2,6,1.0,False,lesion>control
11591,1-0-2-3-1-3,2 1 3 4 2 4,6,1.0,False,lesion>control
11592,1-0-2-3-8-3,2 1 3 4 3* 4,6,1.0,False,control>lesion
11593,1-0-2-3-8-7,2 1 3 4 3* 2*,6,1.0,False,control>lesion
11594,1-0-2-9-0-8,2 1 3 4* 1 3*,6,1.0,False,lesion>control
11595,1-0-3-0-1-0,2 1 4 1 2 1,6,1.0,False,control>lesion
11596,1-0-3-0-1-5,2 1 4 1 2 6,6,1.0,False,lesion>control
11597,1-0-3-0-3-0,2 1 4 1 4 1,6,1.0,False,lesion>control
11598,1-0-3-0-8-3,2 1 4 1 3* 4,6,1.0,False,lesion>control
11599,1-0-3-1-0-1,2 1 4 2 1 2,6,1.0,False,control>lesion
11600,1-0-3-1-0-3,2 1 4 2 1 4,6,1.0,False,lesion>control
11601,1-0-3-1-0-4,2 1 4 2 1 5,6,1.0,False,control>lesion
11602,1-0-3-1-0-5,2 1 4 2 1 6,6,1.0,False,lesion>control
11603,1-0-3-1-0-8,2 1 4 2 1 3*,6,1.0,False,control>lesion
11604,1-0-3-1-3-0,2 1 4 2 4 1,6,1.0,False,lesion>control
11605,1-0-3-1-4-8,2 1 4 2 5 3*,6,1.0,False,lesion>control
11606,1-0-3-1-5-0,2 1 4 2 6 1,6,1.0,False,lesion>control
11607,1-0-3-1-5-1,2 1 4 2 6 2,6,1.0,False,lesion>control
11608,1-0-3-1-8-3,2 1 4 2 3* 4,6,1.0,False,lesion>control
11609,1-0-3-1-8-5,2 1 4 2 3* 6,6,1.0,False,control>lesion
11610,1-0-3-4-0-3,2 1 4 5 1 4,6,1.0,False,control>lesion
11611,1-0-3-4-0-5,2 1 4 5 1 6,6,1.0,False,lesion>control
11612,1-0-3-4-1-0,2 1 4 5 2 1,6,1.0,False,lesion>control
11613,1-0-3-4-1-3,2 1 4 5 2 4,6,1.0,False,lesion>control
11614,1-0-3-4-3-4,2 1 4 5 4 5,6,1.0,False,lesion>control
11615,1-0-3-4-8-0,2 1 4 5 3* 1,6,1.0,False,lesion>control
11616,1-0-3-5-0-5,2 1 4 6 1 6,6,1.0,False,lesion>control
11617,1-0-3-5-1-0,2 1 4 6 2 1,6,1.0,False,control>lesion
11618,1-0-3-5-1-3,2 1 4 6 2 4,6,1.0,False,control>lesion
11619,1-0-3-5-1-8,2 1 4 6 2 3*,6,1.0,False,control>lesion
11620,1-0-3-5-4-1,2 1 4 6 5 2,6,1.0,False,control>lesion
11621,1-0-3-8-0-5,2 1 4 3* 1 6,6,1.0,False,lesion>control
11622,1-0-3-8-0-7,2 1 4 3* 1 2*,6,1.0,False,control>lesion
11623,1-0-3-8-1-3,2 1 4 3* 2 4,6,1.0,False,lesion>control
11624,1-0-3-8-1-8,2 1 4 3* 2 3*,6,1.0,False,lesion>control
11625,1-0-3-8-3-0,2 1 4 3* 4 1,6,1.0,False,lesion>control
11626,1-0-3-8-3-1,2 1 4 3* 4 2,6,1.0,False,lesion>control
11627,1-0-3-8-5-3,2 1 4 3* 6 4,6,1.0,False,lesion>control
11628,1-0-3-8-9-8,2 1 4 3* 4* 3*,6,1.0,False,control>lesion
11629,1-0-4-0-1-0,2 1 5 1 2 1,6,1.0,False,control>lesion
11630,1-0-4-0-1-3,2 1 5 1 2 4,6,1.0,False,control>lesion
11631,1-0-4-0-1-8,2 1 5 1 2 3*,6,1.0,False,lesion>control
11632,1-0-4-0-5-0,2 1 5 1 6 1,6,1.0,False,lesion>control
11633,1-0-4-0-8-9,2 1 5 1 3* 4*,6,1.0,False,control>lesion
11634,1-0-4-1-0-5,2 1 5 2 1 6,6,1.0,False,control>lesion
11635,1-0-4-1-3-1,2 1 5 2 4 2,6,1.0,False,lesion>control
11636,1-0-4-1-5-8,2 1 5 2 6 3*,6,1.0,False,lesion>control
11637,1-0-4-3-2-5,2 1 5 4 3 6,6,1.0,False,lesion>control
11638,1-0-4-3-8-1,2 1 5 4 3* 2,6,1.0,False,lesion>control
11639,1-0-4-5-1-3,2 1 5 6 2 4,6,1.0,False,lesion>control
11640,1-0-4-5-4-8,2 1 5 6 5 3*,6,1.0,False,control>lesion
11641,1-0-4-5-8-0,2 1 5 6 3* 1,6,1.0,False,lesion>control
11642,1-0-4-5-8-4,2 1 5 6 3* 5,6,1.0,False,lesion>control
11643,1-0-4-8-0-3,2 1 5 3* 1 4,6,1.0,False,lesion>control
11644,1-0-4-8-1-5,2 1 5 3* 2 6,6,1.0,False,lesion>control
11645,1-0-4-8-1-9,2 1 5 3* 2 4*,6,1.0,False,lesion>control
11646,1-0-4-8-4-8,2 1 5 3* 5 3*,6,1.0,False,control>lesion
11647,1-0-4-8-5-8,2 1 5 3* 6 3*,6,1.0,False,lesion>control
11648,1-0-5-0-3-1,2 1 6 1 4 2,6,1.0,False,control>lesion
11649,1-0-5-0-3-5,2 1 6 1 4 6,6,1.0,False,control>lesion
11650,1-0-5-0-5-3,2 1 6 1 6 4,6,1.0,False,control>lesion
11651,1-0-5-0-5-4,2 1 6 1 6 5,6,1.0,False,control>lesion
11652,1-0-5-0-5-8,2 1 6 1 6 3*,6,1.0,False,lesion>control
11653,1-0-5-0-8-1,2 1 6 1 3* 2,6,1.0,False,control>lesion
11654,1-0-5-0-8-3,2 1 6 1 3* 4,6,1.0,False,lesion>control
11655,1-0-5-1-0-3,2 1 6 2 1 4,6,1.0,False,control>lesion
11656,1-0-5-1-0-8,2 1 6 2 1 3*,6,1.0,False,control>lesion
11657,1-0-5-1-3-0,2 1 6 2 4 1,6,1.0,False,lesion>control
11658,1-0-5-1-4-5,2 1 6 2 5 6,6,1.0,False,control>lesion
11659,1-0-5-1-5-0,2 1 6 2 6 1,6,1.0,False,lesion>control
11660,1-0-5-1-5-1,2 1 6 2 6 2,6,1.0,False,lesion>control
11661,1-0-5-1-5-3,2 1 6 2 6 4,6,1.0,False,control>lesion
11662,1-0-5-1-8-9,2 1 6 2 3* 4*,6,1.0,False,control>lesion
11663,1-0-5-2-5-2,2 1 6 3 6 3,6,1.0,False,lesion>control
11664,1-0-5-3-4-0,2 1 6 4 5 1,6,1.0,False,control>lesion
11665,1-0-5-3-8-0,2 1 6 4 3* 1,6,1.0,False,lesion>control
11666,1-0-5-4-0-3,2 1 6 5 1 4,6,1.0,False,control>lesion
11667,1-0-5-4-0-5,2 1 6 5 1 6,6,1.0,False,control>lesion
11668,1-0-5-4-1-0,2 1 6 5 2 1,6,1.0,False,control>lesion
11669,1-0-5-4-1-5,2 1 6 5 2 6,6,1.0,False,control>lesion
11670,1-0-5-4-3-0,2 1 6 5 4 1,6,1.0,False,lesion>control
11671,1-0-5-4-3-5,2 1 6 5 4 6,6,1.0,False,lesion>control
11672,1-0-5-4-5-0,2 1 6 5 6 1,6,1.0,False,lesion>control
11673,1-0-5-4-5-8,2 1 6 5 6 3*,6,1.0,False,control>lesion
11674,1-0-5-8-0-1,2 1 6 3* 1 2,6,1.0,False,control>lesion
11675,1-0-5-8-0-9,2 1 6 3* 1 4*,6,1.0,False,control>lesion
11676,1-0-5-8-3-1,2 1 6 3* 4 2,6,1.0,False,lesion>control
11677,1-0-5-8-3-2,2 1 6 3* 4 3,6,1.0,False,lesion>control
11678,1-0-5-8-5-2,2 1 6 3* 6 3,6,1.0,False,lesion>control
11679,1-0-5-8-5-8,2 1 6 3* 6 3*,6,1.0,False,control>lesion
11680,1-0-8-0-1-0,2 1 3* 1 2 1,6,1.0,False,control>lesion
11681,1-0-8-0-1-3,2 1 3* 1 2 4,6,1.0,False,lesion>control
11682,1-0-8-0-1-5,2 1 3* 1 2 6,6,1.0,False,control>lesion
11683,1-0-8-0-2-1,2 1 3* 1 3 2,6,1.0,False,lesion>control
11684,1-0-8-0-4-8,2 1 3* 1 5 3*,6,1.0,False,lesion>control
11685,1-0-8-0-5-4,2 1 3* 1 6 5,6,1.0,False,lesion>control
11686,1-0-8-1-0-4,2 1 3* 2 1 5,6,1.0,False,lesion>control
11687,1-0-8-1-0-9,2 1 3* 2 1 4*,6,1.0,False,lesion>control
11688,1-0-8-1-3-0,2 1 3* 2 4 1,6,1.0,False,control>lesion
11689,1-0-8-1-3-1,2 1 3* 2 4 2,6,1.0,False,lesion>control
11690,1-0-8-1-8-5,2 1 3* 2 3* 6,6,1.0,False,lesion>control
11691,1-0-8-1-8-8,2 1 3* 2 3* 3*,6,1.0,False,lesion>control
11692,1-0-8-1-9-0,2 1 3* 2 4* 1,6,1.0,False,lesion>control
11693,1-0-8-3-0-5,2 1 3* 4 1 6,6,1.0,False,control>lesion
11694,1-0-8-3-1-0,2 1 3* 4 2 1,6,1.0,False,lesion>control
11695,1-0-8-3-2-3,2 1 3* 4 3 4,6,1.0,False,lesion>control
11696,1-0-8-4-5-3,2 1 3* 5 6 4,6,1.0,False,control>lesion
11697,1-0-8-4-5-9,2 1 3* 5 6 4*,6,1.0,False,lesion>control
11698,1-0-8-4-8-7,2 1 3* 5 3* 2*,6,1.0,False,lesion>control
11699,1-0-8-5-0-3,2 1 3* 6 1 4,6,1.0,False,control>lesion
11700,1-0-8-5-0-5,2 1 3* 6 1 6,6,1.0,False,lesion>control
11701,1-0-8-5-2-0,2 1 3* 6 3 1,6,1.0,False,control>lesion
11702,1-0-8-5-2-1,2 1 3* 6 3 2,6,1.0,False,control>lesion
11703,1-0-8-5-4-8,2 1 3* 6 5 3*,6,1.0,False,control>lesion
11704,1-0-8-5-9-5,2 1 3* 6 4* 6,6,1.0,False,control>lesion
11705,1-0-8-7-0-1,2 1 3* 2* 1 2,6,1.0,False,control>lesion
11706,1-0-8-7-0-8,2 1 3* 2* 1 3*,6,1.0,False,control>lesion
11707,1-0-8-7-8-9,2 1 3* 2* 3* 4*,6,1.0,False,control>lesion
11708,1-0-8-9-4-1,2 1 3* 4* 5 2,6,1.0,False,lesion>control
11709,1-0-8-9-5-8,2 1 3* 4* 6 3*,6,1.0,False,control>lesion
11710,1-0-8-9-8-9,2 1 3* 4* 3* 4*,6,1.0,False,control>lesion
11711,1-0-9-8-7-3,2 1 4* 3* 2* 4,6,1.0,False,lesion>control
11712,1-1-0-1-3-5,2 2 1 2 4 6,6,1.0,False,lesion>control
11713,1-1-0-8-1-0,2 2 1 3* 2 1,6,1.0,False,lesion>control
11714,1-1-3-0-5-1,2 2 4 1 6 2,6,1.0,False,control>lesion
11715,1-1-8-5-4-1,2 2 3* 6 5 2,6,1.0,False,lesion>control
11716,1-1-8-9-8-7,2 2 3* 4* 3* 2*,6,1.0,False,control>lesion
11717,1-2-0-1-8-1,2 3 1 2 3* 2,6,1.0,False,control>lesion
11718,1-2-0-2-9-5,2 3 1 3 4* 6,6,1.0,False,control>lesion
11719,1-2-0-3-4-8,2 3 1 4 5 3*,6,1.0,False,control>lesion
11720,1-2-0-5-8-9,2 3 1 6 3* 4*,6,1.0,False,lesion>control
11721,1-2-1-0-1-8,2 3 2 1 2 3*,6,1.0,False,control>lesion
11722,1-2-1-0-5-8,2 3 2 1 6 3*,6,1.0,False,lesion>control
11723,1-2-1-2-0-2,2 3 2 3 1 3,6,1.0,False,control>lesion
11724,1-2-1-2-1-4,2 3 2 3 2 5,6,1.0,False,control>lesion
11725,1-2-1-2-3-4,2 3 2 3 4 5,6,1.0,False,lesion>control
11726,1-2-1-2-4-3,2 3 2 3 5 4,6,1.0,False,lesion>control
11727,1-2-1-2-5-2,2 3 2 3 6 3,6,1.0,False,control>lesion
11728,1-2-1-3-4-8,2 3 2 4 5 3*,6,1.0,False,lesion>control
11729,1-2-1-4-2-0,2 3 2 5 3 1,6,1.0,False,control>lesion
11730,1-2-1-5-1-2,2 3 2 6 2 3,6,1.0,False,control>lesion
11731,1-2-1-8-7-4,2 3 2 3* 2* 5,6,1.0,False,lesion>control
11732,1-2-1-8-7-8,2 3 2 3* 2* 3*,6,1.0,False,control>lesion
11733,1-2-3-0-1-2,2 3 4 1 2 3,6,1.0,False,lesion>control
11734,1-2-3-0-1-5,2 3 4 1 2 6,6,1.0,False,lesion>control
11735,1-2-3-0-5-0,2 3 4 1 6 1,6,1.0,False,control>lesion
11736,1-2-3-4-2-1,2 3 4 5 3 2,6,1.0,False,lesion>control
11737,1-2-3-4-3-0,2 3 4 5 4 1,6,1.0,False,lesion>control
11738,1-2-3-4-3-8,2 3 4 5 4 3*,6,1.0,False,lesion>control
11739,1-2-3-4-5-2,2 3 4 5 6 3,6,1.0,False,lesion>control
11740,1-2-3-8-1-2,2 3 4 3* 2 3,6,1.0,False,lesion>control
11741,1-2-3-8-3-8,2 3 4 3* 4 3*,6,1.0,False,lesion>control
11742,1-2-3-8-4-8,2 3 4 3* 5 3*,6,1.0,False,lesion>control
11743,1-2-3-8-7-8,2 3 4 3* 2* 3*,6,1.0,False,lesion>control
11744,1-2-4-3-0-5,2 3 5 4 1 6,6,1.0,False,control>lesion
11745,1-2-4-3-8-7,2 3 5 4 3* 2*,6,1.0,False,lesion>control
11746,1-2-4-5-1-2,2 3 5 6 2 3,6,1.0,False,lesion>control
11747,1-2-5-1-0-3,2 3 6 2 1 4,6,1.0,False,lesion>control
11748,1-2-5-2-0-4,2 3 6 3 1 5,6,1.0,False,control>lesion
11749,1-2-5-2-8-9,2 3 6 3 3* 4*,6,1.0,False,lesion>control
11750,1-2-5-3-8-8,2 3 6 4 3* 3*,6,1.0,False,lesion>control
11751,1-2-5-4-8-1,2 3 6 5 3* 2,6,1.0,False,control>lesion
11752,1-2-5-8-1-0,2 3 6 3* 2 1,6,1.0,False,lesion>control
11753,1-2-8-5-0-2,2 3 3* 6 1 3,6,1.0,False,control>lesion
11754,1-2-8-7-3-8,2 3 3* 2* 4 3*,6,1.0,False,lesion>control
11755,1-2-9-5-8-7,2 3 4* 6 3* 2*,6,1.0,False,control>lesion
11756,1-2-9-8-3-1,2 3 4* 3* 4 2,6,1.0,False,lesion>control
11757,1-2-9-8-8-7,2 3 4* 3* 3* 2*,6,1.0,False,lesion>control
11758,1-3-0-1-0-8,2 4 1 2 1 3*,6,1.0,False,lesion>control
11759,1-3-0-1-3-0,2 4 1 2 4 1,6,1.0,False,lesion>control
11760,1-3-0-1-3-5,2 4 1 2 4 6,6,1.0,False,lesion>control
11761,1-3-0-1-4-8,2 4 1 2 5 3*,6,1.0,False,lesion>control
11762,1-3-0-1-8-1,2 4 1 2 3* 2,6,1.0,False,control>lesion
11763,1-3-0-3-4-5,2 4 1 4 5 6,6,1.0,False,lesion>control
11764,1-3-0-3-8-3,2 4 1 4 3* 4,6,1.0,False,lesion>control
11765,1-3-0-4-1-0,2 4 1 5 2 1,6,1.0,False,lesion>control
11766,1-3-0-4-5-0,2 4 1 5 6 1,6,1.0,False,control>lesion
11767,1-3-0-4-5-8,2 4 1 5 6 3*,6,1.0,False,lesion>control
11768,1-3-0-4-8-3,2 4 1 5 3* 4,6,1.0,False,lesion>control
11769,1-3-0-5-0-4,2 4 1 6 1 5,6,1.0,False,control>lesion
11770,1-3-0-5-3-8,2 4 1 6 4 3*,6,1.0,False,control>lesion
11771,1-3-0-5-4-5,2 4 1 6 5 6,6,1.0,False,control>lesion
11772,1-3-0-5-4-8,2 4 1 6 5 3*,6,1.0,False,control>lesion
11773,1-3-0-5-8-1,2 4 1 6 3* 2,6,1.0,False,control>lesion
11774,1-3-0-8-0-1,2 4 1 3* 1 2,6,1.0,False,control>lesion
11775,1-3-0-8-0-3,2 4 1 3* 1 4,6,1.0,False,control>lesion
11776,1-3-0-8-3-2,2 4 1 3* 4 3,6,1.0,False,lesion>control
11777,1-3-0-8-3-4,2 4 1 3* 4 5,6,1.0,False,control>lesion
11778,1-3-0-8-3-5,2 4 1 3* 4 6,6,1.0,False,lesion>control
11779,1-3-0-8-4-7,2 4 1 3* 5 2*,6,1.0,False,lesion>control
11780,1-3-0-8-5-2,2 4 1 3* 6 3,6,1.0,False,lesion>control
11781,1-3-0-8-7-0,2 4 1 3* 2* 1,6,1.0,False,control>lesion
11782,1-3-1-0-1-0,2 4 2 1 2 1,6,1.0,False,control>lesion
11783,1-3-1-0-1-3,2 4 2 1 2 4,6,1.0,False,control>lesion
11784,1-3-1-0-3-0,2 4 2 1 4 1,6,1.0,False,lesion>control
11785,1-3-1-0-5-0,2 4 2 1 6 1,6,1.0,False,control>lesion
11786,1-3-1-0-5-1,2 4 2 1 6 2,6,1.0,False,control>lesion
11787,1-3-1-0-8-4,2 4 2 1 3* 5,6,1.0,False,control>lesion
11788,1-3-1-0-8-9,2 4 2 1 3* 4*,6,1.0,False,lesion>control
11789,1-3-1-3-0-3,2 4 2 4 1 4,6,1.0,False,lesion>control
11790,1-3-1-3-0-4,2 4 2 4 1 5,6,1.0,False,lesion>control
11791,1-3-1-3-0-8,2 4 2 4 1 3*,6,1.0,False,lesion>control
11792,1-3-1-3-4-0,2 4 2 4 5 1,6,1.0,False,lesion>control
11793,1-3-1-3-5-1,2 4 2 4 6 2,6,1.0,False,lesion>control
11794,1-3-1-3-8-1,2 4 2 4 3* 2,6,1.0,False,lesion>control
11795,1-3-1-3-8-3,2 4 2 4 3* 4,6,1.0,False,control>lesion
11796,1-3-1-3-8-7,2 4 2 4 3* 2*,6,1.0,False,control>lesion
11797,1-3-1-4-1-4,2 4 2 5 2 5,6,1.0,False,lesion>control
11798,1-3-1-4-5-1,2 4 2 5 6 2,6,1.0,False,lesion>control
11799,1-3-1-4-5-8,2 4 2 5 6 3*,6,1.0,False,control>lesion
11800,1-3-1-4-8-0,2 4 2 5 3* 1,6,1.0,False,lesion>control
11801,1-3-1-4-8-1,2 4 2 5 3* 2,6,1.0,False,lesion>control
11802,1-3-1-5-0-5,2 4 2 6 1 6,6,1.0,False,lesion>control
11803,1-3-1-5-0-8,2 4 2 6 1 3*,6,1.0,False,lesion>control
11804,1-3-1-5-1-3,2 4 2 6 2 4,6,1.0,False,control>lesion
11805,1-3-1-5-8-1,2 4 2 6 3* 2,6,1.0,False,lesion>control
11806,1-3-1-5-8-5,2 4 2 6 3* 6,6,1.0,False,lesion>control
11807,1-3-1-5-8-7,2 4 2 6 3* 2*,6,1.0,False,lesion>control
11808,1-3-1-8-1-3,2 4 2 3* 2 4,6,1.0,False,control>lesion
11809,1-3-1-8-1-5,2 4 2 3* 2 6,6,1.0,False,control>lesion
11810,1-3-1-8-3-4,2 4 2 3* 4 5,6,1.0,False,control>lesion
11811,1-3-1-8-7-0,2 4 2 3* 2* 1,6,1.0,False,control>lesion
11812,1-3-1-8-8-0,2 4 2 3* 3* 1,6,1.0,False,control>lesion
11813,1-3-2-1-3-1,2 4 3 2 4 2,6,1.0,False,lesion>control
11814,1-3-3-8-3-8,2 4 4 3* 4 3*,6,1.0,False,control>lesion
11815,1-3-4-0-3-0,2 4 5 1 4 1,6,1.0,False,lesion>control
11816,1-3-4-0-3-5,2 4 5 1 4 6,6,1.0,False,control>lesion
11817,1-3-4-0-3-8,2 4 5 1 4 3*,6,1.0,False,lesion>control
11818,1-3-4-0-4-5,2 4 5 1 5 6,6,1.0,False,lesion>control
11819,1-3-4-0-5-0,2 4 5 1 6 1,6,1.0,False,control>lesion
11820,1-3-4-0-5-1,2 4 5 1 6 2,6,1.0,False,control>lesion
11821,1-3-4-0-5-8,2 4 5 1 6 3*,6,1.0,False,control>lesion
11822,1-3-4-1-0-3,2 4 5 2 1 4,6,1.0,False,lesion>control
11823,1-3-4-1-0-5,2 4 5 2 1 6,6,1.0,False,control>lesion
11824,1-3-4-1-3-5,2 4 5 2 4 6,6,1.0,False,control>lesion
11825,1-3-4-1-5-1,2 4 5 2 6 2,6,1.0,False,lesion>control
11826,1-3-4-1-5-4,2 4 5 2 6 5,6,1.0,False,lesion>control
11827,1-3-4-3-0-1,2 4 5 4 1 2,6,1.0,False,control>lesion
11828,1-3-4-3-0-8,2 4 5 4 1 3*,6,1.0,False,control>lesion
11829,1-3-4-3-5-8,2 4 5 4 6 3*,6,1.0,False,control>lesion
11830,1-3-4-5-0-4,2 4 5 6 1 5,6,1.0,False,control>lesion
11831,1-3-4-5-0-5,2 4 5 6 1 6,6,1.0,False,control>lesion
11832,1-3-4-5-1-8,2 4 5 6 2 3*,6,1.0,False,control>lesion
11833,1-3-4-5-4-0,2 4 5 6 5 1,6,1.0,False,control>lesion
11834,1-3-4-8-3-4,2 4 5 3* 4 5,6,1.0,False,lesion>control
11835,1-3-4-8-9-8,2 4 5 3* 4* 3*,6,1.0,False,control>lesion
11836,1-3-5-0-3-4,2 4 6 1 4 5,6,1.0,False,lesion>control
11837,1-3-5-0-3-5,2 4 6 1 4 6,6,1.0,False,control>lesion
11838,1-3-5-0-4-3,2 4 6 1 5 4,6,1.0,False,control>lesion
11839,1-3-5-0-4-5,2 4 6 1 5 6,6,1.0,False,lesion>control
11840,1-3-5-0-5-0,2 4 6 1 6 1,6,1.0,False,lesion>control
11841,1-3-5-0-8-5,2 4 6 1 3* 6,6,1.0,False,control>lesion
11842,1-3-5-1-0-8,2 4 6 2 1 3*,6,1.0,False,lesion>control
11843,1-3-5-1-5-4,2 4 6 2 6 5,6,1.0,False,control>lesion
11844,1-3-5-1-5-8,2 4 6 2 6 3*,6,1.0,False,control>lesion
11845,1-3-5-1-8-1,2 4 6 2 3* 2,6,1.0,False,lesion>control
11846,1-3-5-1-8-5,2 4 6 2 3* 6,6,1.0,False,lesion>control
11847,1-3-5-1-8-8,2 4 6 2 3* 3*,6,1.0,False,control>lesion
11848,1-3-5-3-0-4,2 4 6 4 1 5,6,1.0,False,control>lesion
11849,1-3-5-3-0-5,2 4 6 4 1 6,6,1.0,False,control>lesion
11850,1-3-5-3-0-8,2 4 6 4 1 3*,6,1.0,False,control>lesion
11851,1-3-5-3-4-1,2 4 6 4 5 2,6,1.0,False,control>lesion
11852,1-3-5-3-8-3,2 4 6 4 3* 4,6,1.0,False,control>lesion
11853,1-3-5-4-0-8,2 4 6 5 1 3*,6,1.0,False,control>lesion
11854,1-3-5-4-1-0,2 4 6 5 2 1,6,1.0,False,control>lesion
11855,1-3-5-4-3-0,2 4 6 5 4 1,6,1.0,False,control>lesion
11856,1-3-5-4-3-1,2 4 6 5 4 2,6,1.0,False,control>lesion
11857,1-3-5-4-3-5,2 4 6 5 4 6,6,1.0,False,lesion>control
11858,1-3-5-4-5-4,2 4 6 5 6 5,6,1.0,False,control>lesion
11859,1-3-5-4-5-8,2 4 6 5 6 3*,6,1.0,False,control>lesion
11860,1-3-5-4-8-3,2 4 6 5 3* 4,6,1.0,False,lesion>control
11861,1-3-5-8-0-5,2 4 6 3* 1 6,6,1.0,False,lesion>control
11862,1-3-5-8-0-7,2 4 6 3* 1 2*,6,1.0,False,control>lesion
11863,1-3-5-8-4-8,2 4 6 3* 5 3*,6,1.0,False,lesion>control
11864,1-3-5-8-5-3,2 4 6 3* 6 4,6,1.0,False,control>lesion
11865,1-3-8-0-1-5,2 4 3* 1 2 6,6,1.0,False,lesion>control
11866,1-3-8-0-3-0,2 4 3* 1 4 1,6,1.0,False,lesion>control
11867,1-3-8-0-7-5,2 4 3* 1 2* 6,6,1.0,False,control>lesion
11868,1-3-8-0-8-3,2 4 3* 1 3* 4,6,1.0,False,lesion>control
11869,1-3-8-0-8-5,2 4 3* 1 3* 6,6,1.0,False,lesion>control
11870,1-3-8-0-9-5,2 4 3* 1 4* 6,6,1.0,False,control>lesion
11871,1-3-8-1-0-1,2 4 3* 2 1 2,6,1.0,False,control>lesion
11872,1-3-8-1-0-2,2 4 3* 2 1 3,6,1.0,False,control>lesion
11873,1-3-8-1-0-8,2 4 3* 2 1 3*,6,1.0,False,lesion>control
11874,1-3-8-1-2-3,2 4 3* 2 3 4,6,1.0,False,lesion>control
11875,1-3-8-1-4-5,2 4 3* 2 5 6,6,1.0,False,lesion>control
11876,1-3-8-1-5-8,2 4 3* 2 6 3*,6,1.0,False,lesion>control
11877,1-3-8-1-8-0,2 4 3* 2 3* 1,6,1.0,False,control>lesion
11878,1-3-8-1-8-3,2 4 3* 2 3* 4,6,1.0,False,lesion>control
11879,1-3-8-1-8-7,2 4 3* 2 3* 2*,6,1.0,False,lesion>control
11880,1-3-8-1-8-9,2 4 3* 2 3* 4*,6,1.0,False,lesion>control
11881,1-3-8-3-0-1,2 4 3* 4 1 2,6,1.0,False,control>lesion
11882,1-3-8-3-0-3,2 4 3* 4 1 4,6,1.0,False,control>lesion
11883,1-3-8-3-1-3,2 4 3* 4 2 4,6,1.0,False,control>lesion
11884,1-3-8-3-2-8,2 4 3* 4 3 3*,6,1.0,False,lesion>control
11885,1-3-8-3-3-8,2 4 3* 4 4 3*,6,1.0,False,control>lesion
11886,1-3-8-3-5-3,2 4 3* 4 6 4,6,1.0,False,control>lesion
11887,1-3-8-3-7-8,2 4 3* 4 2* 3*,6,1.0,False,lesion>control
11888,1-3-8-3-8-1,2 4 3* 4 3* 2,6,1.0,False,lesion>control
11889,1-3-8-3-8-4,2 4 3* 4 3* 5,6,1.0,False,control>lesion
11890,1-3-8-4-3-2,2 4 3* 5 4 3,6,1.0,False,control>lesion
11891,1-3-8-4-8-5,2 4 3* 5 3* 6,6,1.0,False,lesion>control
11892,1-3-8-5-0-1,2 4 3* 6 1 2,6,1.0,False,lesion>control
11893,1-3-8-5-0-3,2 4 3* 6 1 4,6,1.0,False,control>lesion
11894,1-3-8-5-0-5,2 4 3* 6 1 6,6,1.0,False,lesion>control
11895,1-3-8-5-2-4,2 4 3* 6 3 5,6,1.0,False,control>lesion
11896,1-3-8-5-3-1,2 4 3* 6 4 2,6,1.0,False,control>lesion
11897,1-3-8-5-3-7,2 4 3* 6 4 2*,6,1.0,False,control>lesion
11898,1-3-8-5-4-2,2 4 3* 6 5 3,6,1.0,False,control>lesion
11899,1-3-8-5-4-3,2 4 3* 6 5 4,6,1.0,False,control>lesion
11900,1-3-8-5-4-8,2 4 3* 6 5 3*,6,1.0,False,lesion>control
11901,1-3-8-5-4-9,2 4 3* 6 5 4*,6,1.0,False,lesion>control
11902,1-3-8-7-2-0,2 4 3* 2* 3 1,6,1.0,False,lesion>control
11903,1-3-8-7-2-1,2 4 3* 2* 3 2,6,1.0,False,lesion>control
11904,1-3-8-7-3-4,2 4 3* 2* 4 5,6,1.0,False,control>lesion
11905,1-3-8-7-8-0,2 4 3* 2* 3* 1,6,1.0,False,lesion>control
11906,1-3-8-7-8-3,2 4 3* 2* 3* 4,6,1.0,False,lesion>control
11907,1-3-8-7-8-5,2 4 3* 2* 3* 6,6,1.0,False,lesion>control
11908,1-3-8-9-1-8,2 4 3* 4* 2 3*,6,1.0,False,control>lesion
11909,1-3-8-9-8-3,2 4 3* 4* 3* 4,6,1.0,False,lesion>control
11910,1-4-0-1-0-5,2 5 1 2 1 6,6,1.0,False,control>lesion
11911,1-4-0-1-8-9,2 5 1 2 3* 4*,6,1.0,False,lesion>control
11912,1-4-0-4-0-3,2 5 1 5 1 4,6,1.0,False,lesion>control
11913,1-4-0-5-0-3,2 5 1 6 1 4,6,1.0,False,control>lesion
11914,1-4-0-5-0-5,2 5 1 6 1 6,6,1.0,False,lesion>control
11915,1-4-0-5-8-5,2 5 1 6 3* 6,6,1.0,False,lesion>control
11916,1-4-0-8-9-4,2 5 1 3* 4* 5,6,1.0,False,lesion>control
11917,1-4-1-0-5-8,2 5 2 1 6 3*,6,1.0,False,lesion>control
11918,1-4-1-3-8-3,2 5 2 4 3* 4,6,1.0,False,lesion>control
11919,1-4-1-3-8-7,2 5 2 4 3* 2*,6,1.0,False,lesion>control
11920,1-4-1-4-1-4,2 5 2 5 2 5,6,1.0,False,lesion>control
11921,1-4-1-4-2-0,2 5 2 5 3 1,6,1.0,False,lesion>control
11922,1-4-1-8-1-0,2 5 2 3* 2 1,6,1.0,False,control>lesion
11923,1-4-2-0-2-1,2 5 3 1 3 2,6,1.0,False,lesion>control
11924,1-4-2-0-2-5,2 5 3 1 3 6,6,1.0,False,control>lesion
11925,1-4-2-1-1-0,2 5 3 2 2 1,6,1.0,False,lesion>control
11926,1-4-2-1-9-8,2 5 3 2 4* 3*,6,1.0,False,lesion>control
11927,1-4-3-0-5-8,2 5 4 1 6 3*,6,1.0,False,control>lesion
11928,1-4-3-5-4-1,2 5 4 6 5 2,6,1.0,False,lesion>control
11929,1-4-3-8-0-3,2 5 4 3* 1 4,6,1.0,False,lesion>control
11930,1-4-3-8-1-8,2 5 4 3* 2 3*,6,1.0,False,control>lesion
11931,1-4-3-8-3-8,2 5 4 3* 4 3*,6,1.0,False,control>lesion
11932,1-4-3-8-7-5,2 5 4 3* 2* 6,6,1.0,False,lesion>control
11933,1-4-5-0-3-0,2 5 6 1 4 1,6,1.0,False,lesion>control
11934,1-4-5-0-4-0,2 5 6 1 5 1,6,1.0,False,control>lesion
11935,1-4-5-0-8-1,2 5 6 1 3* 2,6,1.0,False,lesion>control
11936,1-4-5-0-8-9,2 5 6 1 3* 4*,6,1.0,False,control>lesion
11937,1-4-5-1-0-3,2 5 6 2 1 4,6,1.0,False,control>lesion
11938,1-4-5-1-0-5,2 5 6 2 1 6,6,1.0,False,lesion>control
11939,1-4-5-3-0-5,2 5 6 4 1 6,6,1.0,False,control>lesion
11940,1-4-5-3-4-5,2 5 6 4 5 6,6,1.0,False,lesion>control
11941,1-4-5-3-5-8,2 5 6 4 6 3*,6,1.0,False,control>lesion
11942,1-4-5-3-8-7,2 5 6 4 3* 2*,6,1.0,False,lesion>control
11943,1-4-5-4-0-8,2 5 6 5 1 3*,6,1.0,False,control>lesion
11944,1-4-5-4-3-8,2 5 6 5 4 3*,6,1.0,False,control>lesion
11945,1-4-5-4-5-4,2 5 6 5 6 5,6,1.0,False,control>lesion
11946,1-4-5-4-8-1,2 5 6 5 3* 2,6,1.0,False,lesion>control
11947,1-4-5-4-8-9,2 5 6 5 3* 4*,6,1.0,False,control>lesion
11948,1-4-5-8-0-3,2 5 6 3* 1 4,6,1.0,False,control>lesion
11949,1-4-5-8-3-4,2 5 6 3* 4 5,6,1.0,False,control>lesion
11950,1-4-5-8-4-1,2 5 6 3* 5 2,6,1.0,False,control>lesion
11951,1-4-5-8-5-8,2 5 6 3* 6 3*,6,1.0,False,lesion>control
11952,1-4-5-8-9-5,2 5 6 3* 4* 6,6,1.0,False,control>lesion
11953,1-4-8-0-1-0,2 5 3* 1 2 1,6,1.0,False,control>lesion
11954,1-4-8-0-1-8,2 5 3* 1 2 3*,6,1.0,False,lesion>control
11955,1-4-8-0-2-1,2 5 3* 1 3 2,6,1.0,False,control>lesion
11956,1-4-8-0-2-9,2 5 3* 1 3 4*,6,1.0,False,control>lesion
11957,1-4-8-0-3-5,2 5 3* 1 4 6,6,1.0,False,lesion>control
11958,1-4-8-1-0-1,2 5 3* 2 1 2,6,1.0,False,control>lesion
11959,1-4-8-1-0-3,2 5 3* 2 1 4,6,1.0,False,lesion>control
11960,1-4-8-1-0-4,2 5 3* 2 1 5,6,1.0,False,lesion>control
11961,1-4-8-1-0-5,2 5 3* 2 1 6,6,1.0,False,lesion>control
11962,1-4-8-1-3-1,2 5 3* 2 4 2,6,1.0,False,control>lesion
11963,1-4-8-1-5-1,2 5 3* 2 6 2,6,1.0,False,lesion>control
11964,1-4-8-1-8-7,2 5 3* 2 3* 2*,6,1.0,False,lesion>control
11965,1-4-8-1-8-9,2 5 3* 2 3* 4*,6,1.0,False,lesion>control
11966,1-4-8-3-2-1,2 5 3* 4 3 2,6,1.0,False,lesion>control
11967,1-4-8-5-1-4,2 5 3* 6 2 5,6,1.0,False,lesion>control
11968,1-4-8-5-2-1,2 5 3* 6 3 2,6,1.0,False,lesion>control
11969,1-4-8-5-3-8,2 5 3* 6 4 3*,6,1.0,False,lesion>control
11970,1-4-8-9-4-3,2 5 3* 4* 5 4,6,1.0,False,lesion>control
11971,1-4-8-9-8-3,2 5 3* 4* 3* 4,6,1.0,False,lesion>control
11972,1-4-8-9-8-5,2 5 3* 4* 3* 6,6,1.0,False,control>lesion
11973,1-5-0-1-3-1,2 6 1 2 4 2,6,1.0,False,lesion>control
11974,1-5-0-1-3-8,2 6 1 2 4 3*,6,1.0,False,lesion>control
11975,1-5-0-1-4-0,2 6 1 2 5 1,6,1.0,False,lesion>control
11976,1-5-0-1-5-4,2 6 1 2 6 5,6,1.0,False,lesion>control
11977,1-5-0-1-5-8,2 6 1 2 6 3*,6,1.0,False,control>lesion
11978,1-5-0-3-0-5,2 6 1 4 1 6,6,1.0,False,control>lesion
11979,1-5-0-3-8-0,2 6 1 4 3* 1,6,1.0,False,lesion>control
11980,1-5-0-4-5-0,2 6 1 5 6 1,6,1.0,False,lesion>control
11981,1-5-0-5-0-8,2 6 1 6 1 3*,6,1.0,False,lesion>control
11982,1-5-0-5-3-0,2 6 1 6 4 1,6,1.0,False,control>lesion
11983,1-5-0-5-3-8,2 6 1 6 4 3*,6,1.0,False,control>lesion
11984,1-5-0-5-8-9,2 6 1 6 3* 4*,6,1.0,False,control>lesion
11985,1-5-0-8-0-5,2 6 1 3* 1 6,6,1.0,False,lesion>control
11986,1-5-0-8-1-3,2 6 1 3* 2 4,6,1.0,False,lesion>control
11987,1-5-0-8-5-8,2 6 1 3* 6 3*,6,1.0,False,control>lesion
11988,1-5-0-8-8-9,2 6 1 3* 3* 4*,6,1.0,False,control>lesion
11989,1-5-0-9-1-8,2 6 1 4* 2 3*,6,1.0,False,control>lesion
11990,1-5-1-0-1-0,2 6 2 1 2 1,6,1.0,False,control>lesion
11991,1-5-1-0-3-1,2 6 2 1 4 2,6,1.0,False,control>lesion
11992,1-5-1-0-5-1,2 6 2 1 6 2,6,1.0,False,lesion>control
11993,1-5-1-2-1-2,2 6 2 3 2 3,6,1.0,False,control>lesion
11994,1-5-1-3-1-3,2 6 2 4 2 4,6,1.0,False,control>lesion
11995,1-5-1-3-3-8,2 6 2 4 4 3*,6,1.0,False,control>lesion
11996,1-5-1-3-5-8,2 6 2 4 6 3*,6,1.0,False,lesion>control
11997,1-5-1-3-8-3,2 6 2 4 3* 4,6,1.0,False,lesion>control
11998,1-5-1-4-1-3,2 6 2 5 2 4,6,1.0,False,lesion>control
11999,1-5-1-4-5-1,2 6 2 5 6 2,6,1.0,False,control>lesion
12000,1-5-1-4-8-1,2 6 2 5 3* 2,6,1.0,False,lesion>control
12001,1-5-1-5-1-0,2 6 2 6 2 1,6,1.0,False,control>lesion
12002,1-5-1-5-4-5,2 6 2 6 5 6,6,1.0,False,lesion>control
12003,1-5-1-5-8-0,2 6 2 6 3* 1,6,1.0,False,lesion>control
12004,1-5-1-5-8-9,2 6 2 6 3* 4*,6,1.0,False,lesion>control
12005,1-5-1-8-0-1,2 6 2 3* 1 2,6,1.0,False,control>lesion
12006,1-5-1-8-0-5,2 6 2 3* 1 6,6,1.0,False,control>lesion
12007,1-5-1-8-0-9,2 6 2 3* 1 4*,6,1.0,False,lesion>control
12008,1-5-1-8-1-8,2 6 2 3* 2 3*,6,1.0,False,lesion>control
12009,1-5-1-8-7-3,2 6 2 3* 2* 4,6,1.0,False,control>lesion
12010,1-5-2-1-4-3,2 6 3 2 5 4,6,1.0,False,lesion>control
12011,1-5-2-3-8-3,2 6 3 4 3* 4,6,1.0,False,lesion>control
12012,1-5-2-5-3-4,2 6 3 6 4 5,6,1.0,False,control>lesion
12013,1-5-2-9-8-7,2 6 3 4* 3* 2*,6,1.0,False,lesion>control
12014,1-5-3-0-1-0,2 6 4 1 2 1,6,1.0,False,control>lesion
12015,1-5-3-0-1-4,2 6 4 1 2 5,6,1.0,False,lesion>control
12016,1-5-3-0-3-5,2 6 4 1 4 6,6,1.0,False,lesion>control
12017,1-5-3-1-0-5,2 6 4 2 1 6,6,1.0,False,control>lesion
12018,1-5-3-1-5-8,2 6 4 2 6 3*,6,1.0,False,lesion>control
12019,1-5-3-4-0-1,2 6 4 5 1 2,6,1.0,False,control>lesion
12020,1-5-3-4-0-3,2 6 4 5 1 4,6,1.0,False,lesion>control
12021,1-5-3-4-5-0,2 6 4 5 6 1,6,1.0,False,control>lesion
12022,1-5-3-5-3-0,2 6 4 6 4 1,6,1.0,False,control>lesion
12023,1-5-3-5-4-3,2 6 4 6 5 4,6,1.0,False,control>lesion
12024,1-5-3-5-8-7,2 6 4 6 3* 2*,6,1.0,False,control>lesion
12025,1-5-3-8-0-5,2 6 4 3* 1 6,6,1.0,False,control>lesion
12026,1-5-3-8-4-3,2 6 4 3* 5 4,6,1.0,False,lesion>control
12027,1-5-3-8-4-8,2 6 4 3* 5 3*,6,1.0,False,lesion>control
12028,1-5-3-8-5-0,2 6 4 3* 6 1,6,1.0,False,lesion>control
12029,1-5-3-8-5-2,2 6 4 3* 6 3,6,1.0,False,lesion>control
12030,1-5-3-8-7-5,2 6 4 3* 2* 6,6,1.0,False,lesion>control
12031,1-5-4-0-1-3,2 6 5 1 2 4,6,1.0,False,control>lesion
12032,1-5-4-0-1-8,2 6 5 1 2 3*,6,1.0,False,lesion>control
12033,1-5-4-0-3-5,2 6 5 1 4 6,6,1.0,False,control>lesion
12034,1-5-4-0-8-5,2 6 5 1 3* 6,6,1.0,False,control>lesion
12035,1-5-4-0-8-9,2 6 5 1 3* 4*,6,1.0,False,control>lesion
12036,1-5-4-1-0-5,2 6 5 2 1 6,6,1.0,False,lesion>control
12037,1-5-4-1-5-4,2 6 5 2 6 5,6,1.0,False,lesion>control
12038,1-5-4-3-0-1,2 6 5 4 1 2,6,1.0,False,control>lesion
12039,1-5-4-3-0-5,2 6 5 4 1 6,6,1.0,False,control>lesion
12040,1-5-4-3-5-1,2 6 5 4 6 2,6,1.0,False,control>lesion
12041,1-5-4-3-8-3,2 6 5 4 3* 4,6,1.0,False,control>lesion
12042,1-5-4-5-0-5,2 6 5 6 1 6,6,1.0,False,lesion>control
12043,1-5-4-5-8-0,2 6 5 6 3* 1,6,1.0,False,lesion>control
12044,1-5-4-5-8-5,2 6 5 6 3* 6,6,1.0,False,control>lesion
12045,1-5-4-8-0-9,2 6 5 3* 1 4*,6,1.0,False,control>lesion
12046,1-5-4-8-1-5,2 6 5 3* 2 6,6,1.0,False,lesion>control
12047,1-5-4-8-3-5,2 6 5 3* 4 6,6,1.0,False,lesion>control
12048,1-5-4-8-9-5,2 6 5 3* 4* 6,6,1.0,False,control>lesion
12049,1-5-4-9-2-1,2 6 5 4* 3 2,6,1.0,False,lesion>control
12050,1-5-8-0-1-0,2 6 3* 1 2 1,6,1.0,False,control>lesion
12051,1-5-8-0-1-3,2 6 3* 1 2 4,6,1.0,False,control>lesion
12052,1-5-8-0-2-5,2 6 3* 1 3 6,6,1.0,False,lesion>control
12053,1-5-8-0-3-0,2 6 3* 1 4 1,6,1.0,False,lesion>control
12054,1-5-8-0-3-5,2 6 3* 1 4 6,6,1.0,False,control>lesion
12055,1-5-8-0-5-1,2 6 3* 1 6 2,6,1.0,False,lesion>control
12056,1-5-8-0-5-2,2 6 3* 1 6 3,6,1.0,False,control>lesion
12057,1-5-8-0-5-4,2 6 3* 1 6 5,6,1.0,False,lesion>control
12058,1-5-8-0-5-8,2 6 3* 1 6 3*,6,1.0,False,lesion>control
12059,1-5-8-0-8-0,2 6 3* 1 3* 1,6,1.0,False,lesion>control
12060,1-5-8-0-9-3,2 6 3* 1 4* 4,6,1.0,False,lesion>control
12061,1-5-8-1-0-5,2 6 3* 2 1 6,6,1.0,False,lesion>control
12062,1-5-8-1-2-1,2 6 3* 2 3 2,6,1.0,False,lesion>control
12063,1-5-8-1-3-0,2 6 3* 2 4 1,6,1.0,False,control>lesion
12064,1-5-8-1-4-1,2 6 3* 2 5 2,6,1.0,False,lesion>control
12065,1-5-8-1-4-2,2 6 3* 2 5 3,6,1.0,False,lesion>control
12066,1-5-8-1-5-0,2 6 3* 2 6 1,6,1.0,False,control>lesion
12067,1-5-8-1-5-1,2 6 3* 2 6 2,6,1.0,False,control>lesion
12068,1-5-8-4-2-1,2 6 3* 5 3 2,6,1.0,False,lesion>control
12069,1-5-8-4-8-1,2 6 3* 5 3* 2,6,1.0,False,lesion>control
12070,1-5-8-5-0-4,2 6 3* 6 1 5,6,1.0,False,lesion>control
12071,1-5-8-5-1-0,2 6 3* 6 2 1,6,1.0,False,lesion>control
12072,1-5-8-5-2-1,2 6 3* 6 3 2,6,1.0,False,lesion>control
12073,1-5-8-5-8-0,2 6 3* 6 3* 1,6,1.0,False,lesion>control
12074,1-5-8-7-3-4,2 6 3* 2* 4 5,6,1.0,False,control>lesion
12075,1-5-8-7-8-1,2 6 3* 2* 3* 2,6,1.0,False,lesion>control
12076,1-5-8-8-9-8,2 6 3* 3* 4* 3*,6,1.0,False,lesion>control
12077,1-5-8-9-1-5,2 6 3* 4* 2 6,6,1.0,False,lesion>control
12078,1-5-8-9-1-8,2 6 3* 4* 2 3*,6,1.0,False,lesion>control
12079,1-5-8-9-5-3,2 6 3* 4* 6 4,6,1.0,False,lesion>control
12080,1-5-8-9-5-4,2 6 3* 4* 6 5,6,1.0,False,control>lesion
12081,1-5-8-9-8-0,2 6 3* 4* 3* 1,6,1.0,False,control>lesion
12082,1-5-8-9-8-3,2 6 3* 4* 3* 4,6,1.0,False,lesion>control
12083,1-5-8-9-8-5,2 6 3* 4* 3* 6,6,1.0,False,lesion>control
12084,1-8-0-0-1-0,2 3* 1 1 2 1,6,1.0,False,control>lesion
12085,1-8-0-1-0-3,2 3* 1 2 1 4,6,1.0,False,control>lesion
12086,1-8-0-1-0-8,2 3* 1 2 1 3*,6,1.0,False,lesion>control
12087,1-8-0-1-3-0,2 3* 1 2 4 1,6,1.0,False,lesion>control
12088,1-8-0-1-3-5,2 3* 1 2 4 6,6,1.0,False,control>lesion
12089,1-8-0-1-8-4,2 3* 1 2 3* 5,6,1.0,False,lesion>control
12090,1-8-0-1-8-5,2 3* 1 2 3* 6,6,1.0,False,control>lesion
12091,1-8-0-1-9-5,2 3* 1 2 4* 6,6,1.0,False,control>lesion
12092,1-8-0-2-0-9,2 3* 1 3 1 4*,6,1.0,False,control>lesion
12093,1-8-0-2-3-5,2 3* 1 3 4 6,6,1.0,False,control>lesion
12094,1-8-0-2-9-4,2 3* 1 3 4* 5,6,1.0,False,control>lesion
12095,1-8-0-3-1-0,2 3* 1 4 2 1,6,1.0,False,control>lesion
12096,1-8-0-3-5-3,2 3* 1 4 6 4,6,1.0,False,control>lesion
12097,1-8-0-3-8-7,2 3* 1 4 3* 2*,6,1.0,False,lesion>control
12098,1-8-0-4-2-7,2 3* 1 5 3 2*,6,1.0,False,lesion>control
12099,1-8-0-4-5-3,2 3* 1 5 6 4,6,1.0,False,control>lesion
12100,1-8-0-4-8-7,2 3* 1 5 3* 2*,6,1.0,False,lesion>control
12101,1-8-0-5-0-3,2 3* 1 6 1 4,6,1.0,False,control>lesion
12102,1-8-0-5-8-8,2 3* 1 6 3* 3*,6,1.0,False,control>lesion
12103,1-8-0-8-0-2,2 3* 1 3* 1 3,6,1.0,False,lesion>control
12104,1-8-0-8-3-0,2 3* 1 3* 4 1,6,1.0,False,control>lesion
12105,1-8-0-8-5-1,2 3* 1 3* 6 2,6,1.0,False,lesion>control
12106,1-8-0-8-7-8,2 3* 1 3* 2* 3*,6,1.0,False,lesion>control
12107,1-8-0-8-9-4,2 3* 1 3* 4* 5,6,1.0,False,control>lesion
12108,1-8-0-9-1-3,2 3* 1 4* 2 4,6,1.0,False,lesion>control
12109,1-8-0-9-1-8,2 3* 1 4* 2 3*,6,1.0,False,lesion>control
12110,1-8-0-9-5-0,2 3* 1 4* 6 1,6,1.0,False,lesion>control
12111,1-8-0-9-5-3,2 3* 1 4* 6 4,6,1.0,False,lesion>control
12112,1-8-1-0-1-4,2 3* 2 1 2 5,6,1.0,False,lesion>control
12113,1-8-1-0-2-0,2 3* 2 1 3 1,6,1.0,False,lesion>control
12114,1-8-1-0-3-4,2 3* 2 1 4 5,6,1.0,False,control>lesion
12115,1-8-1-0-4-3,2 3* 2 1 5 4,6,1.0,False,lesion>control
12116,1-8-1-0-5-1,2 3* 2 1 6 2,6,1.0,False,control>lesion
12117,1-8-1-0-5-4,2 3* 2 1 6 5,6,1.0,False,control>lesion
12118,1-8-1-0-8-4,2 3* 2 1 3* 5,6,1.0,False,lesion>control
12119,1-8-1-2-0-1,2 3* 2 3 1 2,6,1.0,False,control>lesion
12120,1-8-1-2-1-3,2 3* 2 3 2 4,6,1.0,False,lesion>control
12121,1-8-1-2-1-5,2 3* 2 3 2 6,6,1.0,False,control>lesion
12122,1-8-1-2-1-8,2 3* 2 3 2 3*,6,1.0,False,control>lesion
12123,1-8-1-2-5-3,2 3* 2 3 6 4,6,1.0,False,lesion>control
12124,1-8-1-2-8-7,2 3* 2 3 3* 2*,6,1.0,False,lesion>control
12125,1-8-1-2-9-5,2 3* 2 3 4* 6,6,1.0,False,control>lesion
12126,1-8-1-3-0-5,2 3* 2 4 1 6,6,1.0,False,control>lesion
12127,1-8-1-3-0-8,2 3* 2 4 1 3*,6,1.0,False,lesion>control
12128,1-8-1-3-5-0,2 3* 2 4 6 1,6,1.0,False,control>lesion
12129,1-8-1-3-5-4,2 3* 2 4 6 5,6,1.0,False,control>lesion
12130,1-8-1-3-8-0,2 3* 2 4 3* 1,6,1.0,False,lesion>control
12131,1-8-1-3-8-4,2 3* 2 4 3* 5,6,1.0,False,lesion>control
12132,1-8-1-3-8-5,2 3* 2 4 3* 6,6,1.0,False,control>lesion
12133,1-8-1-4-2-1,2 3* 2 5 3 2,6,1.0,False,lesion>control
12134,1-8-1-4-8-0,2 3* 2 5 3* 1,6,1.0,False,control>lesion
12135,1-8-1-4-8-9,2 3* 2 5 3* 4*,6,1.0,False,lesion>control
12136,1-8-1-5-0-3,2 3* 2 6 1 4,6,1.0,False,control>lesion
12137,1-8-1-5-0-9,2 3* 2 6 1 4*,6,1.0,False,control>lesion
12138,1-8-1-5-3-5,2 3* 2 6 4 6,6,1.0,False,control>lesion
12139,1-8-1-5-8-7,2 3* 2 6 3* 2*,6,1.0,False,control>lesion
12140,1-8-1-8-0-8,2 3* 2 3* 1 3*,6,1.0,False,lesion>control
12141,1-8-1-8-0-9,2 3* 2 3* 1 4*,6,1.0,False,lesion>control
12142,1-8-1-8-3-8,2 3* 2 3* 4 3*,6,1.0,False,lesion>control
12143,1-8-1-8-5-0,2 3* 2 3* 6 1,6,1.0,False,control>lesion
12144,1-8-1-8-5-1,2 3* 2 3* 6 2,6,1.0,False,lesion>control
12145,1-8-1-8-7-4,2 3* 2 3* 2* 5,6,1.0,False,lesion>control
12146,1-8-1-8-7-5,2 3* 2 3* 2* 6,6,1.0,False,control>lesion
12147,1-8-1-8-9-0,2 3* 2 3* 4* 1,6,1.0,False,control>lesion
12148,1-8-1-9-8-7,2 3* 2 4* 3* 2*,6,1.0,False,lesion>control
12149,1-8-3-1-8-1,2 3* 4 2 3* 2,6,1.0,False,control>lesion
12150,1-8-3-1-8-9,2 3* 4 2 3* 4*,6,1.0,False,lesion>control
12151,1-8-3-2-1-2,2 3* 4 3 2 3,6,1.0,False,lesion>control
12152,1-8-3-2-3-2,2 3* 4 3 4 3,6,1.0,False,lesion>control
12153,1-8-3-2-4-2,2 3* 4 3 5 3,6,1.0,False,lesion>control
12154,1-8-3-2-7-0,2 3* 4 3 2* 1,6,1.0,False,lesion>control
12155,1-8-3-2-7-8,2 3* 4 3 2* 3*,6,1.0,False,control>lesion
12156,1-8-3-4-5-1,2 3* 4 5 6 2,6,1.0,False,control>lesion
12157,1-8-3-4-5-2,2 3* 4 5 6 3,6,1.0,False,lesion>control
12158,1-8-3-5-0-1,2 3* 4 6 1 2,6,1.0,False,control>lesion
12159,1-8-3-5-1-3,2 3* 4 6 2 4,6,1.0,False,control>lesion
12160,1-8-3-5-2-0,2 3* 4 6 3 1,6,1.0,False,control>lesion
12161,1-8-3-5-4-0,2 3* 4 6 5 1,6,1.0,False,control>lesion
12162,1-8-3-8-1-2,2 3* 4 3* 2 3,6,1.0,False,lesion>control
12163,1-8-3-8-5-2,2 3* 4 3* 6 3,6,1.0,False,lesion>control
12164,1-8-4-0-1-3,2 3* 5 1 2 4,6,1.0,False,lesion>control
12165,1-8-4-0-1-8,2 3* 5 1 2 3*,6,1.0,False,lesion>control
12166,1-8-4-1-0-8,2 3* 5 2 1 3*,6,1.0,False,lesion>control
12167,1-8-4-2-1-2,2 3* 5 3 2 3,6,1.0,False,lesion>control
12168,1-8-4-2-1-3,2 3* 5 3 2 4,6,1.0,False,control>lesion
12169,1-8-4-2-4-9,2 3* 5 3 5 4*,6,1.0,False,lesion>control
12170,1-8-4-3-8-0,2 3* 5 4 3* 1,6,1.0,False,lesion>control
12171,1-8-4-3-8-3,2 3* 5 4 3* 4,6,1.0,False,control>lesion
12172,1-8-4-3-8-4,2 3* 5 4 3* 5,6,1.0,False,lesion>control
12173,1-8-4-5-0-1,2 3* 5 6 1 2,6,1.0,False,lesion>control
12174,1-8-4-5-0-9,2 3* 5 6 1 4*,6,1.0,False,lesion>control
12175,1-8-4-5-1-8,2 3* 5 6 2 3*,6,1.0,False,lesion>control
12176,1-8-4-5-3-1,2 3* 5 6 4 2,6,1.0,False,control>lesion
12177,1-8-4-5-3-8,2 3* 5 6 4 3*,6,1.0,False,control>lesion
12178,1-8-4-5-4-5,2 3* 5 6 5 6,6,1.0,False,control>lesion
12179,1-8-4-5-8-0,2 3* 5 6 3* 1,6,1.0,False,control>lesion
12180,1-8-4-5-8-7,2 3* 5 6 3* 2*,6,1.0,False,lesion>control
12181,1-8-4-8-1-0,2 3* 5 3* 2 1,6,1.0,False,lesion>control
12182,1-8-4-8-1-3,2 3* 5 3* 2 4,6,1.0,False,lesion>control
12183,1-8-4-8-4-5,2 3* 5 3* 5 6,6,1.0,False,control>lesion
12184,1-8-4-8-7-0,2 3* 5 3* 2* 1,6,1.0,False,lesion>control
12185,1-8-4-9-8-7,2 3* 5 4* 3* 2*,6,1.0,False,control>lesion
12186,1-8-5-0-1-5,2 3* 6 1 2 6,6,1.0,False,lesion>control
12187,1-8-5-0-1-8,2 3* 6 1 2 3*,6,1.0,False,control>lesion
12188,1-8-5-0-3-8,2 3* 6 1 4 3*,6,1.0,False,control>lesion
12189,1-8-5-0-5-1,2 3* 6 1 6 2,6,1.0,False,control>lesion
12190,1-8-5-0-5-4,2 3* 6 1 6 5,6,1.0,False,control>lesion
12191,1-8-5-0-7-5,2 3* 6 1 2* 6,6,1.0,False,lesion>control
12192,1-8-5-1-3-1,2 3* 6 2 4 2,6,1.0,False,control>lesion
12193,1-8-5-1-8-1,2 3* 6 2 3* 2,6,1.0,False,lesion>control
12194,1-8-5-1-8-9,2 3* 6 2 3* 4*,6,1.0,False,lesion>control
12195,1-8-5-1-9-8,2 3* 6 2 4* 3*,6,1.0,False,control>lesion
12196,1-8-5-2-4-8,2 3* 6 3 5 3*,6,1.0,False,lesion>control
12197,1-8-5-2-8-5,2 3* 6 3 3* 6,6,1.0,False,lesion>control
12198,1-8-5-2-9-1,2 3* 6 3 4* 2,6,1.0,False,control>lesion
12199,1-8-5-3-4-5,2 3* 6 4 5 6,6,1.0,False,control>lesion
12200,1-8-5-3-5-3,2 3* 6 4 6 4,6,1.0,False,lesion>control
12201,1-8-5-3-8-3,2 3* 6 4 3* 4,6,1.0,False,control>lesion
12202,1-8-5-4-0-1,2 3* 6 5 1 2,6,1.0,False,control>lesion
12203,1-8-5-4-1-3,2 3* 6 5 2 4,6,1.0,False,control>lesion
12204,1-8-5-4-1-8,2 3* 6 5 2 3*,6,1.0,False,lesion>control
12205,1-8-5-4-3-4,2 3* 6 5 4 5,6,1.0,False,control>lesion
12206,1-8-5-4-9-8,2 3* 6 5 4* 3*,6,1.0,False,lesion>control
12207,1-8-5-8-0-8,2 3* 6 3* 1 3*,6,1.0,False,control>lesion
12208,1-8-5-8-7-8,2 3* 6 3* 2* 3*,6,1.0,False,lesion>control
12209,1-8-5-8-9-4,2 3* 6 3* 4* 5,6,1.0,False,control>lesion
12210,1-8-7-0-1-4,2 3* 2* 1 2 5,6,1.0,False,control>lesion
12211,1-8-7-0-3-4,2 3* 2* 1 4 5,6,1.0,False,lesion>control
12212,1-8-7-0-3-5,2 3* 2* 1 4 6,6,1.0,False,control>lesion
12213,1-8-7-0-4-8,2 3* 2* 1 5 3*,6,1.0,False,lesion>control
12214,1-8-7-0-8-9,2 3* 2* 1 3* 4*,6,1.0,False,control>lesion
12215,1-8-7-3-1-0,2 3* 2* 4 2 1,6,1.0,False,control>lesion
12216,1-8-7-4-8-9,2 3* 2* 5 3* 4*,6,1.0,False,lesion>control
12217,1-8-7-5-4-5,2 3* 2* 6 5 6,6,1.0,False,control>lesion
12218,1-8-7-5-8-4,2 3* 2* 6 3* 5,6,1.0,False,lesion>control
12219,1-8-7-8-1-0,2 3* 2* 3* 2 1,6,1.0,False,lesion>control
12220,1-8-7-8-9-4,2 3* 2* 3* 4* 5,6,1.0,False,control>lesion
12221,1-8-8-0-1-8,2 3* 3* 1 2 3*,6,1.0,False,control>lesion
12222,1-8-8-0-4-8,2 3* 3* 1 5 3*,6,1.0,False,lesion>control
12223,1-8-8-5-3-1,2 3* 3* 6 4 2,6,1.0,False,control>lesion
12224,1-8-9-0-1-3,2 3* 4* 1 2 4,6,1.0,False,lesion>control
12225,1-8-9-0-3-8,2 3* 4* 1 4 3*,6,1.0,False,control>lesion
12226,1-8-9-0-5-8,2 3* 4* 1 6 3*,6,1.0,False,control>lesion
12227,1-8-9-1-3-1,2 3* 4* 2 4 2,6,1.0,False,lesion>control
12228,1-8-9-1-3-5,2 3* 4* 2 4 6,6,1.0,False,control>lesion
12229,1-8-9-1-4-8,2 3* 4* 2 5 3*,6,1.0,False,control>lesion
12230,1-8-9-1-8-0,2 3* 4* 2 3* 1,6,1.0,False,lesion>control
12231,1-8-9-1-8-3,2 3* 4* 2 3* 4,6,1.0,False,control>lesion
12232,1-8-9-1-8-5,2 3* 4* 2 3* 6,6,1.0,False,control>lesion
12233,1-8-9-2-1-3,2 3* 4* 3 2 4,6,1.0,False,lesion>control
12234,1-8-9-3-0-1,2 3* 4* 4 1 2,6,1.0,False,control>lesion
12235,1-8-9-3-0-8,2 3* 4* 4 1 3*,6,1.0,False,control>lesion
12236,1-8-9-3-1-0,2 3* 4* 4 2 1,6,1.0,False,control>lesion
12237,1-8-9-3-4-0,2 3* 4* 4 5 1,6,1.0,False,lesion>control
12238,1-8-9-3-4-3,2 3* 4* 4 5 4,6,1.0,False,control>lesion
12239,1-8-9-3-4-8,2 3* 4* 4 5 3*,6,1.0,False,control>lesion
12240,1-8-9-3-8-5,2 3* 4* 4 3* 6,6,1.0,False,lesion>control
12241,1-8-9-4-0-1,2 3* 4* 5 1 2,6,1.0,False,lesion>control
12242,1-8-9-4-0-5,2 3* 4* 5 1 6,6,1.0,False,lesion>control
12243,1-8-9-4-1-3,2 3* 4* 5 2 4,6,1.0,False,lesion>control
12244,1-8-9-4-1-8,2 3* 4* 5 2 3*,6,1.0,False,control>lesion
12245,1-8-9-5-0-8,2 3* 4* 6 1 3*,6,1.0,False,lesion>control
12246,1-8-9-5-1-4,2 3* 4* 6 2 5,6,1.0,False,control>lesion
12247,1-8-9-5-3-1,2 3* 4* 6 4 2,6,1.0,False,control>lesion
12248,1-8-9-5-3-4,2 3* 4* 6 4 5,6,1.0,False,control>lesion
12249,1-8-9-5-4-1,2 3* 4* 6 5 2,6,1.0,False,lesion>control
12250,1-8-9-5-4-5,2 3* 4* 6 5 6,6,1.0,False,lesion>control
12251,1-8-9-5-8-5,2 3* 4* 6 3* 6,6,1.0,False,lesion>control
12252,1-8-9-5-8-9,2 3* 4* 6 3* 4*,6,1.0,False,lesion>control
12253,1-8-9-8-1-0,2 3* 4* 3* 2 1,6,1.0,False,control>lesion
12254,1-8-9-8-4-1,2 3* 4* 3* 5 2,6,1.0,False,lesion>control
12255,1-8-9-8-4-5,2 3* 4* 3* 5 6,6,1.0,False,control>lesion
12256,1-8-9-8-5-2,2 3* 4* 3* 6 3,6,1.0,False,control>lesion
12257,1-8-9-8-5-7,2 3* 4* 3* 6 2*,6,1.0,False,lesion>control
12258,1-8-9-8-5-8,2 3* 4* 3* 6 3*,6,1.0,False,lesion>control
12259,1-8-9-8-7-1,2 3* 4* 3* 2* 2,6,1.0,False,control>lesion
12260,1-8-9-8-8-7,2 3* 4* 3* 3* 2*,6,1.0,False,control>lesion
12261,1-8-9-8-9-0,2 3* 4* 3* 4* 1,6,1.0,False,control>lesion
12262,1-8-9-8-9-1,2 3* 4* 3* 4* 2,6,1.0,False,lesion>control
12263,1-9-0-8-0-3,2 4* 1 3* 1 4,6,1.0,False,lesion>control
12264,1-9-5-8-3-1,2 4* 6 3* 4 2,6,1.0,False,control>lesion
12265,1-9-8-3-0-5,2 4* 3* 4 1 6,6,1.0,False,control>lesion
12266,1-9-8-7-0-1,2 4* 3* 2* 1 2,6,1.0,False,control>lesion
12267,1-9-8-7-3-8,2 4* 3* 2* 4 3*,6,1.0,False,lesion>control
12268,1-9-8-7-8-1,2 4* 3* 2* 3* 2,6,1.0,False,lesion>control
12269,1-9-8-9-8-7,2 4* 3* 4* 3* 2*,6,1.0,False,lesion>control
12270,2-0-1-3-4-5,3 1 2 4 5 6,6,1.0,False,lesion>control
12271,2-0-1-5-8-0,3 1 2 6 3* 1,6,1.0,False,control>lesion
12272,2-0-1-8-1-8,3 1 2 3* 2 3*,6,1.0,False,control>lesion
12273,2-0-2-0-5-0,3 1 3 1 6 1,6,1.0,False,lesion>control
12274,2-0-2-0-5-1,3 1 3 1 6 2,6,1.0,False,lesion>control
12275,2-0-2-1-0-3,3 1 3 2 1 4,6,1.0,False,lesion>control
12276,2-0-2-1-2-1,3 1 3 2 3 2,6,1.0,False,lesion>control
12277,2-0-2-1-4-8,3 1 3 2 5 3*,6,1.0,False,lesion>control
12278,2-0-2-1-5-4,3 1 3 2 6 5,6,1.0,False,lesion>control
12279,2-0-2-1-8-1,3 1 3 2 3* 2,6,1.0,False,lesion>control
12280,2-0-2-1-8-4,3 1 3 2 3* 5,6,1.0,False,lesion>control
12281,2-0-2-5-0-3,3 1 3 6 1 4,6,1.0,False,control>lesion
12282,2-0-2-5-1-2,3 1 3 6 2 3,6,1.0,False,control>lesion
12283,2-0-2-5-2-7,3 1 3 6 3 2*,6,1.0,False,lesion>control
12284,2-0-2-7-8-1,3 1 3 2* 3* 2,6,1.0,False,lesion>control
12285,2-0-3-0-8-7,3 1 4 1 3* 2*,6,1.0,False,control>lesion
12286,2-0-3-2-3-2,3 1 4 3 4 3,6,1.0,False,lesion>control
12287,2-0-3-4-8-0,3 1 4 5 3* 1,6,1.0,False,control>lesion
12288,2-0-3-8-3-1,3 1 4 3* 4 2,6,1.0,False,lesion>control
12289,2-0-3-8-5-3,3 1 4 3* 6 4,6,1.0,False,control>lesion
12290,2-0-3-8-7-0,3 1 4 3* 2* 1,6,1.0,False,lesion>control
12291,2-0-4-1-2-4,3 1 5 2 3 5,6,1.0,False,control>lesion
12292,2-0-4-2-3-5,3 1 5 3 4 6,6,1.0,False,lesion>control
12293,2-0-4-5-0-3,3 1 5 6 1 4,6,1.0,False,lesion>control
12294,2-0-5-0-1-8,3 1 6 1 2 3*,6,1.0,False,lesion>control
12295,2-0-5-0-4-1,3 1 6 1 5 2,6,1.0,False,lesion>control
12296,2-0-5-1-0-5,3 1 6 2 1 6,6,1.0,False,lesion>control
12297,2-0-5-2-0-2,3 1 6 3 1 3,6,1.0,False,lesion>control
12298,2-0-5-2-0-7,3 1 6 3 1 2*,6,1.0,False,lesion>control
12299,2-0-5-2-4-1,3 1 6 3 5 2,6,1.0,False,lesion>control
12300,2-0-5-2-5-0,3 1 6 3 6 1,6,1.0,False,lesion>control
12301,2-0-5-2-5-2,3 1 6 3 6 3,6,1.0,False,lesion>control
12302,2-0-5-4-2-5,3 1 6 5 3 6,6,1.0,False,lesion>control
12303,2-0-5-8-9-5,3 1 6 3* 4* 6,6,1.0,False,lesion>control
12304,2-0-5-9-0-8,3 1 6 4* 1 3*,6,1.0,False,lesion>control
12305,2-0-7-0-1-4,3 1 2* 1 2 5,6,1.0,False,lesion>control
12306,2-0-7-0-3-8,3 1 2* 1 4 3*,6,1.0,False,lesion>control
12307,2-0-7-8-1-5,3 1 2* 3* 2 6,6,1.0,False,lesion>control
12308,2-0-7-8-9-8,3 1 2* 3* 4* 3*,6,1.0,False,control>lesion
12309,2-0-8-5-2-0,3 1 3* 6 3 1,6,1.0,False,lesion>control
12310,2-0-8-5-4-3,3 1 3* 6 5 4,6,1.0,False,control>lesion
12311,2-1-0-1-2-3,3 2 1 2 3 4,6,1.0,False,lesion>control
12312,2-1-0-1-2-4,3 2 1 2 3 5,6,1.0,False,lesion>control
12313,2-1-0-1-3-0,3 2 1 2 4 1,6,1.0,False,lesion>control
12314,2-1-0-1-8-9,3 2 1 2 3* 4*,6,1.0,False,control>lesion
12315,2-1-0-2-3-1,3 2 1 3 4 2,6,1.0,False,lesion>control
12316,2-1-0-3-1-3,3 2 1 4 2 4,6,1.0,False,lesion>control
12317,2-1-0-3-1-5,3 2 1 4 2 6,6,1.0,False,lesion>control
12318,2-1-0-5-0-5,3 2 1 6 1 6,6,1.0,False,lesion>control
12319,2-1-0-5-1-3,3 2 1 6 2 4,6,1.0,False,lesion>control
12320,2-1-0-5-2-5,3 2 1 6 3 6,6,1.0,False,lesion>control
12321,2-1-0-5-8-3,3 2 1 6 3* 4,6,1.0,False,lesion>control
12322,2-1-0-8-1-8,3 2 1 3* 2 3*,6,1.0,False,lesion>control
12323,2-1-0-8-3-2,3 2 1 3* 4 3,6,1.0,False,lesion>control
12324,2-1-0-8-3-4,3 2 1 3* 4 5,6,1.0,False,lesion>control
12325,2-1-1-0-8-1,3 2 2 1 3* 2,6,1.0,False,lesion>control
12326,2-1-2-0-2-9,3 2 3 1 3 4*,6,1.0,False,control>lesion
12327,2-1-2-1-2-0,3 2 3 2 3 1,6,1.0,False,control>lesion
12328,2-1-2-1-2-1,3 2 3 2 3 2,6,1.0,False,control>lesion
12329,2-1-2-1-2-3,3 2 3 2 3 4,6,1.0,False,lesion>control
12330,2-1-2-1-2-9,3 2 3 2 3 4*,6,1.0,False,lesion>control
12331,2-1-2-1-4-2,3 2 3 2 5 3,6,1.0,False,control>lesion
12332,2-1-2-1-8-7,3 2 3 2 3* 2*,6,1.0,False,lesion>control
12333,2-1-2-3-4-3,3 2 3 4 5 4,6,1.0,False,lesion>control
12334,2-1-2-4-3-8,3 2 3 5 4 3*,6,1.0,False,lesion>control
12335,2-1-2-5-2-0,3 2 3 6 3 1,6,1.0,False,control>lesion
12336,2-1-2-5-2-8,3 2 3 6 3 3*,6,1.0,False,lesion>control
12337,2-1-2-9-8-5,3 2 3 4* 3* 6,6,1.0,False,lesion>control
12338,2-1-3-1-3-8,3 2 4 2 4 3*,6,1.0,False,lesion>control
12339,2-1-3-2-1-3,3 2 4 3 2 4,6,1.0,False,lesion>control
12340,2-1-3-5-3-4,3 2 4 6 4 5,6,1.0,False,control>lesion
12341,2-1-3-8-1-0,3 2 4 3* 2 1,6,1.0,False,lesion>control
12342,2-1-3-8-3-2,3 2 4 3* 4 3,6,1.0,False,lesion>control
12343,2-1-3-8-3-4,3 2 4 3* 4 5,6,1.0,False,control>lesion
12344,2-1-3-8-7-0,3 2 4 3* 2* 1,6,1.0,False,lesion>control
12345,2-1-3-8-7-5,3 2 4 3* 2* 6,6,1.0,False,control>lesion
12346,2-1-3-8-7-8,3 2 4 3* 2* 3*,6,1.0,False,control>lesion
12347,2-1-3-8-9-8,3 2 4 3* 4* 3*,6,1.0,False,lesion>control
12348,2-1-4-2-0-2,3 2 5 3 1 3,6,1.0,False,control>lesion
12349,2-1-4-3-8-7,3 2 5 4 3* 2*,6,1.0,False,lesion>control
12350,2-1-4-8-1-3,3 2 5 3* 2 4,6,1.0,False,lesion>control
12351,2-1-4-8-1-5,3 2 5 3* 2 6,6,1.0,False,lesion>control
12352,2-1-4-8-5-1,3 2 5 3* 6 2,6,1.0,False,lesion>control
12353,2-1-5-1-2-1,3 2 6 2 3 2,6,1.0,False,control>lesion
12354,2-1-5-2-1-4,3 2 6 3 2 5,6,1.0,False,lesion>control
12355,2-1-5-4-8-0,3 2 6 5 3* 1,6,1.0,False,control>lesion
12356,2-1-5-4-8-1,3 2 6 5 3* 2,6,1.0,False,lesion>control
12357,2-1-5-8-1-0,3 2 6 3* 2 1,6,1.0,False,lesion>control
12358,2-1-5-8-1-3,3 2 6 3* 2 4,6,1.0,False,lesion>control
12359,2-1-5-8-4-2,3 2 6 3* 5 3,6,1.0,False,lesion>control
12360,2-1-5-8-5-2,3 2 6 3* 6 3,6,1.0,False,lesion>control
12361,2-1-8-1-0-1,3 2 3* 2 1 2,6,1.0,False,control>lesion
12362,2-1-8-1-0-3,3 2 3* 2 1 4,6,1.0,False,control>lesion
12363,2-1-8-1-3-5,3 2 3* 2 4 6,6,1.0,False,control>lesion
12364,2-1-8-1-5-0,3 2 3* 2 6 1,6,1.0,False,control>lesion
12365,2-1-8-1-5-8,3 2 3* 2 6 3*,6,1.0,False,lesion>control
12366,2-1-8-1-8-0,3 2 3* 2 3* 1,6,1.0,False,lesion>control
12367,2-1-8-4-0-1,3 2 3* 5 1 2,6,1.0,False,lesion>control
12368,2-1-8-4-2-1,3 2 3* 5 3 2,6,1.0,False,lesion>control
12369,2-1-8-4-2-4,3 2 3* 5 3 5,6,1.0,False,lesion>control
12370,2-1-8-4-5-2,3 2 3* 5 6 3,6,1.0,False,lesion>control
12371,2-1-8-4-8-7,3 2 3* 5 3* 2*,6,1.0,False,lesion>control
12372,2-1-8-5-0-1,3 2 3* 6 1 2,6,1.0,False,lesion>control
12373,2-1-8-5-2-0,3 2 3* 6 3 1,6,1.0,False,lesion>control
12374,2-1-8-5-2-1,3 2 3* 6 3 2,6,1.0,False,lesion>control
12375,2-1-8-5-2-4,3 2 3* 6 3 5,6,1.0,False,lesion>control
12376,2-1-8-5-8-0,3 2 3* 6 3* 1,6,1.0,False,lesion>control
12377,2-1-8-7-4-8,3 2 3* 2* 5 3*,6,1.0,False,lesion>control
12378,2-1-8-7-8-1,3 2 3* 2* 3* 2,6,1.0,False,lesion>control
12379,2-1-8-7-8-9,3 2 3* 2* 3* 4*,6,1.0,False,control>lesion
12380,2-1-8-9-1-8,3 2 3* 4* 2 3*,6,1.0,False,lesion>control
12381,2-1-8-9-5-3,3 2 3* 4* 6 4,6,1.0,False,control>lesion
12382,2-1-8-9-8-9,3 2 3* 4* 3* 4*,6,1.0,False,lesion>control
12383,2-1-9-8-7-3,3 2 4* 3* 2* 4,6,1.0,False,lesion>control
12384,2-3-0-1-2-3,3 4 1 2 3 4,6,1.0,False,lesion>control
12385,2-3-0-1-5-3,3 4 1 2 6 4,6,1.0,False,lesion>control
12386,2-3-0-2-3-2,3 4 1 3 4 3,6,1.0,False,control>lesion
12387,2-3-0-5-0-4,3 4 1 6 1 5,6,1.0,False,control>lesion
12388,2-3-0-8-0-2,3 4 1 3* 1 3,6,1.0,False,lesion>control
12389,2-3-0-8-3-5,3 4 1 3* 4 6,6,1.0,False,control>lesion
12390,2-3-1-0-3-8,3 4 2 1 4 3*,6,1.0,False,lesion>control
12391,2-3-1-3-8-4,3 4 2 4 3* 5,6,1.0,False,lesion>control
12392,2-3-1-8-9-1,3 4 2 3* 4* 2,6,1.0,False,lesion>control
12393,2-3-2-0-2-1,3 4 3 1 3 2,6,1.0,False,lesion>control
12394,2-3-2-0-7-0,3 4 3 1 2* 1,6,1.0,False,lesion>control
12395,2-3-2-1-0-5,3 4 3 2 1 6,6,1.0,False,lesion>control
12396,2-3-2-1-3-8,3 4 3 2 4 3*,6,1.0,False,lesion>control
12397,2-3-2-3-2-0,3 4 3 4 3 1,6,1.0,False,lesion>control
12398,2-3-2-3-2-3,3 4 3 4 3 4,6,1.0,False,lesion>control
12399,2-3-2-5-0-5,3 4 3 6 1 6,6,1.0,False,lesion>control
12400,2-3-2-5-7-8,3 4 3 6 2* 3*,6,1.0,False,lesion>control
12401,2-3-2-5-8-3,3 4 3 6 3* 4,6,1.0,False,lesion>control
12402,2-3-2-7-0-1,3 4 3 2* 1 2,6,1.0,False,lesion>control
12403,2-3-2-7-0-3,3 4 3 2* 1 4,6,1.0,False,control>lesion
12404,2-3-2-7-3-8,3 4 3 2* 4 3*,6,1.0,False,lesion>control
12405,2-3-4-2-1-0,3 4 5 3 2 1,6,1.0,False,lesion>control
12406,2-3-4-3-0-5,3 4 5 4 1 6,6,1.0,False,lesion>control
12407,2-3-4-3-8-7,3 4 5 4 3* 2*,6,1.0,False,lesion>control
12408,2-3-4-5-2-3,3 4 5 6 3 4,6,1.0,False,lesion>control
12409,2-3-5-0-1-3,3 4 6 1 2 4,6,1.0,False,control>lesion
12410,2-3-5-0-1-8,3 4 6 1 2 3*,6,1.0,False,control>lesion
12411,2-3-5-1-3-5,3 4 6 2 4 6,6,1.0,False,lesion>control
12412,2-3-5-8-7-5,3 4 6 3* 2* 6,6,1.0,False,lesion>control
12413,2-3-5-8-9-0,3 4 6 3* 4* 1,6,1.0,False,control>lesion
12414,2-3-8-0-3-0,3 4 3* 1 4 1,6,1.0,False,lesion>control
12415,2-3-8-1-2-3,3 4 3* 2 3 4,6,1.0,False,lesion>control
12416,2-3-8-3-4-8,3 4 3* 4 5 3*,6,1.0,False,control>lesion
12417,2-3-8-3-7-3,3 4 3* 4 2* 4,6,1.0,False,lesion>control
12418,2-3-8-3-8-0,3 4 3* 4 3* 1,6,1.0,False,lesion>control
12419,2-3-8-3-8-5,3 4 3* 4 3* 6,6,1.0,False,lesion>control
12420,2-3-8-3-8-7,3 4 3* 4 3* 2*,6,1.0,False,control>lesion
12421,2-3-8-4-2-3,3 4 3* 5 3 4,6,1.0,False,lesion>control
12422,2-3-8-4-2-7,3 4 3* 5 3 2*,6,1.0,False,lesion>control
12423,2-3-8-4-8-4,3 4 3* 5 3* 5,6,1.0,False,lesion>control
12424,2-3-8-5-1-8,3 4 3* 6 2 3*,6,1.0,False,lesion>control
12425,2-3-8-5-2-3,3 4 3* 6 3 4,6,1.0,False,lesion>control
12426,2-3-8-7-0-1,3 4 3* 2* 1 2,6,1.0,False,lesion>control
12427,2-3-8-7-3-8,3 4 3* 2* 4 3*,6,1.0,False,lesion>control
12428,2-3-8-7-8-5,3 4 3* 2* 3* 6,6,1.0,False,lesion>control
12429,2-4-1-1-0-1,3 5 2 2 1 2,6,1.0,False,lesion>control
12430,2-4-2-1-8-4,3 5 3 2 3* 5,6,1.0,False,lesion>control
12431,2-4-3-0-5-1,3 5 4 1 6 2,6,1.0,False,control>lesion
12432,2-4-3-8-4-8,3 5 4 3* 5 3*,6,1.0,False,lesion>control
12433,2-4-5-1-2-5,3 5 6 2 3 6,6,1.0,False,lesion>control
12434,2-4-7-3-8-7,3 5 2* 4 3* 2*,6,1.0,False,lesion>control
12435,2-4-8-0-8-1,3 5 3* 1 3* 2,6,1.0,False,lesion>control
12436,2-4-8-5-3-8,3 5 3* 6 4 3*,6,1.0,False,control>lesion
12437,2-4-8-7-8-7,3 5 3* 2* 3* 2*,6,1.0,False,lesion>control
12438,2-4-9-8-7-3,3 5 4* 3* 2* 4,6,1.0,False,lesion>control
12439,2-5-0-2-1-0,3 6 1 3 2 1,6,1.0,False,lesion>control
12440,2-5-0-2-5-2,3 6 1 3 6 3,6,1.0,False,lesion>control
12441,2-5-0-2-7-8,3 6 1 3 2* 3*,6,1.0,False,control>lesion
12442,2-5-0-3-1-5,3 6 1 4 2 6,6,1.0,False,lesion>control
12443,2-5-0-3-4-0,3 6 1 4 5 1,6,1.0,False,control>lesion
12444,2-5-0-3-5-8,3 6 1 4 6 3*,6,1.0,False,control>lesion
12445,2-5-0-4-0-3,3 6 1 5 1 4,6,1.0,False,lesion>control
12446,2-5-0-5-0-1,3 6 1 6 1 2,6,1.0,False,lesion>control
12447,2-5-0-5-2-0,3 6 1 6 3 1,6,1.0,False,lesion>control
12448,2-5-1-0-3-0,3 6 2 1 4 1,6,1.0,False,lesion>control
12449,2-5-1-2-8-5,3 6 2 3 3* 6,6,1.0,False,control>lesion
12450,2-5-2-0-4-1,3 6 3 1 5 2,6,1.0,False,control>lesion
12451,2-5-2-0-8-5,3 6 3 1 3* 6,6,1.0,False,lesion>control
12452,2-5-2-0-9-8,3 6 3 1 4* 3*,6,1.0,False,lesion>control
12453,2-5-2-1-0-3,3 6 3 2 1 4,6,1.0,False,lesion>control
12454,2-5-2-1-5-8,3 6 3 2 6 3*,6,1.0,False,lesion>control
12455,2-5-2-3-0-8,3 6 3 4 1 3*,6,1.0,False,lesion>control
12456,2-5-2-5-0-2,3 6 3 6 1 3,6,1.0,False,lesion>control
12457,2-5-2-5-2-5,3 6 3 6 3 6,6,1.0,False,lesion>control
12458,2-5-2-5-2-7,3 6 3 6 3 2*,6,1.0,False,lesion>control
12459,2-5-2-7-0-8,3 6 3 2* 1 3*,6,1.0,False,lesion>control
12460,2-5-2-7-5-3,3 6 3 2* 6 4,6,1.0,False,lesion>control
12461,2-5-2-8-9-8,3 6 3 3* 4* 3*,6,1.0,False,lesion>control
12462,2-5-3-2-1-8,3 6 4 3 2 3*,6,1.0,False,control>lesion
12463,2-5-3-4-1-0,3 6 4 5 2 1,6,1.0,False,control>lesion
12464,2-5-3-7-8-9,3 6 4 2* 3* 4*,6,1.0,False,lesion>control
12465,2-5-3-8-3-8,3 6 4 3* 4 3*,6,1.0,False,control>lesion
12466,2-5-3-8-8-5,3 6 4 3* 3* 6,6,1.0,False,lesion>control
12467,2-5-4-3-8-7,3 6 5 4 3* 2*,6,1.0,False,lesion>control
12468,2-5-4-8-1-5,3 6 5 3* 2 6,6,1.0,False,lesion>control
12469,2-5-4-8-1-8,3 6 5 3* 2 3*,6,1.0,False,control>lesion
12470,2-5-4-8-7-8,3 6 5 3* 2* 3*,6,1.0,False,control>lesion
12471,2-5-5-8-9-8,3 6 6 3* 4* 3*,6,1.0,False,lesion>control
12472,2-5-7-3-0-3,3 6 2* 4 1 4,6,1.0,False,lesion>control
12473,2-5-7-3-0-8,3 6 2* 4 1 3*,6,1.0,False,lesion>control
12474,2-5-7-8-5-2,3 6 2* 3* 6 3,6,1.0,False,lesion>control
12475,2-5-8-0-8-7,3 6 3* 1 3* 2*,6,1.0,False,lesion>control
12476,2-5-8-1-0-1,3 6 3* 2 1 2,6,1.0,False,lesion>control
12477,2-5-8-1-0-8,3 6 3* 2 1 3*,6,1.0,False,lesion>control
12478,2-5-8-3-5-3,3 6 3* 4 6 4,6,1.0,False,lesion>control
12479,2-5-8-5-8-7,3 6 3* 6 3* 2*,6,1.0,False,lesion>control
12480,2-5-8-9-8-7,3 6 3* 4* 3* 2*,6,1.0,False,control>lesion
12481,2-7-0-1-0-1,3 2* 1 2 1 2,6,1.0,False,lesion>control
12482,2-7-0-1-5-8,3 2* 1 2 6 3*,6,1.0,False,lesion>control
12483,2-7-0-1-8-8,3 2* 1 2 3* 3*,6,1.0,False,lesion>control
12484,2-7-0-3-1-0,3 2* 1 4 2 1,6,1.0,False,lesion>control
12485,2-7-0-3-5-1,3 2* 1 4 6 2,6,1.0,False,control>lesion
12486,2-7-0-8-1-3,3 2* 1 3* 2 4,6,1.0,False,control>lesion
12487,2-7-0-8-1-4,3 2* 1 3* 2 5,6,1.0,False,lesion>control
12488,2-7-3-4-8-7,3 2* 4 5 3* 2*,6,1.0,False,lesion>control
12489,2-7-3-5-8-0,3 2* 4 6 3* 1,6,1.0,False,control>lesion
12490,2-7-3-8-4-0,3 2* 4 3* 5 1,6,1.0,False,lesion>control
12491,2-7-3-8-4-8,3 2* 4 3* 5 3*,6,1.0,False,control>lesion
12492,2-7-3-8-7-0,3 2* 4 3* 2* 1,6,1.0,False,control>lesion
12493,2-7-4-8-1-0,3 2* 5 3* 2 1,6,1.0,False,control>lesion
12494,2-7-4-8-1-3,3 2* 5 3* 2 4,6,1.0,False,lesion>control
12495,2-7-4-8-1-5,3 2* 5 3* 2 6,6,1.0,False,lesion>control
12496,2-7-5-0-5-8,3 2* 6 1 6 3*,6,1.0,False,lesion>control
12497,2-7-5-3-8-5,3 2* 6 4 3* 6,6,1.0,False,lesion>control
12498,2-7-5-4-8-5,3 2* 6 5 3* 6,6,1.0,False,lesion>control
12499,2-7-5-8-1-3,3 2* 6 3* 2 4,6,1.0,False,lesion>control
12500,2-7-5-8-9-4,3 2* 6 3* 4* 5,6,1.0,False,lesion>control
12501,2-7-8-0-2-1,3 2* 3* 1 3 2,6,1.0,False,lesion>control
12502,2-7-8-1-2-9,3 2* 3* 2 3 4*,6,1.0,False,control>lesion
12503,2-7-8-1-3-0,3 2* 3* 2 4 1,6,1.0,False,control>lesion
12504,2-7-8-1-5-8,3 2* 3* 2 6 3*,6,1.0,False,lesion>control
12505,2-7-8-1-8-0,3 2* 3* 2 3* 1,6,1.0,False,lesion>control
12506,2-7-8-1-8-7,3 2* 3* 2 3* 2*,6,1.0,False,lesion>control
12507,2-7-8-4-2-1,3 2* 3* 5 3 2,6,1.0,False,control>lesion
12508,2-7-8-4-8-1,3 2* 3* 5 3* 2,6,1.0,False,lesion>control
12509,2-7-8-5-2-9,3 2* 3* 6 3 4*,6,1.0,False,lesion>control
12510,2-7-8-9-1-5,3 2* 3* 4* 2 6,6,1.0,False,lesion>control
12511,2-8-5-0-2-9,3 3* 6 1 3 4*,6,1.0,False,control>lesion
12512,2-8-5-3-8-7,3 3* 6 4 3* 2*,6,1.0,False,lesion>control
12513,2-8-7-0-3-5,3 3* 2* 1 4 6,6,1.0,False,control>lesion
12514,2-8-7-8-1-8,3 3* 2* 3* 2 3*,6,1.0,False,control>lesion
12515,2-8-9-8-7-0,3 3* 4* 3* 2* 1,6,1.0,False,lesion>control
12516,2-9-0-8-3-0,3 4* 1 3* 4 1,6,1.0,False,lesion>control
12517,2-9-1-3-1-5,3 4* 2 4 2 6,6,1.0,False,lesion>control
12518,2-9-1-3-8-3,3 4* 2 4 3* 4,6,1.0,False,lesion>control
12519,2-9-1-8-5-4,3 4* 2 3* 6 5,6,1.0,False,control>lesion
12520,2-9-4-8-7-3,3 4* 5 3* 2* 4,6,1.0,False,control>lesion
12521,2-9-4-8-7-8,3 4* 5 3* 2* 3*,6,1.0,False,control>lesion
12522,2-9-5-8-3-8,3 4* 6 3* 4 3*,6,1.0,False,control>lesion
12523,2-9-5-8-7-1,3 4* 6 3* 2* 2,6,1.0,False,lesion>control
12524,2-9-8-0-3-8,3 4* 3* 1 4 3*,6,1.0,False,control>lesion
12525,2-9-8-0-7-0,3 4* 3* 1 2* 1,6,1.0,False,control>lesion
12526,2-9-8-3-1-8,3 4* 3* 4 2 3*,6,1.0,False,lesion>control
12527,2-9-8-7-5-8,3 4* 3* 2* 6 3*,6,1.0,False,lesion>control
12528,2-9-8-8-7-8,3 4* 3* 3* 2* 3*,6,1.0,False,lesion>control
12529,3-0-1-0-1-4,4 1 2 1 2 5,6,1.0,False,control>lesion
12530,3-0-1-0-1-5,4 1 2 1 2 6,6,1.0,False,control>lesion
12531,3-0-1-0-1-8,4 1 2 1 2 3*,6,1.0,False,control>lesion
12532,3-0-1-0-3-0,4 1 2 1 4 1,6,1.0,False,control>lesion
12533,3-0-1-0-5-4,4 1 2 1 6 5,6,1.0,False,control>lesion
12534,3-0-1-0-8-3,4 1 2 1 3* 4,6,1.0,False,lesion>control
12535,3-0-1-0-8-7,4 1 2 1 3* 2*,6,1.0,False,control>lesion
12536,3-0-1-0-8-9,4 1 2 1 3* 4*,6,1.0,False,control>lesion
12537,3-0-1-2-3-0,4 1 2 3 4 1,6,1.0,False,lesion>control
12538,3-0-1-3-0-3,4 1 2 4 1 4,6,1.0,False,lesion>control
12539,3-0-1-3-0-4,4 1 2 4 1 5,6,1.0,False,control>lesion
12540,3-0-1-3-0-5,4 1 2 4 1 6,6,1.0,False,lesion>control
12541,3-0-1-3-0-8,4 1 2 4 1 3*,6,1.0,False,lesion>control
12542,3-0-1-3-1-5,4 1 2 4 2 6,6,1.0,False,control>lesion
12543,3-0-1-3-4-0,4 1 2 4 5 1,6,1.0,False,control>lesion
12544,3-0-1-3-4-3,4 1 2 4 5 4,6,1.0,False,control>lesion
12545,3-0-1-3-5-0,4 1 2 4 6 1,6,1.0,False,lesion>control
12546,3-0-1-3-5-1,4 1 2 4 6 2,6,1.0,False,control>lesion
12547,3-0-1-3-5-3,4 1 2 4 6 4,6,1.0,False,control>lesion
12548,3-0-1-3-8-1,4 1 2 4 3* 2,6,1.0,False,lesion>control
12549,3-0-1-3-8-3,4 1 2 4 3* 4,6,1.0,False,lesion>control
12550,3-0-1-3-8-5,4 1 2 4 3* 6,6,1.0,False,lesion>control
12551,3-0-1-4-3-0,4 1 2 5 4 1,6,1.0,False,control>lesion
12552,3-0-1-4-5-0,4 1 2 5 6 1,6,1.0,False,lesion>control
12553,3-0-1-4-5-3,4 1 2 5 6 4,6,1.0,False,control>lesion
12554,3-0-1-4-8-0,4 1 2 5 3* 1,6,1.0,False,control>lesion
12555,3-0-1-4-8-9,4 1 2 5 3* 4*,6,1.0,False,lesion>control
12556,3-0-1-5-1-0,4 1 2 6 2 1,6,1.0,False,lesion>control
12557,3-0-1-5-2-3,4 1 2 6 3 4,6,1.0,False,lesion>control
12558,3-0-1-5-3-0,4 1 2 6 4 1,6,1.0,False,lesion>control
12559,3-0-1-5-3-5,4 1 2 6 4 6,6,1.0,False,control>lesion
12560,3-0-1-8-0-3,4 1 2 3* 1 4,6,1.0,False,lesion>control
12561,3-0-1-8-1-3,4 1 2 3* 2 4,6,1.0,False,control>lesion
12562,3-0-1-8-1-8,4 1 2 3* 2 3*,6,1.0,False,control>lesion
12563,3-0-1-8-5-4,4 1 2 3* 6 5,6,1.0,False,control>lesion
12564,3-0-1-8-9-8,4 1 2 3* 4* 3*,6,1.0,False,lesion>control
12565,3-0-2-3-2-7,4 1 3 4 3 2*,6,1.0,False,control>lesion
12566,3-0-2-5-0-3,4 1 3 6 1 4,6,1.0,False,control>lesion
12567,3-0-3-0-1-3,4 1 4 1 2 4,6,1.0,False,lesion>control
12568,3-0-3-0-1-5,4 1 4 1 2 6,6,1.0,False,lesion>control
12569,3-0-3-0-3-8,4 1 4 1 4 3*,6,1.0,False,lesion>control
12570,3-0-3-0-4-5,4 1 4 1 5 6,6,1.0,False,lesion>control
12571,3-0-3-0-4-8,4 1 4 1 5 3*,6,1.0,False,lesion>control
12572,3-0-3-0-5-8,4 1 4 1 6 3*,6,1.0,False,control>lesion
12573,3-0-3-0-8-3,4 1 4 1 3* 4,6,1.0,False,lesion>control
12574,3-0-3-1-0-3,4 1 4 2 1 4,6,1.0,False,lesion>control
12575,3-0-3-1-0-8,4 1 4 2 1 3*,6,1.0,False,lesion>control
12576,3-0-3-1-3-4,4 1 4 2 4 5,6,1.0,False,lesion>control
12577,3-0-3-1-4-5,4 1 4 2 5 6,6,1.0,False,control>lesion
12578,3-0-3-2-3-2,4 1 4 3 4 3,6,1.0,False,lesion>control
12579,3-0-3-4-0-3,4 1 4 5 1 4,6,1.0,False,lesion>control
12580,3-0-3-4-0-5,4 1 4 5 1 6,6,1.0,False,lesion>control
12581,3-0-3-4-5-8,4 1 4 5 6 3*,6,1.0,False,lesion>control
12582,3-0-3-5-0-3,4 1 4 6 1 4,6,1.0,False,lesion>control
12583,3-0-3-5-3-5,4 1 4 6 4 6,6,1.0,False,lesion>control
12584,3-0-3-5-4-3,4 1 4 6 5 4,6,1.0,False,lesion>control
12585,3-0-3-5-4-8,4 1 4 6 5 3*,6,1.0,False,lesion>control
12586,3-0-3-5-8-0,4 1 4 6 3* 1,6,1.0,False,lesion>control
12587,3-0-3-5-8-5,4 1 4 6 3* 6,6,1.0,False,control>lesion
12588,3-0-3-5-8-7,4 1 4 6 3* 2*,6,1.0,False,lesion>control
12589,3-0-3-8-3-1,4 1 4 3* 4 2,6,1.0,False,lesion>control
12590,3-0-3-8-3-4,4 1 4 3* 4 5,6,1.0,False,lesion>control
12591,3-0-3-8-5-0,4 1 4 3* 6 1,6,1.0,False,lesion>control
12592,3-0-4-0-5-0,4 1 5 1 6 1,6,1.0,False,control>lesion
12593,3-0-4-0-5-8,4 1 5 1 6 3*,6,1.0,False,lesion>control
12594,3-0-4-1-0-3,4 1 5 2 1 4,6,1.0,False,lesion>control
12595,3-0-4-1-8-0,4 1 5 2 3* 1,6,1.0,False,control>lesion
12596,3-0-4-5-0-1,4 1 5 6 1 2,6,1.0,False,control>lesion
12597,3-0-4-5-0-5,4 1 5 6 1 6,6,1.0,False,lesion>control
12598,3-0-4-5-0-8,4 1 5 6 1 3*,6,1.0,False,control>lesion
12599,3-0-4-5-1-4,4 1 5 6 2 5,6,1.0,False,lesion>control
12600,3-0-4-5-3-0,4 1 5 6 4 1,6,1.0,False,lesion>control
12601,3-0-4-5-4-8,4 1 5 6 5 3*,6,1.0,False,control>lesion
12602,3-0-4-5-8-0,4 1 5 6 3* 1,6,1.0,False,lesion>control
12603,3-0-4-8-0-8,4 1 5 3* 1 3*,6,1.0,False,lesion>control
12604,3-0-4-8-3-1,4 1 5 3* 4 2,6,1.0,False,lesion>control
12605,3-0-4-8-3-8,4 1 5 3* 4 3*,6,1.0,False,lesion>control
12606,3-0-5-0-1-0,4 1 6 1 2 1,6,1.0,False,control>lesion
12607,3-0-5-0-3-2,4 1 6 1 4 3,6,1.0,False,lesion>control
12608,3-0-5-0-3-8,4 1 6 1 4 3*,6,1.0,False,control>lesion
12609,3-0-5-0-4-1,4 1 6 1 5 2,6,1.0,False,lesion>control
12610,3-0-5-0-5-1,4 1 6 1 6 2,6,1.0,False,lesion>control
12611,3-0-5-0-5-3,4 1 6 1 6 4,6,1.0,False,lesion>control
12612,3-0-5-0-8-3,4 1 6 1 3* 4,6,1.0,False,lesion>control
12613,3-0-5-0-8-5,4 1 6 1 3* 6,6,1.0,False,lesion>control
12614,3-0-5-0-8-9,4 1 6 1 3* 4*,6,1.0,False,lesion>control
12615,3-0-5-1-0-8,4 1 6 2 1 3*,6,1.0,False,control>lesion
12616,3-0-5-1-2-1,4 1 6 2 3 2,6,1.0,False,control>lesion
12617,3-0-5-1-3-0,4 1 6 2 4 1,6,1.0,False,control>lesion
12618,3-0-5-1-3-1,4 1 6 2 4 2,6,1.0,False,control>lesion
12619,3-0-5-1-5-0,4 1 6 2 6 1,6,1.0,False,control>lesion
12620,3-0-5-1-5-3,4 1 6 2 6 4,6,1.0,False,lesion>control
12621,3-0-5-3-1-5,4 1 6 4 2 6,6,1.0,False,control>lesion
12622,3-0-5-3-4-0,4 1 6 4 5 1,6,1.0,False,control>lesion
12623,3-0-5-3-4-1,4 1 6 4 5 2,6,1.0,False,control>lesion
12624,3-0-5-3-5-4,4 1 6 4 6 5,6,1.0,False,control>lesion
12625,3-0-5-4-0-3,4 1 6 5 1 4,6,1.0,False,control>lesion
12626,3-0-5-4-5-1,4 1 6 5 6 2,6,1.0,False,control>lesion
12627,3-0-5-4-5-3,4 1 6 5 6 4,6,1.0,False,control>lesion
12628,3-0-5-4-5-8,4 1 6 5 6 3*,6,1.0,False,lesion>control
12629,3-0-5-4-8-1,4 1 6 5 3* 2,6,1.0,False,control>lesion
12630,3-0-5-8-0-1,4 1 6 3* 1 2,6,1.0,False,control>lesion
12631,3-0-5-8-1-3,4 1 6 3* 2 4,6,1.0,False,control>lesion
12632,3-0-5-8-3-4,4 1 6 3* 4 5,6,1.0,False,control>lesion
12633,3-0-5-8-5-4,4 1 6 3* 6 5,6,1.0,False,control>lesion
12634,3-0-5-8-5-8,4 1 6 3* 6 3*,6,1.0,False,lesion>control
12635,3-0-5-8-7-0,4 1 6 3* 2* 1,6,1.0,False,lesion>control
12636,3-0-5-8-7-8,4 1 6 3* 2* 3*,6,1.0,False,control>lesion
12637,3-0-7-0-4-0,4 1 2* 1 5 1,6,1.0,False,lesion>control
12638,3-0-7-4-5-3,4 1 2* 5 6 4,6,1.0,False,control>lesion
12639,3-0-7-5-8-1,4 1 2* 6 3* 2,6,1.0,False,lesion>control
12640,3-0-7-8-9-0,4 1 2* 3* 4* 1,6,1.0,False,lesion>control
12641,3-0-8-0-1-3,4 1 3* 1 2 4,6,1.0,False,control>lesion
12642,3-0-8-0-2-5,4 1 3* 1 3 6,6,1.0,False,lesion>control
12643,3-0-8-0-3-8,4 1 3* 1 4 3*,6,1.0,False,control>lesion
12644,3-0-8-0-5-3,4 1 3* 1 6 4,6,1.0,False,lesion>control
12645,3-0-8-0-7-3,4 1 3* 1 2* 4,6,1.0,False,control>lesion
12646,3-0-8-3-0-5,4 1 3* 4 1 6,6,1.0,False,lesion>control
12647,3-0-8-3-2-7,4 1 3* 4 3 2*,6,1.0,False,lesion>control
12648,3-0-8-3-3-8,4 1 3* 4 4 3*,6,1.0,False,control>lesion
12649,3-0-8-3-5-3,4 1 3* 4 6 4,6,1.0,False,control>lesion
12650,3-0-8-3-5-8,4 1 3* 4 6 3*,6,1.0,False,lesion>control
12651,3-0-8-3-8-5,4 1 3* 4 3* 6,6,1.0,False,lesion>control
12652,3-0-8-4-2-0,4 1 3* 5 3 1,6,1.0,False,control>lesion
12653,3-0-8-4-7-8,4 1 3* 5 2* 3*,6,1.0,False,lesion>control
12654,3-0-8-4-8-3,4 1 3* 5 3* 4,6,1.0,False,control>lesion
12655,3-0-8-5-0-7,4 1 3* 6 1 2*,6,1.0,False,lesion>control
12656,3-0-8-5-0-8,4 1 3* 6 1 3*,6,1.0,False,lesion>control
12657,3-0-8-5-1-0,4 1 3* 6 2 1,6,1.0,False,control>lesion
12658,3-0-8-5-2-5,4 1 3* 6 3 6,6,1.0,False,lesion>control
12659,3-0-8-7-0-3,4 1 3* 2* 1 4,6,1.0,False,lesion>control
12660,3-0-8-7-5-1,4 1 3* 2* 6 2,6,1.0,False,lesion>control
12661,3-0-8-7-5-4,4 1 3* 2* 6 5,6,1.0,False,control>lesion
12662,3-0-8-7-5-8,4 1 3* 2* 6 3*,6,1.0,False,lesion>control
12663,3-0-8-9-8-7,4 1 3* 4* 3* 2*,6,1.0,False,control>lesion
12664,3-1-0-1-3-1,4 2 1 2 4 2,6,1.0,False,lesion>control
12665,3-1-0-1-3-5,4 2 1 2 4 6,6,1.0,False,control>lesion
12666,3-1-0-1-4-8,4 2 1 2 5 3*,6,1.0,False,control>lesion
12667,3-1-0-1-5-3,4 2 1 2 6 4,6,1.0,False,control>lesion
12668,3-1-0-1-5-4,4 2 1 2 6 5,6,1.0,False,control>lesion
12669,3-1-0-1-8-4,4 2 1 2 3* 5,6,1.0,False,control>lesion
12670,3-1-0-3-0-8,4 2 1 4 1 3*,6,1.0,False,lesion>control
12671,3-1-0-3-1-0,4 2 1 4 2 1,6,1.0,False,lesion>control
12672,3-1-0-3-1-3,4 2 1 4 2 4,6,1.0,False,lesion>control
12673,3-1-0-3-1-5,4 2 1 4 2 6,6,1.0,False,lesion>control
12674,3-1-0-3-5-1,4 2 1 4 6 2,6,1.0,False,control>lesion
12675,3-1-0-3-8-3,4 2 1 4 3* 4,6,1.0,False,lesion>control
12676,3-1-0-3-8-7,4 2 1 4 3* 2*,6,1.0,False,control>lesion
12677,3-1-0-4-1-3,4 2 1 5 2 4,6,1.0,False,lesion>control
12678,3-1-0-4-5-4,4 2 1 5 6 5,6,1.0,False,control>lesion
12679,3-1-0-4-8-1,4 2 1 5 3* 2,6,1.0,False,lesion>control
12680,3-1-0-5-1-8,4 2 1 6 2 3*,6,1.0,False,control>lesion
12681,3-1-0-5-3-4,4 2 1 6 4 5,6,1.0,False,control>lesion
12682,3-1-0-5-3-5,4 2 1 6 4 6,6,1.0,False,control>lesion
12683,3-1-0-5-4-3,4 2 1 6 5 4,6,1.0,False,lesion>control
12684,3-1-0-5-8-0,4 2 1 6 3* 1,6,1.0,False,lesion>control
12685,3-1-0-5-8-9,4 2 1 6 3* 4*,6,1.0,False,lesion>control
12686,3-1-0-8-0-1,4 2 1 3* 1 2,6,1.0,False,control>lesion
12687,3-1-0-8-1-5,4 2 1 3* 2 6,6,1.0,False,control>lesion
12688,3-1-0-8-5-2,4 2 1 3* 6 3,6,1.0,False,control>lesion
12689,3-1-0-8-5-4,4 2 1 3* 6 5,6,1.0,False,lesion>control
12690,3-1-0-8-5-9,4 2 1 3* 6 4*,6,1.0,False,control>lesion
12691,3-1-2-3-0-5,4 2 3 4 1 6,6,1.0,False,control>lesion
12692,3-1-3-0-3-0,4 2 4 1 4 1,6,1.0,False,lesion>control
12693,3-1-3-0-3-1,4 2 4 1 4 2,6,1.0,False,lesion>control
12694,3-1-3-0-3-8,4 2 4 1 4 3*,6,1.0,False,lesion>control
12695,3-1-3-0-4-1,4 2 4 1 5 2,6,1.0,False,lesion>control
12696,3-1-3-1-0-5,4 2 4 2 1 6,6,1.0,False,control>lesion
12697,3-1-3-1-0-8,4 2 4 2 1 3*,6,1.0,False,lesion>control
12698,3-1-3-1-3-5,4 2 4 2 4 6,6,1.0,False,lesion>control
12699,3-1-3-1-5-8,4 2 4 2 6 3*,6,1.0,False,lesion>control
12700,3-1-3-1-8-1,4 2 4 2 3* 2,6,1.0,False,lesion>control
12701,3-1-3-4-0-3,4 2 4 5 1 4,6,1.0,False,lesion>control
12702,3-1-3-4-0-8,4 2 4 5 1 3*,6,1.0,False,lesion>control
12703,3-1-3-4-5-0,4 2 4 5 6 1,6,1.0,False,control>lesion
12704,3-1-3-4-5-3,4 2 4 5 6 4,6,1.0,False,control>lesion
12705,3-1-3-4-5-8,4 2 4 5 6 3*,6,1.0,False,lesion>control
12706,3-1-3-4-8-7,4 2 4 5 3* 2*,6,1.0,False,lesion>control
12707,3-1-3-4-8-9,4 2 4 5 3* 4*,6,1.0,False,control>lesion
12708,3-1-3-5-0-1,4 2 4 6 1 2,6,1.0,False,control>lesion
12709,3-1-3-5-0-3,4 2 4 6 1 4,6,1.0,False,control>lesion
12710,3-1-3-5-1-8,4 2 4 6 2 3*,6,1.0,False,lesion>control
12711,3-1-3-5-4-8,4 2 4 6 5 3*,6,1.0,False,lesion>control
12712,3-1-3-8-0-1,4 2 4 3* 1 2,6,1.0,False,control>lesion
12713,3-1-3-8-0-4,4 2 4 3* 1 5,6,1.0,False,lesion>control
12714,3-1-3-8-1-4,4 2 4 3* 2 5,6,1.0,False,lesion>control
12715,3-1-3-8-1-8,4 2 4 3* 2 3*,6,1.0,False,control>lesion
12716,3-1-3-8-3-1,4 2 4 3* 4 2,6,1.0,False,control>lesion
12717,3-1-3-8-3-2,4 2 4 3* 4 3,6,1.0,False,lesion>control
12718,3-1-3-8-3-4,4 2 4 3* 4 5,6,1.0,False,lesion>control
12719,3-1-3-8-4-3,4 2 4 3* 5 4,6,1.0,False,lesion>control
12720,3-1-3-8-7-5,4 2 4 3* 2* 6,6,1.0,False,lesion>control
12721,3-1-4-1-4-1,4 2 5 2 5 2,6,1.0,False,lesion>control
12722,3-1-4-1-8-1,4 2 5 2 3* 2,6,1.0,False,control>lesion
12723,3-1-4-5-1-0,4 2 5 6 2 1,6,1.0,False,lesion>control
12724,3-1-4-5-4-8,4 2 5 6 5 3*,6,1.0,False,control>lesion
12725,3-1-4-8-0-4,4 2 5 3* 1 5,6,1.0,False,lesion>control
12726,3-1-4-8-1-5,4 2 5 3* 2 6,6,1.0,False,lesion>control
12727,3-1-4-8-1-8,4 2 5 3* 2 3*,6,1.0,False,lesion>control
12728,3-1-5-0-3-4,4 2 6 1 4 5,6,1.0,False,control>lesion
12729,3-1-5-0-5-0,4 2 6 1 6 1,6,1.0,False,lesion>control
12730,3-1-5-0-8-0,4 2 6 1 3* 1,6,1.0,False,lesion>control
12731,3-1-5-0-8-1,4 2 6 1 3* 2,6,1.0,False,lesion>control
12732,3-1-5-0-8-9,4 2 6 1 3* 4*,6,1.0,False,control>lesion
12733,3-1-5-1-3-1,4 2 6 2 4 2,6,1.0,False,control>lesion
12734,3-1-5-1-4-8,4 2 6 2 5 3*,6,1.0,False,lesion>control
12735,3-1-5-1-8-7,4 2 6 2 3* 2*,6,1.0,False,control>lesion
12736,3-1-5-3-1-0,4 2 6 4 2 1,6,1.0,False,control>lesion
12737,3-1-5-4-1-5,4 2 6 5 2 6,6,1.0,False,lesion>control
12738,3-1-5-8-0-5,4 2 6 3* 1 6,6,1.0,False,lesion>control
12739,3-1-5-8-1-2,4 2 6 3* 2 3,6,1.0,False,lesion>control
12740,3-1-5-8-1-3,4 2 6 3* 2 4,6,1.0,False,lesion>control
12741,3-1-5-8-5-0,4 2 6 3* 6 1,6,1.0,False,lesion>control
12742,3-1-5-8-5-9,4 2 6 3* 6 4*,6,1.0,False,lesion>control
12743,3-1-5-8-7-8,4 2 6 3* 2* 3*,6,1.0,False,lesion>control
12744,3-1-5-8-8-9,4 2 6 3* 3* 4*,6,1.0,False,lesion>control
12745,3-1-5-8-9-4,4 2 6 3* 4* 5,6,1.0,False,lesion>control
12746,3-1-5-8-9-5,4 2 6 3* 4* 6,6,1.0,False,lesion>control
12747,3-1-5-8-9-8,4 2 6 3* 4* 3*,6,1.0,False,lesion>control
12748,3-1-8-0-8-9,4 2 3* 1 3* 4*,6,1.0,False,control>lesion
12749,3-1-8-1-0-3,4 2 3* 2 1 4,6,1.0,False,control>lesion
12750,3-1-8-1-3-4,4 2 3* 2 4 5,6,1.0,False,control>lesion
12751,3-1-8-1-3-8,4 2 3* 2 4 3*,6,1.0,False,control>lesion
12752,3-1-8-1-5-8,4 2 3* 2 6 3*,6,1.0,False,control>lesion
12753,3-1-8-1-8-0,4 2 3* 2 3* 1,6,1.0,False,lesion>control
12754,3-1-8-1-8-5,4 2 3* 2 3* 6,6,1.0,False,control>lesion
12755,3-1-8-3-1-8,4 2 3* 4 2 3*,6,1.0,False,lesion>control
12756,3-1-8-3-4-5,4 2 3* 4 5 6,6,1.0,False,control>lesion
12757,3-1-8-3-5-0,4 2 3* 4 6 1,6,1.0,False,control>lesion
12758,3-1-8-3-5-2,4 2 3* 4 6 3,6,1.0,False,control>lesion
12759,3-1-8-3-5-4,4 2 3* 4 6 5,6,1.0,False,control>lesion
12760,3-1-8-3-8-1,4 2 3* 4 3* 2,6,1.0,False,lesion>control
12761,3-1-8-4-1-0,4 2 3* 5 2 1,6,1.0,False,lesion>control
12762,3-1-8-4-8-4,4 2 3* 5 3* 5,6,1.0,False,control>lesion
12763,3-1-8-5-0-1,4 2 3* 6 1 2,6,1.0,False,control>lesion
12764,3-1-8-5-0-5,4 2 3* 6 1 6,6,1.0,False,control>lesion
12765,3-1-8-5-1-8,4 2 3* 6 2 3*,6,1.0,False,lesion>control
12766,3-1-8-5-1-9,4 2 3* 6 2 4*,6,1.0,False,control>lesion
12767,3-1-8-7-0-3,4 2 3* 2* 1 4,6,1.0,False,control>lesion
12768,3-1-8-7-8-1,4 2 3* 2* 3* 2,6,1.0,False,control>lesion
12769,3-1-8-8-0-9,4 2 3* 3* 1 4*,6,1.0,False,control>lesion
12770,3-1-8-9-1-3,4 2 3* 4* 2 4,6,1.0,False,lesion>control
12771,3-1-8-9-1-4,4 2 3* 4* 2 5,6,1.0,False,control>lesion
12772,3-1-8-9-5-3,4 2 3* 4* 6 4,6,1.0,False,control>lesion
12773,3-1-8-9-5-4,4 2 3* 4* 6 5,6,1.0,False,lesion>control
12774,3-1-8-9-8-0,4 2 3* 4* 3* 1,6,1.0,False,control>lesion
12775,3-1-8-9-8-4,4 2 3* 4* 3* 5,6,1.0,False,control>lesion
12776,3-1-8-9-8-5,4 2 3* 4* 3* 6,6,1.0,False,control>lesion
12777,3-2-0-2-0-5,4 3 1 3 1 6,6,1.0,False,lesion>control
12778,3-2-0-2-1-8,4 3 1 3 2 3*,6,1.0,False,lesion>control
12779,3-2-0-3-8-7,4 3 1 4 3* 2*,6,1.0,False,lesion>control
12780,3-2-0-5-4-2,4 3 1 6 5 3,6,1.0,False,lesion>control
12781,3-2-0-5-8-5,4 3 1 6 3* 6,6,1.0,False,lesion>control
12782,3-2-0-7-0-1,4 3 1 2* 1 2,6,1.0,False,lesion>control
12783,3-2-0-7-0-3,4 3 1 2* 1 4,6,1.0,False,lesion>control
12784,3-2-1-0-1-2,4 3 2 1 2 3,6,1.0,False,lesion>control
12785,3-2-1-2-1-8,4 3 2 3 2 3*,6,1.0,False,lesion>control
12786,3-2-1-2-5-2,4 3 2 3 6 3,6,1.0,False,lesion>control
12787,3-2-1-3-1-3,4 3 2 4 2 4,6,1.0,False,lesion>control
12788,3-2-1-3-8-3,4 3 2 4 3* 4,6,1.0,False,lesion>control
12789,3-2-1-4-8-1,4 3 2 5 3* 2,6,1.0,False,lesion>control
12790,3-2-1-4-8-5,4 3 2 5 3* 6,6,1.0,False,lesion>control
12791,3-2-1-5-2-1,4 3 2 6 3 2,6,1.0,False,lesion>control
12792,3-2-1-5-4-8,4 3 2 6 5 3*,6,1.0,False,control>lesion
12793,3-2-1-8-1-0,4 3 2 3* 2 1,6,1.0,False,control>lesion
12794,3-2-1-8-7-8,4 3 2 3* 2* 3*,6,1.0,False,lesion>control
12795,3-2-3-2-0-2,4 3 4 3 1 3,6,1.0,False,lesion>control
12796,3-2-3-2-0-7,4 3 4 3 1 2*,6,1.0,False,lesion>control
12797,3-2-3-2-1-0,4 3 4 3 2 1,6,1.0,False,lesion>control
12798,3-2-3-2-1-3,4 3 4 3 2 4,6,1.0,False,lesion>control
12799,3-2-3-2-5-0,4 3 4 3 6 1,6,1.0,False,lesion>control
12800,3-2-3-2-7-0,4 3 4 3 2* 1,6,1.0,False,lesion>control
12801,3-2-3-2-7-3,4 3 4 3 2* 4,6,1.0,False,lesion>control
12802,3-2-3-8-7-0,4 3 4 3* 2* 1,6,1.0,False,lesion>control
12803,3-2-4-2-1-8,4 3 5 3 2 3*,6,1.0,False,lesion>control
12804,3-2-4-3-8-7,4 3 5 4 3* 2*,6,1.0,False,lesion>control
12805,3-2-4-8-7-8,4 3 5 3* 2* 3*,6,1.0,False,lesion>control
12806,3-2-5-0-5-0,4 3 6 1 6 1,6,1.0,False,lesion>control
12807,3-2-5-3-2-1,4 3 6 4 3 2,6,1.0,False,control>lesion
12808,3-2-5-3-8-3,4 3 6 4 3* 4,6,1.0,False,control>lesion
12809,3-2-5-4-8-7,4 3 6 5 3* 2*,6,1.0,False,control>lesion
12810,3-2-5-7-8-5,4 3 6 2* 3* 6,6,1.0,False,lesion>control
12811,3-2-5-8-1-0,4 3 6 3* 2 1,6,1.0,False,lesion>control
12812,3-2-5-8-3-5,4 3 6 3* 4 6,6,1.0,False,lesion>control
12813,3-2-5-8-5-8,4 3 6 3* 6 3*,6,1.0,False,lesion>control
12814,3-2-7-0-1-0,4 3 2* 1 2 1,6,1.0,False,lesion>control
12815,3-2-7-0-3-1,4 3 2* 1 4 2,6,1.0,False,lesion>control
12816,3-2-7-0-3-4,4 3 2* 1 4 5,6,1.0,False,lesion>control
12817,3-2-7-0-3-5,4 3 2* 1 4 6,6,1.0,False,control>lesion
12818,3-2-7-0-3-8,4 3 2* 1 4 3*,6,1.0,False,control>lesion
12819,3-2-7-3-8-4,4 3 2* 4 3* 5,6,1.0,False,control>lesion
12820,3-2-7-4-8-1,4 3 2* 5 3* 2,6,1.0,False,lesion>control
12821,3-2-7-5-3-8,4 3 2* 6 4 3*,6,1.0,False,lesion>control
12822,3-2-7-8-0-2,4 3 2* 3* 1 3,6,1.0,False,lesion>control
12823,3-2-7-8-1-0,4 3 2* 3* 2 1,6,1.0,False,lesion>control
12824,3-2-7-8-1-2,4 3 2* 3* 2 3,6,1.0,False,control>lesion
12825,3-2-7-8-1-3,4 3 2* 3* 2 4,6,1.0,False,control>lesion
12826,3-2-7-8-1-5,4 3 2* 3* 2 6,6,1.0,False,lesion>control
12827,3-2-7-8-4-8,4 3 2* 3* 5 3*,6,1.0,False,lesion>control
12828,3-2-8-7-3-8,4 3 3* 2* 4 3*,6,1.0,False,lesion>control
12829,3-3-4-1-8-1,4 4 5 2 3* 2,6,1.0,False,lesion>control
12830,3-3-4-3-8-7,4 4 5 4 3* 2*,6,1.0,False,lesion>control
12831,3-3-4-5-1-3,4 4 5 6 2 4,6,1.0,False,control>lesion
12832,3-3-5-3-1-0,4 4 6 4 2 1,6,1.0,False,control>lesion
12833,3-3-5-4-5-4,4 4 6 5 6 5,6,1.0,False,lesion>control
12834,3-3-5-8-3-8,4 4 6 3* 4 3*,6,1.0,False,control>lesion
12835,3-3-8-0-1-8,4 4 3* 1 2 3*,6,1.0,False,control>lesion
12836,3-3-8-3-1-8,4 4 3* 4 2 3*,6,1.0,False,control>lesion
12837,3-3-8-4-7-0,4 4 3* 5 2* 1,6,1.0,False,lesion>control
12838,3-3-8-5-3-8,4 4 3* 6 4 3*,6,1.0,False,control>lesion
12839,3-3-8-7-0-5,4 4 3* 2* 1 6,6,1.0,False,control>lesion
12840,3-4-0-1-0-8,4 5 1 2 1 3*,6,1.0,False,lesion>control
12841,3-4-0-1-3-8,4 5 1 2 4 3*,6,1.0,False,control>lesion
12842,3-4-0-1-5-4,4 5 1 2 6 5,6,1.0,False,control>lesion
12843,3-4-0-1-8-9,4 5 1 2 3* 4*,6,1.0,False,lesion>control
12844,3-4-0-3-0-1,4 5 1 4 1 2,6,1.0,False,lesion>control
12845,3-4-0-3-1-0,4 5 1 4 2 1,6,1.0,False,lesion>control
12846,3-4-0-3-5-1,4 5 1 4 6 2,6,1.0,False,lesion>control
12847,3-4-0-3-5-4,4 5 1 4 6 5,6,1.0,False,lesion>control
12848,3-4-0-3-5-8,4 5 1 4 6 3*,6,1.0,False,control>lesion
12849,3-4-0-3-8-7,4 5 1 4 3* 2*,6,1.0,False,lesion>control
12850,3-4-0-3-8-8,4 5 1 4 3* 3*,6,1.0,False,control>lesion
12851,3-4-0-4-5-3,4 5 1 5 6 4,6,1.0,False,lesion>control
12852,3-4-0-4-8-0,4 5 1 5 3* 1,6,1.0,False,control>lesion
12853,3-4-0-5-0-4,4 5 1 6 1 5,6,1.0,False,lesion>control
12854,3-4-0-5-0-8,4 5 1 6 1 3*,6,1.0,False,control>lesion
12855,3-4-0-5-1-0,4 5 1 6 2 1,6,1.0,False,control>lesion
12856,3-4-0-5-1-3,4 5 1 6 2 4,6,1.0,False,control>lesion
12857,3-4-0-5-2-3,4 5 1 6 3 4,6,1.0,False,control>lesion
12858,3-4-0-5-3-8,4 5 1 6 4 3*,6,1.0,False,control>lesion
12859,3-4-0-5-4-1,4 5 1 6 5 2,6,1.0,False,lesion>control
12860,3-4-0-5-8-4,4 5 1 6 3* 5,6,1.0,False,control>lesion
12861,3-4-0-5-8-7,4 5 1 6 3* 2*,6,1.0,False,lesion>control
12862,3-4-0-8-0-5,4 5 1 3* 1 6,6,1.0,False,control>lesion
12863,3-4-0-8-0-8,4 5 1 3* 1 3*,6,1.0,False,lesion>control
12864,3-4-0-8-3-0,4 5 1 3* 4 1,6,1.0,False,lesion>control
12865,3-4-0-8-3-1,4 5 1 3* 4 2,6,1.0,False,lesion>control
12866,3-4-0-8-3-4,4 5 1 3* 4 5,6,1.0,False,lesion>control
12867,3-4-0-8-3-8,4 5 1 3* 4 3*,6,1.0,False,lesion>control
12868,3-4-0-8-4-5,4 5 1 3* 5 6,6,1.0,False,lesion>control
12869,3-4-0-8-7-8,4 5 1 3* 2* 3*,6,1.0,False,lesion>control
12870,3-4-1-0-1-0,4 5 2 1 2 1,6,1.0,False,control>lesion
12871,3-4-1-0-1-8,4 5 2 1 2 3*,6,1.0,False,lesion>control
12872,3-4-1-0-3-0,4 5 2 1 4 1,6,1.0,False,lesion>control
12873,3-4-1-0-5-0,4 5 2 1 6 1,6,1.0,False,control>lesion
12874,3-4-1-0-5-1,4 5 2 1 6 2,6,1.0,False,lesion>control
12875,3-4-1-0-5-3,4 5 2 1 6 4,6,1.0,False,control>lesion
12876,3-4-1-0-5-8,4 5 2 1 6 3*,6,1.0,False,lesion>control
12877,3-4-1-0-8-1,4 5 2 1 3* 2,6,1.0,False,lesion>control
12878,3-4-1-0-8-5,4 5 2 1 3* 6,6,1.0,False,control>lesion
12879,3-4-1-0-8-9,4 5 2 1 3* 4*,6,1.0,False,control>lesion
12880,3-4-1-3-0-1,4 5 2 4 1 2,6,1.0,False,lesion>control
12881,3-4-1-3-1-3,4 5 2 4 2 4,6,1.0,False,lesion>control
12882,3-4-1-3-5-1,4 5 2 4 6 2,6,1.0,False,control>lesion
12883,3-4-1-5-1-8,4 5 2 6 2 3*,6,1.0,False,lesion>control
12884,3-4-1-5-4-1,4 5 2 6 5 2,6,1.0,False,lesion>control
12885,3-4-1-8-1-3,4 5 2 3* 2 4,6,1.0,False,lesion>control
12886,3-4-1-8-9-4,4 5 2 3* 4* 5,6,1.0,False,lesion>control
12887,3-4-2-1-0-1,4 5 3 2 1 2,6,1.0,False,lesion>control
12888,3-4-2-7-8-1,4 5 3 2* 3* 2,6,1.0,False,lesion>control
12889,3-4-3-0-1-8,4 5 4 1 2 3*,6,1.0,False,control>lesion
12890,3-4-3-0-3-8,4 5 4 1 4 3*,6,1.0,False,lesion>control
12891,3-4-3-1-0-8,4 5 4 2 1 3*,6,1.0,False,lesion>control
12892,3-4-3-1-4-1,4 5 4 2 5 2,6,1.0,False,control>lesion
12893,3-4-3-3-4-5,4 5 4 4 5 6,6,1.0,False,control>lesion
12894,3-4-3-4-0-3,4 5 4 5 1 4,6,1.0,False,lesion>control
12895,3-4-3-4-3-4,4 5 4 5 4 5,6,1.0,False,lesion>control
12896,3-4-3-4-5-3,4 5 4 5 6 4,6,1.0,False,control>lesion
12897,3-4-3-4-5-4,4 5 4 5 6 5,6,1.0,False,lesion>control
12898,3-4-3-5-4-0,4 5 4 6 5 1,6,1.0,False,control>lesion
12899,3-4-3-5-4-1,4 5 4 6 5 2,6,1.0,False,control>lesion
12900,3-4-3-5-8-7,4 5 4 6 3* 2*,6,1.0,False,control>lesion
12901,3-4-3-8-0-3,4 5 4 3* 1 4,6,1.0,False,lesion>control
12902,3-4-3-8-3-2,4 5 4 3* 4 3,6,1.0,False,lesion>control
12903,3-4-5-0-1-5,4 5 6 1 2 6,6,1.0,False,control>lesion
12904,3-4-5-0-4-5,4 5 6 1 5 6,6,1.0,False,lesion>control
12905,3-4-5-0-5-8,4 5 6 1 6 3*,6,1.0,False,control>lesion
12906,3-4-5-1-0-3,4 5 6 2 1 4,6,1.0,False,control>lesion
12907,3-4-5-1-0-4,4 5 6 2 1 5,6,1.0,False,lesion>control
12908,3-4-5-1-5-1,4 5 6 2 6 2,6,1.0,False,control>lesion
12909,3-4-5-1-5-8,4 5 6 2 6 3*,6,1.0,False,control>lesion
12910,3-4-5-1-8-1,4 5 6 2 3* 2,6,1.0,False,control>lesion
12911,3-4-5-2-0-3,4 5 6 3 1 4,6,1.0,False,lesion>control
12912,3-4-5-3-0-3,4 5 6 4 1 4,6,1.0,False,lesion>control
12913,3-4-5-3-0-8,4 5 6 4 1 3*,6,1.0,False,control>lesion
12914,3-4-5-3-1-5,4 5 6 4 2 6,6,1.0,False,control>lesion
12915,3-4-5-3-4-5,4 5 6 4 5 6,6,1.0,False,lesion>control
12916,3-4-5-3-5-4,4 5 6 4 6 5,6,1.0,False,lesion>control
12917,3-4-5-3-5-8,4 5 6 4 6 3*,6,1.0,False,control>lesion
12918,3-4-5-3-8-1,4 5 6 4 3* 2,6,1.0,False,lesion>control
12919,3-4-5-3-8-5,4 5 6 4 3* 6,6,1.0,False,control>lesion
12920,3-4-5-4-0-8,4 5 6 5 1 3*,6,1.0,False,control>lesion
12921,3-4-5-4-3-1,4 5 6 5 4 2,6,1.0,False,control>lesion
12922,3-4-5-4-3-2,4 5 6 5 4 3,6,1.0,False,lesion>control
12923,3-4-5-4-5-0,4 5 6 5 6 1,6,1.0,False,control>lesion
12924,3-4-5-4-5-1,4 5 6 5 6 2,6,1.0,False,lesion>control
12925,3-4-5-4-8-8,4 5 6 5 3* 3*,6,1.0,False,control>lesion
12926,3-4-5-8-0-1,4 5 6 3* 1 2,6,1.0,False,lesion>control
12927,3-4-5-8-0-7,4 5 6 3* 1 2*,6,1.0,False,control>lesion
12928,3-4-5-8-1-0,4 5 6 3* 2 1,6,1.0,False,lesion>control
12929,3-4-5-8-1-5,4 5 6 3* 2 6,6,1.0,False,lesion>control
12930,3-4-5-8-3-5,4 5 6 3* 4 6,6,1.0,False,lesion>control
12931,3-4-5-8-4-0,4 5 6 3* 5 1,6,1.0,False,lesion>control
12932,3-4-5-8-5-0,4 5 6 3* 6 1,6,1.0,False,control>lesion
12933,3-4-8-0-3-5,4 5 3* 1 4 6,6,1.0,False,control>lesion
12934,3-4-8-0-8-3,4 5 3* 1 3* 4,6,1.0,False,control>lesion
12935,3-4-8-0-9-5,4 5 3* 1 4* 6,6,1.0,False,control>lesion
12936,3-4-8-1-8-1,4 5 3* 2 3* 2,6,1.0,False,control>lesion
12937,3-4-8-3-0-8,4 5 3* 4 1 3*,6,1.0,False,lesion>control
12938,3-4-8-3-1-3,4 5 3* 4 2 4,6,1.0,False,lesion>control
12939,3-4-8-3-4-3,4 5 3* 4 5 4,6,1.0,False,lesion>control
12940,3-4-8-3-4-5,4 5 3* 4 5 6,6,1.0,False,control>lesion
12941,3-4-8-3-5-8,4 5 3* 4 6 3*,6,1.0,False,control>lesion
12942,3-4-8-3-8-9,4 5 3* 4 3* 4*,6,1.0,False,lesion>control
12943,3-4-8-4-2-3,4 5 3* 5 3 4,6,1.0,False,control>lesion
12944,3-4-8-7-3-4,4 5 3* 2* 4 5,6,1.0,False,lesion>control
12945,3-4-8-7-4-8,4 5 3* 2* 5 3*,6,1.0,False,lesion>control
12946,3-4-8-7-5-3,4 5 3* 2* 6 4,6,1.0,False,control>lesion
12947,3-4-8-8-0-1,4 5 3* 3* 1 2,6,1.0,False,control>lesion
12948,3-4-8-9-5-0,4 5 3* 4* 6 1,6,1.0,False,control>lesion
12949,3-4-8-9-8-7,4 5 3* 4* 3* 2*,6,1.0,False,control>lesion
12950,3-5-0-1-3-0,4 6 1 2 4 1,6,1.0,False,control>lesion
12951,3-5-0-1-3-4,4 6 1 2 4 5,6,1.0,False,control>lesion
12952,3-5-0-1-5-0,4 6 1 2 6 1,6,1.0,False,control>lesion
12953,3-5-0-1-5-3,4 6 1 2 6 4,6,1.0,False,control>lesion
12954,3-5-0-1-5-8,4 6 1 2 6 3*,6,1.0,False,control>lesion
12955,3-5-0-1-8-1,4 6 1 2 3* 2,6,1.0,False,control>lesion
12956,3-5-0-1-8-5,4 6 1 2 3* 6,6,1.0,False,control>lesion
12957,3-5-0-3-0-5,4 6 1 4 1 6,6,1.0,False,lesion>control
12958,3-5-0-3-0-7,4 6 1 4 1 2*,6,1.0,False,control>lesion
12959,3-5-0-3-1-0,4 6 1 4 2 1,6,1.0,False,control>lesion
12960,3-5-0-3-1-3,4 6 1 4 2 4,6,1.0,False,control>lesion
12961,3-5-0-3-5-1,4 6 1 4 6 2,6,1.0,False,control>lesion
12962,3-5-0-3-5-3,4 6 1 4 6 4,6,1.0,False,lesion>control
12963,3-5-0-3-8-3,4 6 1 4 3* 4,6,1.0,False,lesion>control
12964,3-5-0-3-8-5,4 6 1 4 3* 6,6,1.0,False,control>lesion
12965,3-5-0-3-8-7,4 6 1 4 3* 2*,6,1.0,False,control>lesion
12966,3-5-0-3-8-9,4 6 1 4 3* 4*,6,1.0,False,control>lesion
12967,3-5-0-4-0-5,4 6 1 5 1 6,6,1.0,False,control>lesion
12968,3-5-0-4-3-8,4 6 1 5 4 3*,6,1.0,False,control>lesion
12969,3-5-0-5-0-1,4 6 1 6 1 2,6,1.0,False,lesion>control
12970,3-5-0-5-3-5,4 6 1 6 4 6,6,1.0,False,control>lesion
12971,3-5-0-5-4-3,4 6 1 6 5 4,6,1.0,False,control>lesion
12972,3-5-0-5-4-8,4 6 1 6 5 3*,6,1.0,False,control>lesion
12973,3-5-0-5-8-0,4 6 1 6 3* 1,6,1.0,False,control>lesion
12974,3-5-0-5-8-4,4 6 1 6 3* 5,6,1.0,False,control>lesion
12975,3-5-0-5-8-5,4 6 1 6 3* 6,6,1.0,False,lesion>control
12976,3-5-0-8-1-3,4 6 1 3* 2 4,6,1.0,False,control>lesion
12977,3-5-0-8-1-8,4 6 1 3* 2 3*,6,1.0,False,control>lesion
12978,3-5-0-8-3-0,4 6 1 3* 4 1,6,1.0,False,lesion>control
12979,3-5-0-8-3-5,4 6 1 3* 4 6,6,1.0,False,lesion>control
12980,3-5-0-8-4-1,4 6 1 3* 5 2,6,1.0,False,lesion>control
12981,3-5-0-8-5-4,4 6 1 3* 6 5,6,1.0,False,control>lesion
12982,3-5-0-8-7-0,4 6 1 3* 2* 1,6,1.0,False,lesion>control
12983,3-5-0-8-7-8,4 6 1 3* 2* 3*,6,1.0,False,lesion>control
12984,3-5-0-8-8-9,4 6 1 3* 3* 4*,6,1.0,False,control>lesion
12985,3-5-1-0-1-3,4 6 2 1 2 4,6,1.0,False,control>lesion
12986,3-5-1-0-1-8,4 6 2 1 2 3*,6,1.0,False,control>lesion
12987,3-5-1-0-3-5,4 6 2 1 4 6,6,1.0,False,control>lesion
12988,3-5-1-0-3-8,4 6 2 1 4 3*,6,1.0,False,control>lesion
12989,3-5-1-0-5-4,4 6 2 1 6 5,6,1.0,False,control>lesion
12990,3-5-1-0-5-8,4 6 2 1 6 3*,6,1.0,False,control>lesion
12991,3-5-1-0-8-1,4 6 2 1 3* 2,6,1.0,False,lesion>control
12992,3-5-1-0-8-5,4 6 2 1 3* 6,6,1.0,False,control>lesion
12993,3-5-1-0-8-9,4 6 2 1 3* 4*,6,1.0,False,lesion>control
12994,3-5-1-1-3-0,4 6 2 2 4 1,6,1.0,False,control>lesion
12995,3-5-1-3-0-3,4 6 2 4 1 4,6,1.0,False,control>lesion
12996,3-5-1-3-4-1,4 6 2 4 5 2,6,1.0,False,control>lesion
12997,3-5-1-3-4-5,4 6 2 4 5 6,6,1.0,False,lesion>control
12998,3-5-1-3-5-1,4 6 2 4 6 2,6,1.0,False,lesion>control
12999,3-5-1-3-8-1,4 6 2 4 3* 2,6,1.0,False,control>lesion
13000,3-5-1-3-8-3,4 6 2 4 3* 4,6,1.0,False,control>lesion
13001,3-5-1-5-0-5,4 6 2 6 1 6,6,1.0,False,lesion>control
13002,3-5-1-5-4-0,4 6 2 6 5 1,6,1.0,False,control>lesion
13003,3-5-1-5-4-3,4 6 2 6 5 4,6,1.0,False,control>lesion
13004,3-5-1-5-8-1,4 6 2 6 3* 2,6,1.0,False,control>lesion
13005,3-5-1-5-8-9,4 6 2 6 3* 4*,6,1.0,False,lesion>control
13006,3-5-1-8-0-4,4 6 2 3* 1 5,6,1.0,False,control>lesion
13007,3-5-1-8-1-0,4 6 2 3* 2 1,6,1.0,False,lesion>control
13008,3-5-1-8-3-5,4 6 2 3* 4 6,6,1.0,False,control>lesion
13009,3-5-1-8-5-2,4 6 2 3* 6 3,6,1.0,False,lesion>control
13010,3-5-1-8-8-0,4 6 2 3* 3* 1,6,1.0,False,control>lesion
13011,3-5-2-0-2-5,4 6 3 1 3 6,6,1.0,False,lesion>control
13012,3-5-2-0-4-5,4 6 3 1 5 6,6,1.0,False,lesion>control
13013,3-5-2-0-8-5,4 6 3 1 3* 6,6,1.0,False,control>lesion
13014,3-5-2-5-2-0,4 6 3 6 3 1,6,1.0,False,lesion>control
13015,3-5-3-0-3-0,4 6 4 1 4 1,6,1.0,False,lesion>control
13016,3-5-3-0-3-1,4 6 4 1 4 2,6,1.0,False,control>lesion
13017,3-5-3-0-4-5,4 6 4 1 5 6,6,1.0,False,control>lesion
13018,3-5-3-0-8-4,4 6 4 1 3* 5,6,1.0,False,control>lesion
13019,3-5-3-1-0-1,4 6 4 2 1 2,6,1.0,False,control>lesion
13020,3-5-3-1-0-3,4 6 4 2 1 4,6,1.0,False,control>lesion
13021,3-5-3-1-8-3,4 6 4 2 3* 4,6,1.0,False,control>lesion
13022,3-5-3-1-8-4,4 6 4 2 3* 5,6,1.0,False,lesion>control
13023,3-5-3-1-8-5,4 6 4 2 3* 6,6,1.0,False,control>lesion
13024,3-5-3-2-0-5,4 6 4 3 1 6,6,1.0,False,lesion>control
13025,3-5-3-2-1-3,4 6 4 3 2 4,6,1.0,False,lesion>control
13026,3-5-3-4-0-3,4 6 4 5 1 4,6,1.0,False,lesion>control
13027,3-5-3-4-1-0,4 6 4 5 2 1,6,1.0,False,control>lesion
13028,3-5-3-4-5-0,4 6 4 5 6 1,6,1.0,False,control>lesion
13029,3-5-3-4-5-3,4 6 4 5 6 4,6,1.0,False,control>lesion
13030,3-5-3-4-5-4,4 6 4 5 6 5,6,1.0,False,lesion>control
13031,3-5-3-5-0-1,4 6 4 6 1 2,6,1.0,False,control>lesion
13032,3-5-3-5-0-4,4 6 4 6 1 5,6,1.0,False,control>lesion
13033,3-5-3-5-3-5,4 6 4 6 4 6,6,1.0,False,control>lesion
13034,3-5-3-5-3-8,4 6 4 6 4 3*,6,1.0,False,lesion>control
13035,3-5-3-5-4-5,4 6 4 6 5 6,6,1.0,False,lesion>control
13036,3-5-3-8-0-1,4 6 4 3* 1 2,6,1.0,False,control>lesion
13037,3-5-3-8-0-7,4 6 4 3* 1 2*,6,1.0,False,control>lesion
13038,3-5-3-8-0-8,4 6 4 3* 1 3*,6,1.0,False,lesion>control
13039,3-5-3-8-3-0,4 6 4 3* 4 1,6,1.0,False,lesion>control
13040,3-5-3-8-3-1,4 6 4 3* 4 2,6,1.0,False,control>lesion
13041,3-5-3-8-3-7,4 6 4 3* 4 2*,6,1.0,False,lesion>control
13042,3-5-4-0-1-4,4 6 5 1 2 5,6,1.0,False,control>lesion
13043,3-5-4-0-3-4,4 6 5 1 4 5,6,1.0,False,control>lesion
13044,3-5-4-0-5-0,4 6 5 1 6 1,6,1.0,False,lesion>control
13045,3-5-4-0-5-3,4 6 5 1 6 4,6,1.0,False,control>lesion
13046,3-5-4-0-5-4,4 6 5 1 6 5,6,1.0,False,lesion>control
13047,3-5-4-0-8-0,4 6 5 1 3* 1,6,1.0,False,control>lesion
13048,3-5-4-0-8-3,4 6 5 1 3* 4,6,1.0,False,control>lesion
13049,3-5-4-0-8-9,4 6 5 1 3* 4*,6,1.0,False,control>lesion
13050,3-5-4-1-3-0,4 6 5 2 4 1,6,1.0,False,lesion>control
13051,3-5-4-1-3-8,4 6 5 2 4 3*,6,1.0,False,control>lesion
13052,3-5-4-3-1-5,4 6 5 4 2 6,6,1.0,False,lesion>control
13053,3-5-4-3-1-8,4 6 5 4 2 3*,6,1.0,False,control>lesion
13054,3-5-4-3-4-3,4 6 5 4 5 4,6,1.0,False,control>lesion
13055,3-5-4-3-5-0,4 6 5 4 6 1,6,1.0,False,control>lesion
13056,3-5-4-3-5-1,4 6 5 4 6 2,6,1.0,False,control>lesion
13057,3-5-4-3-5-3,4 6 5 4 6 4,6,1.0,False,control>lesion
13058,3-5-4-5-0-3,4 6 5 6 1 4,6,1.0,False,control>lesion
13059,3-5-4-5-3-1,4 6 5 6 4 2,6,1.0,False,lesion>control
13060,3-5-4-5-3-5,4 6 5 6 4 6,6,1.0,False,lesion>control
13061,3-5-4-5-4-0,4 6 5 6 5 1,6,1.0,False,control>lesion
13062,3-5-4-5-8-0,4 6 5 6 3* 1,6,1.0,False,lesion>control
13063,3-5-4-5-8-3,4 6 5 6 3* 4,6,1.0,False,lesion>control
13064,3-5-4-8-0-1,4 6 5 3* 1 2,6,1.0,False,control>lesion
13065,3-5-4-8-0-8,4 6 5 3* 1 3*,6,1.0,False,control>lesion
13066,3-5-4-8-1-0,4 6 5 3* 2 1,6,1.0,False,control>lesion
13067,3-5-4-8-1-3,4 6 5 3* 2 4,6,1.0,False,lesion>control
13068,3-5-4-8-3-1,4 6 5 3* 4 2,6,1.0,False,lesion>control
13069,3-5-4-8-3-4,4 6 5 3* 4 5,6,1.0,False,lesion>control
13070,3-5-4-8-3-5,4 6 5 3* 4 6,6,1.0,False,control>lesion
13071,3-5-8-0-1-8,4 6 3* 1 2 3*,6,1.0,False,control>lesion
13072,3-5-8-0-2-0,4 6 3* 1 3 1,6,1.0,False,lesion>control
13073,3-5-8-0-2-3,4 6 3* 1 3 4,6,1.0,False,control>lesion
13074,3-5-8-0-2-5,4 6 3* 1 3 6,6,1.0,False,lesion>control
13075,3-5-8-0-4-8,4 6 3* 1 5 3*,6,1.0,False,lesion>control
13076,3-5-8-0-5-0,4 6 3* 1 6 1,6,1.0,False,control>lesion
13077,3-5-8-0-5-8,4 6 3* 1 6 3*,6,1.0,False,lesion>control
13078,3-5-8-0-7-0,4 6 3* 1 2* 1,6,1.0,False,control>lesion
13079,3-5-8-0-8-0,4 6 3* 1 3* 1,6,1.0,False,control>lesion
13080,3-5-8-3-0-1,4 6 3* 4 1 2,6,1.0,False,lesion>control
13081,3-5-8-3-0-3,4 6 3* 4 1 4,6,1.0,False,control>lesion
13082,3-5-8-3-4-8,4 6 3* 4 5 3*,6,1.0,False,control>lesion
13083,3-5-8-3-5-1,4 6 3* 4 6 2,6,1.0,False,lesion>control
13084,3-5-8-3-5-4,4 6 3* 4 6 5,6,1.0,False,control>lesion
13085,3-5-8-3-5-8,4 6 3* 4 6 3*,6,1.0,False,lesion>control
13086,3-5-8-3-8-4,4 6 3* 4 3* 5,6,1.0,False,lesion>control
13087,3-5-8-4-5-1,4 6 3* 5 6 2,6,1.0,False,lesion>control
13088,3-5-8-4-8-7,4 6 3* 5 3* 2*,6,1.0,False,lesion>control
13089,3-5-8-5-2-3,4 6 3* 6 3 4,6,1.0,False,lesion>control
13090,3-5-8-5-2-7,4 6 3* 6 3 2*,6,1.0,False,control>lesion
13091,3-5-8-5-3-5,4 6 3* 6 4 6,6,1.0,False,control>lesion
13092,3-5-8-5-3-8,4 6 3* 6 4 3*,6,1.0,False,control>lesion
13093,3-5-8-7-0-4,4 6 3* 2* 1 5,6,1.0,False,control>lesion
13094,3-5-8-7-8-0,4 6 3* 2* 3* 1,6,1.0,False,control>lesion
13095,3-5-8-7-8-4,4 6 3* 2* 3* 5,6,1.0,False,control>lesion
13096,3-5-8-9-0-8,4 6 3* 4* 1 3*,6,1.0,False,control>lesion
13097,3-5-8-9-8-7,4 6 3* 4* 3* 2*,6,1.0,False,lesion>control
13098,3-7-0-1-3-8,4 2* 1 2 4 3*,6,1.0,False,control>lesion
13099,3-7-0-3-1-0,4 2* 1 4 2 1,6,1.0,False,control>lesion
13100,3-7-3-1-0-4,4 2* 4 2 1 5,6,1.0,False,lesion>control
13101,3-7-3-8-1-2,4 2* 4 3* 2 3,6,1.0,False,lesion>control
13102,3-7-8-1-0-2,4 2* 3* 2 1 3,6,1.0,False,lesion>control
13103,3-7-8-9-8-7,4 2* 3* 4* 3* 2*,6,1.0,False,lesion>control
13104,3-8-0-1-0-1,4 3* 1 2 1 2,6,1.0,False,control>lesion
13105,3-8-0-1-0-5,4 3* 1 2 1 6,6,1.0,False,control>lesion
13106,3-8-0-1-0-8,4 3* 1 2 1 3*,6,1.0,False,control>lesion
13107,3-8-0-1-3-4,4 3* 1 2 4 5,6,1.0,False,control>lesion
13108,3-8-0-1-4-5,4 3* 1 2 5 6,6,1.0,False,control>lesion
13109,3-8-0-1-5-0,4 3* 1 2 6 1,6,1.0,False,control>lesion
13110,3-8-0-1-5-1,4 3* 1 2 6 2,6,1.0,False,control>lesion
13111,3-8-0-1-5-3,4 3* 1 2 6 4,6,1.0,False,control>lesion
13112,3-8-0-2-0-5,4 3* 1 3 1 6,6,1.0,False,lesion>control
13113,3-8-0-2-5-0,4 3* 1 3 6 1,6,1.0,False,control>lesion
13114,3-8-0-2-7-8,4 3* 1 3 2* 3*,6,1.0,False,control>lesion
13115,3-8-0-2-9-8,4 3* 1 3 4* 3*,6,1.0,False,control>lesion
13116,3-8-0-3-0-3,4 3* 1 4 1 4,6,1.0,False,lesion>control
13117,3-8-0-3-1-8,4 3* 1 4 2 3*,6,1.0,False,control>lesion
13118,3-8-0-3-4-1,4 3* 1 4 5 2,6,1.0,False,lesion>control
13119,3-8-0-3-4-5,4 3* 1 4 5 6,6,1.0,False,control>lesion
13120,3-8-0-3-5-0,4 3* 1 4 6 1,6,1.0,False,control>lesion
13121,3-8-0-3-5-2,4 3* 1 4 6 3,6,1.0,False,lesion>control
13122,3-8-0-3-7-0,4 3* 1 4 2* 1,6,1.0,False,control>lesion
13123,3-8-0-3-8-5,4 3* 1 4 3* 6,6,1.0,False,control>lesion
13124,3-8-0-4-2-1,4 3* 1 5 3 2,6,1.0,False,lesion>control
13125,3-8-0-4-2-7,4 3* 1 5 3 2*,6,1.0,False,lesion>control
13126,3-8-0-4-5-4,4 3* 1 5 6 5,6,1.0,False,lesion>control
13127,3-8-0-5-0-5,4 3* 1 6 1 6,6,1.0,False,control>lesion
13128,3-8-0-5-0-8,4 3* 1 6 1 3*,6,1.0,False,lesion>control
13129,3-8-0-5-1-3,4 3* 1 6 2 4,6,1.0,False,lesion>control
13130,3-8-0-5-1-5,4 3* 1 6 2 6,6,1.0,False,lesion>control
13131,3-8-0-5-2-7,4 3* 1 6 3 2*,6,1.0,False,lesion>control
13132,3-8-0-5-2-9,4 3* 1 6 3 4*,6,1.0,False,control>lesion
13133,3-8-0-5-3-0,4 3* 1 6 4 1,6,1.0,False,lesion>control
13134,3-8-0-5-3-1,4 3* 1 6 4 2,6,1.0,False,control>lesion
13135,3-8-0-5-3-8,4 3* 1 6 4 3*,6,1.0,False,control>lesion
13136,3-8-0-5-4-0,4 3* 1 6 5 1,6,1.0,False,lesion>control
13137,3-8-0-5-4-8,4 3* 1 6 5 3*,6,1.0,False,lesion>control
13138,3-8-0-5-8-4,4 3* 1 6 3* 5,6,1.0,False,control>lesion
13139,3-8-0-5-8-5,4 3* 1 6 3* 6,6,1.0,False,lesion>control
13140,3-8-0-7-3-5,4 3* 1 2* 4 6,6,1.0,False,control>lesion
13141,3-8-0-7-4-5,4 3* 1 2* 5 6,6,1.0,False,control>lesion
13142,3-8-0-7-5-4,4 3* 1 2* 6 5,6,1.0,False,control>lesion
13143,3-8-0-8-0-1,4 3* 1 3* 1 2,6,1.0,False,control>lesion
13144,3-8-0-8-0-2,4 3* 1 3* 1 3,6,1.0,False,lesion>control
13145,3-8-0-8-1-2,4 3* 1 3* 2 3,6,1.0,False,lesion>control
13146,3-8-0-8-1-4,4 3* 1 3* 2 5,6,1.0,False,lesion>control
13147,3-8-0-8-3-4,4 3* 1 3* 4 5,6,1.0,False,control>lesion
13148,3-8-0-8-7-5,4 3* 1 3* 2* 6,6,1.0,False,control>lesion
13149,3-8-0-9-5-8,4 3* 1 4* 6 3*,6,1.0,False,control>lesion
13150,3-8-1-0-1-0,4 3* 2 1 2 1,6,1.0,False,control>lesion
13151,3-8-1-0-2-3,4 3* 2 1 3 4,6,1.0,False,control>lesion
13152,3-8-1-0-3-4,4 3* 2 1 4 5,6,1.0,False,lesion>control
13153,3-8-1-0-4-3,4 3* 2 1 5 4,6,1.0,False,lesion>control
13154,3-8-1-0-5-4,4 3* 2 1 6 5,6,1.0,False,control>lesion
13155,3-8-1-2-0-3,4 3* 2 3 1 4,6,1.0,False,control>lesion
13156,3-8-1-2-3-0,4 3* 2 3 4 1,6,1.0,False,lesion>control
13157,3-8-1-2-9-8,4 3* 2 3 4* 3*,6,1.0,False,lesion>control
13158,3-8-1-3-8-0,4 3* 2 4 3* 1,6,1.0,False,lesion>control
13159,3-8-1-3-8-5,4 3* 2 4 3* 6,6,1.0,False,lesion>control
13160,3-8-1-4-5-4,4 3* 2 5 6 5,6,1.0,False,lesion>control
13161,3-8-1-4-8-3,4 3* 2 5 3* 4,6,1.0,False,lesion>control
13162,3-8-1-4-8-9,4 3* 2 5 3* 4*,6,1.0,False,control>lesion
13163,3-8-1-5-3-8,4 3* 2 6 4 3*,6,1.0,False,lesion>control
13164,3-8-1-5-4-8,4 3* 2 6 5 3*,6,1.0,False,lesion>control
13165,3-8-1-8-0-2,4 3* 2 3* 1 3,6,1.0,False,control>lesion
13166,3-8-1-8-1-4,4 3* 2 3* 2 5,6,1.0,False,control>lesion
13167,3-8-1-8-7-3,4 3* 2 3* 2* 4,6,1.0,False,lesion>control
13168,3-8-1-8-7-5,4 3* 2 3* 2* 6,6,1.0,False,lesion>control
13169,3-8-1-8-9-8,4 3* 2 3* 4* 3*,6,1.0,False,lesion>control
13170,3-8-3-0-1-0,4 3* 4 1 2 1,6,1.0,False,control>lesion
13171,3-8-3-0-1-5,4 3* 4 1 2 6,6,1.0,False,control>lesion
13172,3-8-3-0-2-5,4 3* 4 1 3 6,6,1.0,False,control>lesion
13173,3-8-3-0-3-0,4 3* 4 1 4 1,6,1.0,False,control>lesion
13174,3-8-3-0-3-5,4 3* 4 1 4 6,6,1.0,False,lesion>control
13175,3-8-3-0-3-8,4 3* 4 1 4 3*,6,1.0,False,lesion>control
13176,3-8-3-0-4-5,4 3* 4 1 5 6,6,1.0,False,control>lesion
13177,3-8-3-0-7-8,4 3* 4 1 2* 3*,6,1.0,False,lesion>control
13178,3-8-3-0-8-5,4 3* 4 1 3* 6,6,1.0,False,lesion>control
13179,3-8-3-0-8-7,4 3* 4 1 3* 2*,6,1.0,False,control>lesion
13180,3-8-3-0-8-9,4 3* 4 1 3* 4*,6,1.0,False,control>lesion
13181,3-8-3-1-0-4,4 3* 4 2 1 5,6,1.0,False,control>lesion
13182,3-8-3-1-0-5,4 3* 4 2 1 6,6,1.0,False,lesion>control
13183,3-8-3-1-3-1,4 3* 4 2 4 2,6,1.0,False,control>lesion
13184,3-8-3-1-3-8,4 3* 4 2 4 3*,6,1.0,False,control>lesion
13185,3-8-3-1-4-8,4 3* 4 2 5 3*,6,1.0,False,lesion>control
13186,3-8-3-1-5-1,4 3* 4 2 6 2,6,1.0,False,lesion>control
13187,3-8-3-1-5-8,4 3* 4 2 6 3*,6,1.0,False,lesion>control
13188,3-8-3-1-8-0,4 3* 4 2 3* 1,6,1.0,False,lesion>control
13189,3-8-3-1-8-4,4 3* 4 2 3* 5,6,1.0,False,control>lesion
13190,3-8-3-1-8-5,4 3* 4 2 3* 6,6,1.0,False,lesion>control
13191,3-8-3-1-8-7,4 3* 4 2 3* 2*,6,1.0,False,control>lesion
13192,3-8-3-2-0-3,4 3* 4 3 1 4,6,1.0,False,lesion>control
13193,3-8-3-2-0-7,4 3* 4 3 1 2*,6,1.0,False,lesion>control
13194,3-8-3-2-1-0,4 3* 4 3 2 1,6,1.0,False,lesion>control
13195,3-8-3-2-1-3,4 3* 4 3 2 4,6,1.0,False,lesion>control
13196,3-8-3-2-1-4,4 3* 4 3 2 5,6,1.0,False,lesion>control
13197,3-8-3-2-1-5,4 3* 4 3 2 6,6,1.0,False,lesion>control
13198,3-8-3-2-1-8,4 3* 4 3 2 3*,6,1.0,False,control>lesion
13199,3-8-3-2-3-8,4 3* 4 3 4 3*,6,1.0,False,lesion>control
13200,3-8-3-2-4-8,4 3* 4 3 5 3*,6,1.0,False,lesion>control
13201,3-8-3-2-5-3,4 3* 4 3 6 4,6,1.0,False,control>lesion
13202,3-8-3-2-5-4,4 3* 4 3 6 5,6,1.0,False,control>lesion
13203,3-8-3-2-5-8,4 3* 4 3 6 3*,6,1.0,False,lesion>control
13204,3-8-3-2-7-4,4 3* 4 3 2* 5,6,1.0,False,lesion>control
13205,3-8-3-2-8-7,4 3* 4 3 3* 2*,6,1.0,False,lesion>control
13206,3-8-3-3-4-1,4 3* 4 4 5 2,6,1.0,False,lesion>control
13207,3-8-3-3-4-3,4 3* 4 4 5 4,6,1.0,False,lesion>control
13208,3-8-3-3-8-0,4 3* 4 4 3* 1,6,1.0,False,control>lesion
13209,3-8-3-3-8-5,4 3* 4 4 3* 6,6,1.0,False,control>lesion
13210,3-8-3-4-0-1,4 3* 4 5 1 2,6,1.0,False,control>lesion
13211,3-8-3-4-0-5,4 3* 4 5 1 6,6,1.0,False,control>lesion
13212,3-8-3-4-1-0,4 3* 4 5 2 1,6,1.0,False,lesion>control
13213,3-8-3-4-1-3,4 3* 4 5 2 4,6,1.0,False,lesion>control
13214,3-8-3-4-2-7,4 3* 4 5 3 2*,6,1.0,False,lesion>control
13215,3-8-3-4-5-0,4 3* 4 5 6 1,6,1.0,False,lesion>control
13216,3-8-3-4-8-4,4 3* 4 5 3* 5,6,1.0,False,control>lesion
13217,3-8-3-5-0-1,4 3* 4 6 1 2,6,1.0,False,control>lesion
13218,3-8-3-5-1-0,4 3* 4 6 2 1,6,1.0,False,lesion>control
13219,3-8-3-5-1-1,4 3* 4 6 2 2,6,1.0,False,control>lesion
13220,3-8-3-5-1-3,4 3* 4 6 2 4,6,1.0,False,control>lesion
13221,3-8-3-5-2-5,4 3* 4 6 3 6,6,1.0,False,lesion>control
13222,3-8-3-5-3-2,4 3* 4 6 4 3,6,1.0,False,lesion>control
13223,3-8-3-5-4-1,4 3* 4 6 5 2,6,1.0,False,control>lesion
13224,3-8-3-5-4-5,4 3* 4 6 5 6,6,1.0,False,control>lesion
13225,3-8-3-5-8-0,4 3* 4 6 3* 1,6,1.0,False,lesion>control
13226,3-8-3-5-8-3,4 3* 4 6 3* 4,6,1.0,False,lesion>control
13227,3-8-3-7-3-1,4 3* 4 2* 4 2,6,1.0,False,lesion>control
13228,3-8-3-7-3-8,4 3* 4 2* 4 3*,6,1.0,False,lesion>control
13229,3-8-3-7-8-1,4 3* 4 2* 3* 2,6,1.0,False,lesion>control
13230,3-8-3-8-1-2,4 3* 4 3* 2 3,6,1.0,False,lesion>control
13231,3-8-3-8-4-0,4 3* 4 3* 5 1,6,1.0,False,lesion>control
13232,3-8-3-8-4-1,4 3* 4 3* 5 2,6,1.0,False,lesion>control
13233,3-8-4-0-8-7,4 3* 5 1 3* 2*,6,1.0,False,lesion>control
13234,3-8-4-0-8-9,4 3* 5 1 3* 4*,6,1.0,False,lesion>control
13235,3-8-4-1-8-9,4 3* 5 2 3* 4*,6,1.0,False,lesion>control
13236,3-8-4-2-0-1,4 3* 5 3 1 2,6,1.0,False,lesion>control
13237,3-8-4-2-3-2,4 3* 5 3 4 3,6,1.0,False,lesion>control
13238,3-8-4-2-3-8,4 3* 5 3 4 3*,6,1.0,False,control>lesion
13239,3-8-4-2-7-4,4 3* 5 3 2* 5,6,1.0,False,lesion>control
13240,3-8-4-2-7-5,4 3* 5 3 2* 6,6,1.0,False,lesion>control
13241,3-8-4-3-1-3,4 3* 5 4 2 4,6,1.0,False,lesion>control
13242,3-8-4-3-2-1,4 3* 5 4 3 2,6,1.0,False,control>lesion
13243,3-8-4-3-5-8,4 3* 5 4 6 3*,6,1.0,False,control>lesion
13244,3-8-4-3-8-5,4 3* 5 4 3* 6,6,1.0,False,lesion>control
13245,3-8-4-5-2-0,4 3* 5 6 3 1,6,1.0,False,control>lesion
13246,3-8-4-5-3-0,4 3* 5 6 4 1,6,1.0,False,lesion>control
13247,3-8-4-5-4-0,4 3* 5 6 5 1,6,1.0,False,lesion>control
13248,3-8-4-5-8-0,4 3* 5 6 3* 1,6,1.0,False,control>lesion
13249,3-8-4-5-8-3,4 3* 5 6 3* 4,6,1.0,False,lesion>control
13250,3-8-4-7-0-3,4 3* 5 2* 1 4,6,1.0,False,lesion>control
13251,3-8-4-8-0-8,4 3* 5 3* 1 3*,6,1.0,False,control>lesion
13252,3-8-4-8-3-1,4 3* 5 3* 4 2,6,1.0,False,lesion>control
13253,3-8-4-8-4-8,4 3* 5 3* 5 3*,6,1.0,False,lesion>control
13254,3-8-4-8-5-1,4 3* 5 3* 6 2,6,1.0,False,lesion>control
13255,3-8-5-0-1-3,4 3* 6 1 2 4,6,1.0,False,control>lesion
13256,3-8-5-0-1-5,4 3* 6 1 2 6,6,1.0,False,lesion>control
13257,3-8-5-0-2-5,4 3* 6 1 3 6,6,1.0,False,lesion>control
13258,3-8-5-0-4-5,4 3* 6 1 5 6,6,1.0,False,lesion>control
13259,3-8-5-0-7-3,4 3* 6 1 2* 4,6,1.0,False,lesion>control
13260,3-8-5-0-8-7,4 3* 6 1 3* 2*,6,1.0,False,lesion>control
13261,3-8-5-1-3-8,4 3* 6 2 4 3*,6,1.0,False,lesion>control
13262,3-8-5-1-5-8,4 3* 6 2 6 3*,6,1.0,False,lesion>control
13263,3-8-5-1-8-5,4 3* 6 2 3* 6,6,1.0,False,lesion>control
13264,3-8-5-2-3-0,4 3* 6 3 4 1,6,1.0,False,control>lesion
13265,3-8-5-2-4-7,4 3* 6 3 5 2*,6,1.0,False,lesion>control
13266,3-8-5-2-4-8,4 3* 6 3 5 3*,6,1.0,False,control>lesion
13267,3-8-5-2-5-2,4 3* 6 3 6 3,6,1.0,False,lesion>control
13268,3-8-5-2-5-8,4 3* 6 3 6 3*,6,1.0,False,lesion>control
13269,3-8-5-2-7-0,4 3* 6 3 2* 1,6,1.0,False,lesion>control
13270,3-8-5-3-1-0,4 3* 6 4 2 1,6,1.0,False,control>lesion
13271,3-8-5-3-1-3,4 3* 6 4 2 4,6,1.0,False,lesion>control
13272,3-8-5-3-2-7,4 3* 6 4 3 2*,6,1.0,False,control>lesion
13273,3-8-5-3-5-0,4 3* 6 4 6 1,6,1.0,False,lesion>control
13274,3-8-5-3-7-0,4 3* 6 4 2* 1,6,1.0,False,control>lesion
13275,3-8-5-4-1-5,4 3* 6 5 2 6,6,1.0,False,control>lesion
13276,3-8-5-4-1-8,4 3* 6 5 2 3*,6,1.0,False,lesion>control
13277,3-8-5-4-2-1,4 3* 6 5 3 2,6,1.0,False,control>lesion
13278,3-8-5-4-2-7,4 3* 6 5 3 2*,6,1.0,False,lesion>control
13279,3-8-5-4-5-4,4 3* 6 5 6 5,6,1.0,False,control>lesion
13280,3-8-5-4-8-0,4 3* 6 5 3* 1,6,1.0,False,lesion>control
13281,3-8-5-4-8-3,4 3* 6 5 3* 4,6,1.0,False,lesion>control
13282,3-8-5-4-9-8,4 3* 6 5 4* 3*,6,1.0,False,lesion>control
13283,3-8-5-8-0-1,4 3* 6 3* 1 2,6,1.0,False,lesion>control
13284,3-8-5-8-7-0,4 3* 6 3* 2* 1,6,1.0,False,control>lesion
13285,3-8-5-8-7-4,4 3* 6 3* 2* 5,6,1.0,False,lesion>control
13286,3-8-5-8-9-5,4 3* 6 3* 4* 6,6,1.0,False,control>lesion
13287,3-8-7-0-1-1,4 3* 2* 1 2 2,6,1.0,False,lesion>control
13288,3-8-7-0-3-0,4 3* 2* 1 4 1,6,1.0,False,lesion>control
13289,3-8-7-0-4-1,4 3* 2* 1 5 2,6,1.0,False,lesion>control
13290,3-8-7-0-5-0,4 3* 2* 1 6 1,6,1.0,False,lesion>control
13291,3-8-7-1-0-3,4 3* 2* 2 1 4,6,1.0,False,lesion>control
13292,3-8-7-2-0-2,4 3* 2* 3 1 3,6,1.0,False,lesion>control
13293,3-8-7-2-1-8,4 3* 2* 3 2 3*,6,1.0,False,lesion>control
13294,3-8-7-3-0-5,4 3* 2* 4 1 6,6,1.0,False,control>lesion
13295,3-8-7-3-1-8,4 3* 2* 4 2 3*,6,1.0,False,lesion>control
13296,3-8-7-3-4-1,4 3* 2* 4 5 2,6,1.0,False,control>lesion
13297,3-8-7-3-5-3,4 3* 2* 4 6 4,6,1.0,False,lesion>control
13298,3-8-7-4-1-3,4 3* 2* 5 2 4,6,1.0,False,lesion>control
13299,3-8-7-4-3-4,4 3* 2* 5 4 5,6,1.0,False,lesion>control
13300,3-8-7-4-5-3,4 3* 2* 5 6 4,6,1.0,False,lesion>control
13301,3-8-7-4-8-5,4 3* 2* 5 3* 6,6,1.0,False,lesion>control
13302,3-8-7-5-0-5,4 3* 2* 6 1 6,6,1.0,False,control>lesion
13303,3-8-7-5-4-5,4 3* 2* 6 5 6,6,1.0,False,lesion>control
13304,3-8-7-5-8-4,4 3* 2* 6 3* 5,6,1.0,False,lesion>control
13305,3-8-7-8-0-2,4 3* 2* 3* 1 3,6,1.0,False,lesion>control
13306,3-8-7-8-0-3,4 3* 2* 3* 1 4,6,1.0,False,control>lesion
13307,3-8-7-8-0-9,4 3* 2* 3* 1 4*,6,1.0,False,lesion>control
13308,3-8-7-8-1-1,4 3* 2* 3* 2 2,6,1.0,False,control>lesion
13309,3-8-7-8-3-8,4 3* 2* 3* 4 3*,6,1.0,False,control>lesion
13310,3-8-7-8-5-1,4 3* 2* 3* 6 2,6,1.0,False,control>lesion
13311,3-8-7-8-5-9,4 3* 2* 3* 6 4*,6,1.0,False,control>lesion
13312,3-8-7-8-8-7,4 3* 2* 3* 3* 2*,6,1.0,False,control>lesion
13313,3-8-8-5-4-8,4 3* 3* 6 5 3*,6,1.0,False,lesion>control
13314,3-8-8-7-0-5,4 3* 3* 2* 1 6,6,1.0,False,lesion>control
13315,3-8-8-7-0-8,4 3* 3* 2* 1 3*,6,1.0,False,control>lesion
13316,3-8-8-7-3-4,4 3* 3* 2* 4 5,6,1.0,False,control>lesion
13317,3-8-8-7-3-8,4 3* 3* 2* 4 3*,6,1.0,False,control>lesion
13318,3-8-8-9-8-7,4 3* 3* 4* 3* 2*,6,1.0,False,control>lesion
13319,3-8-9-1-8-9,4 3* 4* 2 3* 4*,6,1.0,False,control>lesion
13320,3-8-9-4-5-8,4 3* 4* 5 6 3*,6,1.0,False,lesion>control
13321,3-8-9-5-3-0,4 3* 4* 6 4 1,6,1.0,False,control>lesion
13322,3-8-9-8-3-1,4 3* 4* 3* 4 2,6,1.0,False,lesion>control
13323,3-8-9-8-4-3,4 3* 4* 3* 5 4,6,1.0,False,lesion>control
13324,3-8-9-8-7-3,4 3* 4* 3* 2* 4,6,1.0,False,lesion>control
13325,4-0-1-0-1-8,5 1 2 1 2 3*,6,1.0,False,control>lesion
13326,4-0-1-0-3-8,5 1 2 1 4 3*,6,1.0,False,control>lesion
13327,4-0-1-0-5-1,5 1 2 1 6 2,6,1.0,False,control>lesion
13328,4-0-1-0-5-4,5 1 2 1 6 5,6,1.0,False,control>lesion
13329,4-0-1-0-5-8,5 1 2 1 6 3*,6,1.0,False,lesion>control
13330,4-0-1-0-8-9,5 1 2 1 3* 4*,6,1.0,False,lesion>control
13331,4-0-1-3-1-0,5 1 2 4 2 1,6,1.0,False,control>lesion
13332,4-0-1-3-4-0,5 1 2 4 5 1,6,1.0,False,control>lesion
13333,4-0-1-3-4-8,5 1 2 4 5 3*,6,1.0,False,lesion>control
13334,4-0-1-3-5-0,5 1 2 4 6 1,6,1.0,False,lesion>control
13335,4-0-1-3-8-1,5 1 2 4 3* 2,6,1.0,False,control>lesion
13336,4-0-1-3-8-3,5 1 2 4 3* 4,6,1.0,False,control>lesion
13337,4-0-1-3-8-7,5 1 2 4 3* 2*,6,1.0,False,control>lesion
13338,4-0-1-4-0-1,5 1 2 5 1 2,6,1.0,False,control>lesion
13339,4-0-1-4-3-5,5 1 2 5 4 6,6,1.0,False,lesion>control
13340,4-0-1-5-3-8,5 1 2 6 4 3*,6,1.0,False,control>lesion
13341,4-0-1-5-4-0,5 1 2 6 5 1,6,1.0,False,control>lesion
13342,4-0-1-5-4-3,5 1 2 6 5 4,6,1.0,False,control>lesion
13343,4-0-1-5-4-5,5 1 2 6 5 6,6,1.0,False,control>lesion
13344,4-0-1-5-8-9,5 1 2 6 3* 4*,6,1.0,False,control>lesion
13345,4-0-1-8-0-0,5 1 2 3* 1 1,6,1.0,False,control>lesion
13346,4-0-1-8-9-0,5 1 2 3* 4* 1,6,1.0,False,lesion>control
13347,4-0-1-8-9-4,5 1 2 3* 4* 5,6,1.0,False,lesion>control
13348,4-0-1-8-9-5,5 1 2 3* 4* 6,6,1.0,False,lesion>control
13349,4-0-2-5-5-8,5 1 3 6 6 3*,6,1.0,False,lesion>control
13350,4-0-3-0-1-3,5 1 4 1 2 4,6,1.0,False,lesion>control
13351,4-0-3-0-1-8,5 1 4 1 2 3*,6,1.0,False,lesion>control
13352,4-0-3-0-5-0,5 1 4 1 6 1,6,1.0,False,lesion>control
13353,4-0-3-1-0-4,5 1 4 2 1 5,6,1.0,False,lesion>control
13354,4-0-3-1-5-8,5 1 4 2 6 3*,6,1.0,False,lesion>control
13355,4-0-3-4-5-4,5 1 4 5 6 5,6,1.0,False,control>lesion
13356,4-0-3-5-0-3,5 1 4 6 1 4,6,1.0,False,lesion>control
13357,4-0-3-5-0-4,5 1 4 6 1 5,6,1.0,False,lesion>control
13358,4-0-3-5-0-8,5 1 4 6 1 3*,6,1.0,False,lesion>control
13359,4-0-3-5-1-0,5 1 4 6 2 1,6,1.0,False,control>lesion
13360,4-0-3-5-1-5,5 1 4 6 2 6,6,1.0,False,lesion>control
13361,4-0-3-5-3-5,5 1 4 6 4 6,6,1.0,False,control>lesion
13362,4-0-3-5-4-0,5 1 4 6 5 1,6,1.0,False,lesion>control
13363,4-0-3-5-4-3,5 1 4 6 5 4,6,1.0,False,control>lesion
13364,4-0-3-5-4-5,5 1 4 6 5 6,6,1.0,False,lesion>control
13365,4-0-3-5-8-5,5 1 4 6 3* 6,6,1.0,False,control>lesion
13366,4-0-3-8-3-1,5 1 4 3* 4 2,6,1.0,False,lesion>control
13367,4-0-3-8-7-0,5 1 4 3* 2* 1,6,1.0,False,lesion>control
13368,4-0-3-8-7-3,5 1 4 3* 2* 4,6,1.0,False,lesion>control
13369,4-0-3-8-8-7,5 1 4 3* 3* 2*,6,1.0,False,control>lesion
13370,4-0-4-0-3-0,5 1 5 1 4 1,6,1.0,False,lesion>control
13371,4-0-4-3-0-5,5 1 5 4 1 6,6,1.0,False,lesion>control
13372,4-0-4-5-3-5,5 1 5 6 4 6,6,1.0,False,lesion>control
13373,4-0-4-8-0-2,5 1 5 3* 1 3,6,1.0,False,control>lesion
13374,4-0-5-0-1-5,5 1 6 1 2 6,6,1.0,False,lesion>control
13375,4-0-5-0-1-8,5 1 6 1 2 3*,6,1.0,False,lesion>control
13376,4-0-5-0-3-0,5 1 6 1 4 1,6,1.0,False,lesion>control
13377,4-0-5-0-3-4,5 1 6 1 4 5,6,1.0,False,control>lesion
13378,4-0-5-0-3-5,5 1 6 1 4 6,6,1.0,False,control>lesion
13379,4-0-5-0-3-8,5 1 6 1 4 3*,6,1.0,False,control>lesion
13380,4-0-5-0-4-5,5 1 6 1 5 6,6,1.0,False,lesion>control
13381,4-0-5-0-5-0,5 1 6 1 6 1,6,1.0,False,lesion>control
13382,4-0-5-0-5-8,5 1 6 1 6 3*,6,1.0,False,lesion>control
13383,4-0-5-0-8-7,5 1 6 1 3* 2*,6,1.0,False,control>lesion
13384,4-0-5-1-0-1,5 1 6 2 1 2,6,1.0,False,control>lesion
13385,4-0-5-1-3-4,5 1 6 2 4 5,6,1.0,False,control>lesion
13386,4-0-5-2-3-0,5 1 6 3 4 1,6,1.0,False,control>lesion
13387,4-0-5-3-0-4,5 1 6 4 1 5,6,1.0,False,control>lesion
13388,4-0-5-3-1-0,5 1 6 4 2 1,6,1.0,False,control>lesion
13389,4-0-5-3-8-7,5 1 6 4 3* 2*,6,1.0,False,control>lesion
13390,4-0-5-4-1-0,5 1 6 5 2 1,6,1.0,False,control>lesion
13391,4-0-5-4-1-8,5 1 6 5 2 3*,6,1.0,False,lesion>control
13392,4-0-5-8-1-0,5 1 6 3* 2 1,6,1.0,False,lesion>control
13393,4-0-5-8-3-0,5 1 6 3* 4 1,6,1.0,False,control>lesion
13394,4-0-5-8-3-1,5 1 6 3* 4 2,6,1.0,False,control>lesion
13395,4-0-5-8-3-3,5 1 6 3* 4 4,6,1.0,False,control>lesion
13396,4-0-5-8-4-5,5 1 6 3* 5 6,6,1.0,False,control>lesion
13397,4-0-5-8-5-2,5 1 6 3* 6 3,6,1.0,False,lesion>control
13398,4-0-5-8-7-0,5 1 6 3* 2* 1,6,1.0,False,lesion>control
13399,4-0-8-0-4-0,5 1 3* 1 5 1,6,1.0,False,control>lesion
13400,4-0-8-0-5-4,5 1 3* 1 6 5,6,1.0,False,control>lesion
13401,4-0-8-0-8-3,5 1 3* 1 3* 4,6,1.0,False,lesion>control
13402,4-0-8-0-9-0,5 1 3* 1 4* 1,6,1.0,False,control>lesion
13403,4-0-8-3-0-1,5 1 3* 4 1 2,6,1.0,False,lesion>control
13404,4-0-8-3-1-3,5 1 3* 4 2 4,6,1.0,False,lesion>control
13405,4-0-8-3-4-8,5 1 3* 4 5 3*,6,1.0,False,lesion>control
13406,4-0-8-3-5-8,5 1 3* 4 6 3*,6,1.0,False,lesion>control
13407,4-0-8-5-1-3,5 1 3* 6 2 4,6,1.0,False,control>lesion
13408,4-0-8-5-4-8,5 1 3* 6 5 3*,6,1.0,False,control>lesion
13409,4-0-8-7-0-1,5 1 3* 2* 1 2,6,1.0,False,lesion>control
13410,4-0-8-7-0-8,5 1 3* 2* 1 3*,6,1.0,False,lesion>control
13411,4-0-8-9-4-5,5 1 3* 4* 5 6,6,1.0,False,lesion>control
13412,4-0-8-9-4-8,5 1 3* 4* 5 3*,6,1.0,False,control>lesion
13413,4-0-8-9-8-7,5 1 3* 4* 3* 2*,6,1.0,False,control>lesion
13414,4-1-0-1-0-8,5 2 1 2 1 3*,6,1.0,False,control>lesion
13415,4-1-0-1-3-0,5 2 1 2 4 1,6,1.0,False,control>lesion
13416,4-1-0-1-3-8,5 2 1 2 4 3*,6,1.0,False,control>lesion
13417,4-1-0-1-4-5,5 2 1 2 5 6,6,1.0,False,control>lesion
13418,4-1-0-1-8-1,5 2 1 2 3* 2,6,1.0,False,control>lesion
13419,4-1-0-3-0-3,5 2 1 4 1 4,6,1.0,False,lesion>control
13420,4-1-0-3-5-3,5 2 1 4 6 4,6,1.0,False,lesion>control
13421,4-1-0-3-5-4,5 2 1 4 6 5,6,1.0,False,control>lesion
13422,4-1-0-3-5-8,5 2 1 4 6 3*,6,1.0,False,control>lesion
13423,4-1-0-3-8-0,5 2 1 4 3* 1,6,1.0,False,control>lesion
13424,4-1-0-3-8-3,5 2 1 4 3* 4,6,1.0,False,lesion>control
13425,4-1-0-3-8-7,5 2 1 4 3* 2*,6,1.0,False,lesion>control
13426,4-1-0-4-8-0,5 2 1 5 3* 1,6,1.0,False,lesion>control
13427,4-1-0-5-0-5,5 2 1 6 1 6,6,1.0,False,lesion>control
13428,4-1-0-5-0-8,5 2 1 6 1 3*,6,1.0,False,control>lesion
13429,4-1-0-5-1-5,5 2 1 6 2 6,6,1.0,False,lesion>control
13430,4-1-0-5-3-8,5 2 1 6 4 3*,6,1.0,False,control>lesion
13431,4-1-0-5-4-0,5 2 1 6 5 1,6,1.0,False,control>lesion
13432,4-1-0-5-8-0,5 2 1 6 3* 1,6,1.0,False,lesion>control
13433,4-1-0-5-8-7,5 2 1 6 3* 2*,6,1.0,False,control>lesion
13434,4-1-0-5-8-9,5 2 1 6 3* 4*,6,1.0,False,lesion>control
13435,4-1-0-8-0-5,5 2 1 3* 1 6,6,1.0,False,lesion>control
13436,4-1-0-8-1-4,5 2 1 3* 2 5,6,1.0,False,lesion>control
13437,4-1-0-8-5-2,5 2 1 3* 6 3,6,1.0,False,control>lesion
13438,4-1-0-8-5-4,5 2 1 3* 6 5,6,1.0,False,control>lesion
13439,4-1-1-0-1-3,5 2 2 1 2 4,6,1.0,False,lesion>control
13440,4-1-2-4-3-0,5 2 3 5 4 1,6,1.0,False,control>lesion
13441,4-1-3-0-1-3,5 2 4 1 2 4,6,1.0,False,lesion>control
13442,4-1-3-0-1-4,5 2 4 1 2 5,6,1.0,False,lesion>control
13443,4-1-3-0-5-3,5 2 4 1 6 4,6,1.0,False,lesion>control
13444,4-1-3-0-5-8,5 2 4 1 6 3*,6,1.0,False,lesion>control
13445,4-1-3-0-8-3,5 2 4 1 3* 4,6,1.0,False,lesion>control
13446,4-1-3-1-3-0,5 2 4 2 4 1,6,1.0,False,lesion>control
13447,4-1-3-1-3-1,5 2 4 2 4 2,6,1.0,False,lesion>control
13448,4-1-3-1-5-8,5 2 4 2 6 3*,6,1.0,False,lesion>control
13449,4-1-3-4-0-3,5 2 4 5 1 4,6,1.0,False,lesion>control
13450,4-1-3-4-5-0,5 2 4 5 6 1,6,1.0,False,lesion>control
13451,4-1-3-5-1-8,5 2 4 6 2 3*,6,1.0,False,control>lesion
13452,4-1-3-8-3-0,5 2 4 3* 4 1,6,1.0,False,control>lesion
13453,4-1-3-8-3-4,5 2 4 3* 4 5,6,1.0,False,control>lesion
13454,4-1-3-8-3-8,5 2 4 3* 4 3*,6,1.0,False,lesion>control
13455,4-1-3-8-7-4,5 2 4 3* 2* 5,6,1.0,False,lesion>control
13456,4-1-4-0-4-0,5 2 5 1 5 1,6,1.0,False,lesion>control
13457,4-1-4-1-4-2,5 2 5 2 5 3,6,1.0,False,lesion>control
13458,4-1-4-2-0-2,5 2 5 3 1 3,6,1.0,False,lesion>control
13459,4-1-4-5-0-8,5 2 5 6 1 3*,6,1.0,False,lesion>control
13460,4-1-4-5-3-4,5 2 5 6 4 5,6,1.0,False,lesion>control
13461,4-1-4-8-5-3,5 2 5 3* 6 4,6,1.0,False,lesion>control
13462,4-1-5-1-8-1,5 2 6 2 3* 2,6,1.0,False,lesion>control
13463,4-1-5-2-5-3,5 2 6 3 6 4,6,1.0,False,control>lesion
13464,4-1-5-4-0-1,5 2 6 5 1 2,6,1.0,False,lesion>control
13465,4-1-5-4-0-8,5 2 6 5 1 3*,6,1.0,False,control>lesion
13466,4-1-5-4-1-0,5 2 6 5 2 1,6,1.0,False,lesion>control
13467,4-1-5-8-1-3,5 2 6 3* 2 4,6,1.0,False,lesion>control
13468,4-1-8-0-8-3,5 2 3* 1 3* 4,6,1.0,False,control>lesion
13469,4-1-8-0-9-5,5 2 3* 1 4* 6,6,1.0,False,lesion>control
13470,4-1-8-1-0-3,5 2 3* 2 1 4,6,1.0,False,control>lesion
13471,4-1-8-1-3-1,5 2 3* 2 4 2,6,1.0,False,lesion>control
13472,4-1-8-1-8-0,5 2 3* 2 3* 1,6,1.0,False,lesion>control
13473,4-1-8-9-4-8,5 2 3* 4* 5 3*,6,1.0,False,lesion>control
13474,4-1-8-9-8-3,5 2 3* 4* 3* 4,6,1.0,False,control>lesion
13475,4-2-0-1-3-4,5 3 1 2 4 5,6,1.0,False,lesion>control
13476,4-2-0-1-5-8,5 3 1 2 6 3*,6,1.0,False,control>lesion
13477,4-2-0-2-0-5,5 3 1 3 1 6,6,1.0,False,lesion>control
13478,4-2-0-2-1-2,5 3 1 3 2 3,6,1.0,False,lesion>control
13479,4-2-0-2-5-1,5 3 1 3 6 2,6,1.0,False,control>lesion
13480,4-2-0-2-9-8,5 3 1 3 4* 3*,6,1.0,False,control>lesion
13481,4-2-0-8-3-8,5 3 1 3* 4 3*,6,1.0,False,control>lesion
13482,4-2-1-0-1-2,5 3 2 1 2 3,6,1.0,False,lesion>control
13483,4-2-1-0-1-3,5 3 2 1 2 4,6,1.0,False,lesion>control
13484,4-2-1-0-5-8,5 3 2 1 6 3*,6,1.0,False,lesion>control
13485,4-2-1-1-0-8,5 3 2 2 1 3*,6,1.0,False,lesion>control
13486,4-2-1-2-9-8,5 3 2 3 4* 3*,6,1.0,False,lesion>control
13487,4-2-1-3-8-3,5 3 2 4 3* 4,6,1.0,False,control>lesion
13488,4-2-1-8-1-0,5 3 2 3* 2 1,6,1.0,False,control>lesion
13489,4-2-1-8-1-3,5 3 2 3* 2 4,6,1.0,False,lesion>control
13490,4-2-1-8-4-2,5 3 2 3* 5 3,6,1.0,False,lesion>control
13491,4-2-1-8-4-5,5 3 2 3* 5 6,6,1.0,False,lesion>control
13492,4-2-1-8-4-8,5 3 2 3* 5 3*,6,1.0,False,lesion>control
13493,4-2-1-8-5-8,5 3 2 3* 6 3*,6,1.0,False,lesion>control
13494,4-2-1-8-9-5,5 3 2 3* 4* 6,6,1.0,False,control>lesion
13495,4-2-1-9-8-7,5 3 2 4* 3* 2*,6,1.0,False,lesion>control
13496,4-2-3-2-5-8,5 3 4 3 6 3*,6,1.0,False,lesion>control
13497,4-2-3-5-0-1,5 3 4 6 1 2,6,1.0,False,control>lesion
13498,4-2-3-5-1-3,5 3 4 6 2 4,6,1.0,False,lesion>control
13499,4-2-3-8-3-8,5 3 4 3* 4 3*,6,1.0,False,control>lesion
13500,4-2-4-9-8-7,5 3 5 4* 3* 2*,6,1.0,False,lesion>control
13501,4-2-5-3-7-8,5 3 6 4 2* 3*,6,1.0,False,lesion>control
13502,4-2-5-8-9-8,5 3 6 3* 4* 3*,6,1.0,False,control>lesion
13503,4-2-7-0-3-8,5 3 2* 1 4 3*,6,1.0,False,lesion>control
13504,4-2-7-4-8-1,5 3 2* 5 3* 2,6,1.0,False,lesion>control
13505,4-2-7-5-3-8,5 3 2* 6 4 3*,6,1.0,False,lesion>control
13506,4-2-7-5-8-9,5 3 2* 6 3* 4*,6,1.0,False,lesion>control
13507,4-2-7-8-1-0,5 3 2* 3* 2 1,6,1.0,False,lesion>control
13508,4-2-7-8-1-8,5 3 2* 3* 2 3*,6,1.0,False,lesion>control
13509,4-2-7-8-9-8,5 3 2* 3* 4* 3*,6,1.0,False,lesion>control
13510,4-2-9-1-8-9,5 3 4* 2 3* 4*,6,1.0,False,control>lesion
13511,4-2-9-8-3-8,5 3 4* 3* 4 3*,6,1.0,False,lesion>control
13512,4-2-9-8-5-2,5 3 4* 3* 6 3,6,1.0,False,lesion>control
13513,4-3-0-1-0-1,5 4 1 2 1 2,6,1.0,False,control>lesion
13514,4-3-0-1-0-8,5 4 1 2 1 3*,6,1.0,False,control>lesion
13515,4-3-0-1-3-0,5 4 1 2 4 1,6,1.0,False,control>lesion
13516,4-3-0-1-3-4,5 4 1 2 4 5,6,1.0,False,control>lesion
13517,4-3-0-1-3-8,5 4 1 2 4 3*,6,1.0,False,lesion>control
13518,4-3-0-1-5-3,5 4 1 2 6 4,6,1.0,False,control>lesion
13519,4-3-0-1-8-0,5 4 1 2 3* 1,6,1.0,False,control>lesion
13520,4-3-0-1-8-4,5 4 1 2 3* 5,6,1.0,False,control>lesion
13521,4-3-0-3-5-0,5 4 1 4 6 1,6,1.0,False,lesion>control
13522,4-3-0-3-5-4,5 4 1 4 6 5,6,1.0,False,lesion>control
13523,4-3-0-3-8-3,5 4 1 4 3* 4,6,1.0,False,lesion>control
13524,4-3-0-4-0-5,5 4 1 5 1 6,6,1.0,False,lesion>control
13525,4-3-0-5-0-3,5 4 1 6 1 4,6,1.0,False,lesion>control
13526,4-3-0-5-0-4,5 4 1 6 1 5,6,1.0,False,control>lesion
13527,4-3-0-5-0-5,5 4 1 6 1 6,6,1.0,False,lesion>control
13528,4-3-0-5-0-8,5 4 1 6 1 3*,6,1.0,False,lesion>control
13529,4-3-0-5-1-2,5 4 1 6 2 3,6,1.0,False,control>lesion
13530,4-3-0-5-3-4,5 4 1 6 4 5,6,1.0,False,control>lesion
13531,4-3-0-5-3-5,5 4 1 6 4 6,6,1.0,False,control>lesion
13532,4-3-0-5-4-0,5 4 1 6 5 1,6,1.0,False,control>lesion
13533,4-3-0-5-8-0,5 4 1 6 3* 1,6,1.0,False,control>lesion
13534,4-3-0-5-8-7,5 4 1 6 3* 2*,6,1.0,False,lesion>control
13535,4-3-0-8-3-3,5 4 1 3* 4 4,6,1.0,False,control>lesion
13536,4-3-0-8-3-5,5 4 1 3* 4 6,6,1.0,False,control>lesion
13537,4-3-0-8-7-5,5 4 1 3* 2* 6,6,1.0,False,control>lesion
13538,4-3-1-0-1-3,5 4 2 1 2 4,6,1.0,False,lesion>control
13539,4-3-1-0-1-5,5 4 2 1 2 6,6,1.0,False,lesion>control
13540,4-3-1-0-3-4,5 4 2 1 4 5,6,1.0,False,lesion>control
13541,4-3-1-0-3-8,5 4 2 1 4 3*,6,1.0,False,control>lesion
13542,4-3-1-0-5-1,5 4 2 1 6 2,6,1.0,False,lesion>control
13543,4-3-1-0-5-4,5 4 2 1 6 5,6,1.0,False,control>lesion
13544,4-3-1-0-8-4,5 4 2 1 3* 5,6,1.0,False,lesion>control
13545,4-3-1-3-8-7,5 4 2 4 3* 2*,6,1.0,False,lesion>control
13546,4-3-1-4-1-8,5 4 2 5 2 3*,6,1.0,False,control>lesion
13547,4-3-1-5-3-1,5 4 2 6 4 2,6,1.0,False,control>lesion
13548,4-3-1-5-4-1,5 4 2 6 5 2,6,1.0,False,lesion>control
13549,4-3-1-8-1-0,5 4 2 3* 2 1,6,1.0,False,control>lesion
13550,4-3-1-8-1-3,5 4 2 3* 2 4,6,1.0,False,control>lesion
13551,4-3-1-8-1-8,5 4 2 3* 2 3*,6,1.0,False,control>lesion
13552,4-3-1-8-9-1,5 4 2 3* 4* 2,6,1.0,False,control>lesion
13553,4-3-1-8-9-4,5 4 2 3* 4* 5,6,1.0,False,control>lesion
13554,4-3-2-1-0-1,5 4 3 2 1 2,6,1.0,False,lesion>control
13555,4-3-2-1-3-8,5 4 3 2 4 3*,6,1.0,False,control>lesion
13556,4-3-2-5-8-1,5 4 3 6 3* 2,6,1.0,False,lesion>control
13557,4-3-3-4-5-1,5 4 4 5 6 2,6,1.0,False,control>lesion
13558,4-3-4-0-1-0,5 4 5 1 2 1,6,1.0,False,lesion>control
13559,4-3-4-0-3-5,5 4 5 1 4 6,6,1.0,False,lesion>control
13560,4-3-4-0-8-0,5 4 5 1 3* 1,6,1.0,False,lesion>control
13561,4-3-4-1-0-3,5 4 5 2 1 4,6,1.0,False,control>lesion
13562,4-3-4-3-0-5,5 4 5 4 1 6,6,1.0,False,control>lesion
13563,4-3-4-3-1-4,5 4 5 4 2 5,6,1.0,False,control>lesion
13564,4-3-4-3-4-0,5 4 5 4 5 1,6,1.0,False,lesion>control
13565,4-3-4-3-4-3,5 4 5 4 5 4,6,1.0,False,control>lesion
13566,4-3-4-3-4-5,5 4 5 4 5 6,6,1.0,False,control>lesion
13567,4-3-4-3-8-0,5 4 5 4 3* 1,6,1.0,False,control>lesion
13568,4-3-4-5-0-1,5 4 5 6 1 2,6,1.0,False,control>lesion
13569,4-3-4-5-1-0,5 4 5 6 2 1,6,1.0,False,control>lesion
13570,4-3-4-5-4-8,5 4 5 6 5 3*,6,1.0,False,control>lesion
13571,4-3-4-8-0-8,5 4 5 3* 1 3*,6,1.0,False,control>lesion
13572,4-3-4-8-7-8,5 4 5 3* 2* 3*,6,1.0,False,control>lesion
13573,4-3-5-0-1-5,5 4 6 1 2 6,6,1.0,False,control>lesion
13574,4-3-5-0-3-0,5 4 6 1 4 1,6,1.0,False,lesion>control
13575,4-3-5-0-3-5,5 4 6 1 4 6,6,1.0,False,control>lesion
13576,4-3-5-0-5-3,5 4 6 1 6 4,6,1.0,False,control>lesion
13577,4-3-5-1-0-5,5 4 6 2 1 6,6,1.0,False,control>lesion
13578,4-3-5-1-5-4,5 4 6 2 6 5,6,1.0,False,control>lesion
13579,4-3-5-3-1-8,5 4 6 4 2 3*,6,1.0,False,control>lesion
13580,4-3-5-3-5-3,5 4 6 4 6 4,6,1.0,False,control>lesion
13581,4-3-5-3-8-7,5 4 6 4 3* 2*,6,1.0,False,control>lesion
13582,4-3-5-4-0-5,5 4 6 5 1 6,6,1.0,False,lesion>control
13583,4-3-5-4-0-8,5 4 6 5 1 3*,6,1.0,False,control>lesion
13584,4-3-5-4-1-0,5 4 6 5 2 1,6,1.0,False,control>lesion
13585,4-3-5-4-1-3,5 4 6 5 2 4,6,1.0,False,lesion>control
13586,4-3-5-4-3-4,5 4 6 5 4 5,6,1.0,False,control>lesion
13587,4-3-5-4-3-5,5 4 6 5 4 6,6,1.0,False,control>lesion
13588,4-3-5-4-3-8,5 4 6 5 4 3*,6,1.0,False,control>lesion
13589,4-3-5-4-5-3,5 4 6 5 6 4,6,1.0,False,lesion>control
13590,4-3-5-4-8-0,5 4 6 5 3* 1,6,1.0,False,control>lesion
13591,4-3-5-4-8-7,5 4 6 5 3* 2*,6,1.0,False,lesion>control
13592,4-3-5-8-7-3,5 4 6 3* 2* 4,6,1.0,False,control>lesion
13593,4-3-8-0-1-4,5 4 3* 1 2 5,6,1.0,False,control>lesion
13594,4-3-8-0-3-1,5 4 3* 1 4 2,6,1.0,False,control>lesion
13595,4-3-8-0-3-4,5 4 3* 1 4 5,6,1.0,False,control>lesion
13596,4-3-8-0-3-8,5 4 3* 1 4 3*,6,1.0,False,lesion>control
13597,4-3-8-0-5-0,5 4 3* 1 6 1,6,1.0,False,control>lesion
13598,4-3-8-0-5-4,5 4 3* 1 6 5,6,1.0,False,lesion>control
13599,4-3-8-0-8-0,5 4 3* 1 3* 1,6,1.0,False,control>lesion
13600,4-3-8-1-0-4,5 4 3* 2 1 5,6,1.0,False,lesion>control
13601,4-3-8-1-0-5,5 4 3* 2 1 6,6,1.0,False,control>lesion
13602,4-3-8-1-2-3,5 4 3* 2 3 4,6,1.0,False,lesion>control
13603,4-3-8-1-3-8,5 4 3* 2 4 3*,6,1.0,False,lesion>control
13604,4-3-8-1-8-1,5 4 3* 2 3* 2,6,1.0,False,control>lesion
13605,4-3-8-3-0-1,5 4 3* 4 1 2,6,1.0,False,control>lesion
13606,4-3-8-3-0-4,5 4 3* 4 1 5,6,1.0,False,control>lesion
13607,4-3-8-3-0-5,5 4 3* 4 1 6,6,1.0,False,lesion>control
13608,4-3-8-3-2-7,5 4 3* 4 3 2*,6,1.0,False,lesion>control
13609,4-3-8-3-3-8,5 4 3* 4 4 3*,6,1.0,False,lesion>control
13610,4-3-8-3-4-0,5 4 3* 4 5 1,6,1.0,False,control>lesion
13611,4-3-8-3-5-1,5 4 3* 4 6 2,6,1.0,False,control>lesion
13612,4-3-8-3-5-3,5 4 3* 4 6 4,6,1.0,False,lesion>control
13613,4-3-8-4-8-7,5 4 3* 5 3* 2*,6,1.0,False,lesion>control
13614,4-3-8-5-3-8,5 4 3* 6 4 3*,6,1.0,False,lesion>control
13615,4-3-8-5-4-1,5 4 3* 6 5 2,6,1.0,False,lesion>control
13616,4-3-8-5-4-2,5 4 3* 6 5 3,6,1.0,False,lesion>control
13617,4-3-8-5-8-7,5 4 3* 6 3* 2*,6,1.0,False,lesion>control
13618,4-3-8-7-3-0,5 4 3* 2* 4 1,6,1.0,False,control>lesion
13619,4-3-8-7-3-1,5 4 3* 2* 4 2,6,1.0,False,control>lesion
13620,4-3-8-7-4-3,5 4 3* 2* 5 4,6,1.0,False,lesion>control
13621,4-3-8-7-5-8,5 4 3* 2* 6 3*,6,1.0,False,lesion>control
13622,4-3-8-7-8-0,5 4 3* 2* 3* 1,6,1.0,False,lesion>control
13623,4-3-8-7-8-4,5 4 3* 2* 3* 5,6,1.0,False,control>lesion
13624,4-3-8-7-8-8,5 4 3* 2* 3* 3*,6,1.0,False,control>lesion
13625,4-3-8-8-7-0,5 4 3* 3* 2* 1,6,1.0,False,control>lesion
13626,4-3-8-8-7-8,5 4 3* 3* 2* 3*,6,1.0,False,control>lesion
13627,4-3-8-9-5-3,5 4 3* 4* 6 4,6,1.0,False,control>lesion
13628,4-5-0-1-0-1,5 6 1 2 1 2,6,1.0,False,control>lesion
13629,4-5-0-1-3-0,5 6 1 2 4 1,6,1.0,False,lesion>control
13630,4-5-0-1-4-5,5 6 1 2 5 6,6,1.0,False,control>lesion
13631,4-5-0-1-5-0,5 6 1 2 6 1,6,1.0,False,control>lesion
13632,4-5-0-1-5-3,5 6 1 2 6 4,6,1.0,False,control>lesion
13633,4-5-0-3-0-1,5 6 1 4 1 2,6,1.0,False,lesion>control
13634,4-5-0-3-0-3,5 6 1 4 1 4,6,1.0,False,lesion>control
13635,4-5-0-3-0-5,5 6 1 4 1 6,6,1.0,False,lesion>control
13636,4-5-0-3-5-1,5 6 1 4 6 2,6,1.0,False,control>lesion
13637,4-5-0-3-5-2,5 6 1 4 6 3,6,1.0,False,lesion>control
13638,4-5-0-3-5-8,5 6 1 4 6 3*,6,1.0,False,control>lesion
13639,4-5-0-3-8-7,5 6 1 4 3* 2*,6,1.0,False,lesion>control
13640,4-5-0-4-0-1,5 6 1 5 1 2,6,1.0,False,control>lesion
13641,4-5-0-4-0-5,5 6 1 5 1 6,6,1.0,False,control>lesion
13642,4-5-0-4-0-8,5 6 1 5 1 3*,6,1.0,False,control>lesion
13643,4-5-0-4-5-0,5 6 1 5 6 1,6,1.0,False,lesion>control
13644,4-5-0-4-5-1,5 6 1 5 6 2,6,1.0,False,lesion>control
13645,4-5-0-4-5-8,5 6 1 5 6 3*,6,1.0,False,lesion>control
13646,4-5-0-5-0-1,5 6 1 6 1 2,6,1.0,False,lesion>control
13647,4-5-0-5-1-0,5 6 1 6 2 1,6,1.0,False,control>lesion
13648,4-5-0-5-8-3,5 6 1 6 3* 4,6,1.0,False,control>lesion
13649,4-5-0-8-0-5,5 6 1 3* 1 6,6,1.0,False,control>lesion
13650,4-5-0-8-1-3,5 6 1 3* 2 4,6,1.0,False,lesion>control
13651,4-5-0-8-3-0,5 6 1 3* 4 1,6,1.0,False,lesion>control
13652,4-5-0-8-7-3,5 6 1 3* 2* 4,6,1.0,False,control>lesion
13653,4-5-0-8-9-4,5 6 1 3* 4* 5,6,1.0,False,lesion>control
13654,4-5-0-8-9-5,5 6 1 3* 4* 6,6,1.0,False,control>lesion
13655,4-5-0-9-4-0,5 6 1 4* 5 1,6,1.0,False,lesion>control
13656,4-5-1-0-3-8,5 6 2 1 4 3*,6,1.0,False,lesion>control
13657,4-5-1-0-4-1,5 6 2 1 5 2,6,1.0,False,lesion>control
13658,4-5-1-0-8-9,5 6 2 1 3* 4*,6,1.0,False,control>lesion
13659,4-5-1-2-5-1,5 6 2 3 6 2,6,1.0,False,lesion>control
13660,4-5-1-3-0-5,5 6 2 4 1 6,6,1.0,False,lesion>control
13661,4-5-1-3-0-8,5 6 2 4 1 3*,6,1.0,False,control>lesion
13662,4-5-1-3-1-0,5 6 2 4 2 1,6,1.0,False,control>lesion
13663,4-5-1-3-1-8,5 6 2 4 2 3*,6,1.0,False,lesion>control
13664,4-5-1-3-4-5,5 6 2 4 5 6,6,1.0,False,lesion>control
13665,4-5-1-3-5-1,5 6 2 4 6 2,6,1.0,False,control>lesion
13666,4-5-1-3-5-3,5 6 2 4 6 4,6,1.0,False,control>lesion
13667,4-5-1-4-5-8,5 6 2 5 6 3*,6,1.0,False,lesion>control
13668,4-5-1-5-0-1,5 6 2 6 1 2,6,1.0,False,lesion>control
13669,4-5-1-5-4-8,5 6 2 6 5 3*,6,1.0,False,control>lesion
13670,4-5-1-5-8-9,5 6 2 6 3* 4*,6,1.0,False,control>lesion
13671,4-5-1-8-0-1,5 6 2 3* 1 2,6,1.0,False,control>lesion
13672,4-5-1-8-1-8,5 6 2 3* 2 3*,6,1.0,False,lesion>control
13673,4-5-1-8-4-5,5 6 2 3* 5 6,6,1.0,False,lesion>control
13674,4-5-1-8-9-0,5 6 2 3* 4* 1,6,1.0,False,lesion>control
13675,4-5-1-8-9-5,5 6 2 3* 4* 6,6,1.0,False,lesion>control
13676,4-5-2-0-3-2,5 6 3 1 4 3,6,1.0,False,lesion>control
13677,4-5-2-0-8-3,5 6 3 1 3* 4,6,1.0,False,control>lesion
13678,4-5-2-1-3-4,5 6 3 2 4 5,6,1.0,False,lesion>control
13679,4-5-2-1-5-8,5 6 3 2 6 3*,6,1.0,False,lesion>control
13680,4-5-2-8-7-0,5 6 3 3* 2* 1,6,1.0,False,control>lesion
13681,4-5-3-0-1-5,5 6 4 1 2 6,6,1.0,False,control>lesion
13682,4-5-3-0-1-8,5 6 4 1 2 3*,6,1.0,False,control>lesion
13683,4-5-3-0-3-5,5 6 4 1 4 6,6,1.0,False,lesion>control
13684,4-5-3-0-3-8,5 6 4 1 4 3*,6,1.0,False,lesion>control
13685,4-5-3-0-4-0,5 6 4 1 5 1,6,1.0,False,control>lesion
13686,4-5-3-0-4-8,5 6 4 1 5 3*,6,1.0,False,lesion>control
13687,4-5-3-0-5-0,5 6 4 1 6 1,6,1.0,False,lesion>control
13688,4-5-3-0-5-3,5 6 4 1 6 4,6,1.0,False,control>lesion
13689,4-5-3-1-0-4,5 6 4 2 1 5,6,1.0,False,lesion>control
13690,4-5-3-1-0-8,5 6 4 2 1 3*,6,1.0,False,control>lesion
13691,4-5-3-1-2-3,5 6 4 2 3 4,6,1.0,False,control>lesion
13692,4-5-3-1-4-5,5 6 4 2 5 6,6,1.0,False,control>lesion
13693,4-5-3-1-5-0,5 6 4 2 6 1,6,1.0,False,control>lesion
13694,4-5-3-4-0-3,5 6 4 5 1 4,6,1.0,False,lesion>control
13695,4-5-3-4-3-4,5 6 4 5 4 5,6,1.0,False,control>lesion
13696,4-5-3-4-3-8,5 6 4 5 4 3*,6,1.0,False,control>lesion
13697,4-5-3-4-5-3,5 6 4 5 6 4,6,1.0,False,control>lesion
13698,4-5-3-4-8-0,5 6 4 5 3* 1,6,1.0,False,lesion>control
13699,4-5-3-4-8-1,5 6 4 5 3* 2,6,1.0,False,control>lesion
13700,4-5-3-5-3-8,5 6 4 6 4 3*,6,1.0,False,lesion>control
13701,4-5-3-5-4-3,5 6 4 6 5 4,6,1.0,False,lesion>control
13702,4-5-3-5-4-5,5 6 4 6 5 6,6,1.0,False,lesion>control
13703,4-5-3-5-4-8,5 6 4 6 5 3*,6,1.0,False,lesion>control
13704,4-5-3-8-0-3,5 6 4 3* 1 4,6,1.0,False,control>lesion
13705,4-5-3-8-0-7,5 6 4 3* 1 2*,6,1.0,False,control>lesion
13706,4-5-3-8-1-0,5 6 4 3* 2 1,6,1.0,False,lesion>control
13707,4-5-3-8-4-5,5 6 4 3* 5 6,6,1.0,False,control>lesion
13708,4-5-3-8-5-1,5 6 4 3* 6 2,6,1.0,False,control>lesion
13709,4-5-4-0-1-0,5 6 5 1 2 1,6,1.0,False,lesion>control
13710,4-5-4-0-1-4,5 6 5 1 2 5,6,1.0,False,lesion>control
13711,4-5-4-0-1-5,5 6 5 1 2 6,6,1.0,False,control>lesion
13712,4-5-4-0-1-8,5 6 5 1 2 3*,6,1.0,False,control>lesion
13713,4-5-4-0-3-0,5 6 5 1 4 1,6,1.0,False,control>lesion
13714,4-5-4-0-5-4,5 6 5 1 6 5,6,1.0,False,control>lesion
13715,4-5-4-0-8-5,5 6 5 1 3* 6,6,1.0,False,control>lesion
13716,4-5-4-0-8-7,5 6 5 1 3* 2*,6,1.0,False,lesion>control
13717,4-5-4-1-0-3,5 6 5 2 1 4,6,1.0,False,control>lesion
13718,4-5-4-1-3-0,5 6 5 2 4 1,6,1.0,False,lesion>control
13719,4-5-4-3-0-3,5 6 5 4 1 4,6,1.0,False,lesion>control
13720,4-5-4-3-0-4,5 6 5 4 1 5,6,1.0,False,lesion>control
13721,4-5-4-3-1-8,5 6 5 4 2 3*,6,1.0,False,control>lesion
13722,4-5-4-3-2-1,5 6 5 4 3 2,6,1.0,False,lesion>control
13723,4-5-4-3-4-1,5 6 5 4 5 2,6,1.0,False,control>lesion
13724,4-5-4-3-8-5,5 6 5 4 3* 6,6,1.0,False,control>lesion
13725,4-5-4-3-8-8,5 6 5 4 3* 3*,6,1.0,False,control>lesion
13726,4-5-4-5-0-5,5 6 5 6 1 6,6,1.0,False,lesion>control
13727,4-5-4-5-0-8,5 6 5 6 1 3*,6,1.0,False,control>lesion
13728,4-5-4-5-1-5,5 6 5 6 2 6,6,1.0,False,control>lesion
13729,4-5-4-5-1-8,5 6 5 6 2 3*,6,1.0,False,lesion>control
13730,4-5-4-5-8-3,5 6 5 6 3* 4,6,1.0,False,lesion>control
13731,4-5-4-5-8-5,5 6 5 6 3* 6,6,1.0,False,lesion>control
13732,4-5-4-8-0-7,5 6 5 3* 1 2*,6,1.0,False,control>lesion
13733,4-5-4-8-1-4,5 6 5 3* 2 5,6,1.0,False,lesion>control
13734,4-5-4-8-1-5,5 6 5 3* 2 6,6,1.0,False,control>lesion
13735,4-5-4-8-3-0,5 6 5 3* 4 1,6,1.0,False,control>lesion
13736,4-5-4-8-3-1,5 6 5 3* 4 2,6,1.0,False,lesion>control
13737,4-5-4-8-3-2,5 6 5 3* 4 3,6,1.0,False,lesion>control
13738,4-5-4-8-4-5,5 6 5 3* 5 6,6,1.0,False,control>lesion
13739,4-5-4-8-8-9,5 6 5 3* 3* 4*,6,1.0,False,lesion>control
13740,4-5-4-8-9-4,5 6 5 3* 4* 5,6,1.0,False,control>lesion
13741,4-5-4-8-9-5,5 6 5 3* 4* 6,6,1.0,False,control>lesion
13742,4-5-4-8-9-8,5 6 5 3* 4* 3*,6,1.0,False,control>lesion
13743,4-5-8-0-1-0,5 6 3* 1 2 1,6,1.0,False,lesion>control
13744,4-5-8-0-2-1,5 6 3* 1 3 2,6,1.0,False,control>lesion
13745,4-5-8-0-4-5,5 6 3* 1 5 6,6,1.0,False,lesion>control
13746,4-5-8-0-5-2,5 6 3* 1 6 3,6,1.0,False,lesion>control
13747,4-5-8-0-5-4,5 6 3* 1 6 5,6,1.0,False,control>lesion
13748,4-5-8-0-8-4,5 6 3* 1 3* 5,6,1.0,False,lesion>control
13749,4-5-8-0-8-7,5 6 3* 1 3* 2*,6,1.0,False,lesion>control
13750,4-5-8-1-0-3,5 6 3* 2 1 4,6,1.0,False,lesion>control
13751,4-5-8-1-0-4,5 6 3* 2 1 5,6,1.0,False,lesion>control
13752,4-5-8-1-0-5,5 6 3* 2 1 6,6,1.0,False,lesion>control
13753,4-5-8-1-2-3,5 6 3* 2 3 4,6,1.0,False,lesion>control
13754,4-5-8-1-3-1,5 6 3* 2 4 2,6,1.0,False,control>lesion
13755,4-5-8-1-3-4,5 6 3* 2 4 5,6,1.0,False,lesion>control
13756,4-5-8-1-3-5,5 6 3* 2 4 6,6,1.0,False,control>lesion
13757,4-5-8-1-5-3,5 6 3* 2 6 4,6,1.0,False,lesion>control
13758,4-5-8-1-8-0,5 6 3* 2 3* 1,6,1.0,False,control>lesion
13759,4-5-8-1-8-5,5 6 3* 2 3* 6,6,1.0,False,lesion>control
13760,4-5-8-3-5-1,5 6 3* 4 6 2,6,1.0,False,lesion>control
13761,4-5-8-4-0-3,5 6 3* 5 1 4,6,1.0,False,lesion>control
13762,4-5-8-4-1-0,5 6 3* 5 2 1,6,1.0,False,control>lesion
13763,4-5-8-4-3-1,5 6 3* 5 4 2,6,1.0,False,control>lesion
13764,4-5-8-4-5-4,5 6 3* 5 6 5,6,1.0,False,lesion>control
13765,4-5-8-4-8-7,5 6 3* 5 3* 2*,6,1.0,False,lesion>control
13766,4-5-8-5-0-4,5 6 3* 6 1 5,6,1.0,False,control>lesion
13767,4-5-8-5-0-5,5 6 3* 6 1 6,6,1.0,False,lesion>control
13768,4-5-8-5-4-0,5 6 3* 6 5 1,6,1.0,False,control>lesion
13769,4-5-8-5-4-7,5 6 3* 6 5 2*,6,1.0,False,lesion>control
13770,4-5-8-5-8-4,5 6 3* 6 3* 5,6,1.0,False,lesion>control
13771,4-5-8-7-8-0,5 6 3* 2* 3* 1,6,1.0,False,lesion>control
13772,4-5-8-7-8-4,5 6 3* 2* 3* 5,6,1.0,False,control>lesion
13773,4-5-8-7-8-7,5 6 3* 2* 3* 2*,6,1.0,False,lesion>control
13774,4-5-8-9-5-4,5 6 3* 4* 6 5,6,1.0,False,control>lesion
13775,4-5-8-9-8-3,5 6 3* 4* 3* 4,6,1.0,False,control>lesion
13776,4-5-8-9-8-5,5 6 3* 4* 3* 6,6,1.0,False,control>lesion
13777,4-5-9-4-3-8,5 6 4* 5 4 3*,6,1.0,False,lesion>control
13778,4-7-0-3-4-0,5 2* 1 4 5 1,6,1.0,False,lesion>control
13779,4-7-0-5-3-8,5 2* 1 6 4 3*,6,1.0,False,lesion>control
13780,4-7-3-8-7-3,5 2* 4 3* 2* 4,6,1.0,False,lesion>control
13781,4-7-8-1-8-9,5 2* 3* 2 3* 4*,6,1.0,False,lesion>control
13782,4-8-0-1-3-5,5 3* 1 2 4 6,6,1.0,False,control>lesion
13783,4-8-0-1-8-0,5 3* 1 2 3* 1,6,1.0,False,control>lesion
13784,4-8-0-1-8-4,5 3* 1 2 3* 5,6,1.0,False,control>lesion
13785,4-8-0-2-1-5,5 3* 1 3 2 6,6,1.0,False,control>lesion
13786,4-8-0-2-3-5,5 3* 1 3 4 6,6,1.0,False,control>lesion
13787,4-8-0-2-5-4,5 3* 1 3 6 5,6,1.0,False,lesion>control
13788,4-8-0-2-7-0,5 3* 1 3 2* 1,6,1.0,False,control>lesion
13789,4-8-0-2-9-8,5 3* 1 3 4* 3*,6,1.0,False,control>lesion
13790,4-8-0-3-1-0,5 3* 1 4 2 1,6,1.0,False,lesion>control
13791,4-8-0-3-4-1,5 3* 1 4 5 2,6,1.0,False,lesion>control
13792,4-8-0-3-5-3,5 3* 1 4 6 4,6,1.0,False,control>lesion
13793,4-8-0-3-8-7,5 3* 1 4 3* 2*,6,1.0,False,lesion>control
13794,4-8-0-5-2-0,5 3* 1 6 3 1,6,1.0,False,lesion>control
13795,4-8-0-5-4-5,5 3* 1 6 5 6,6,1.0,False,lesion>control
13796,4-8-0-7-8-1,5 3* 1 2* 3* 2,6,1.0,False,control>lesion
13797,4-8-0-8-0-8,5 3* 1 3* 1 3*,6,1.0,False,lesion>control
13798,4-8-0-8-1-0,5 3* 1 3* 2 1,6,1.0,False,lesion>control
13799,4-8-0-8-3-3,5 3* 1 3* 4 4,6,1.0,False,lesion>control
13800,4-8-0-8-3-4,5 3* 1 3* 4 5,6,1.0,False,lesion>control
13801,4-8-0-8-4-5,5 3* 1 3* 5 6,6,1.0,False,lesion>control
13802,4-8-0-8-7-3,5 3* 1 3* 2* 4,6,1.0,False,control>lesion
13803,4-8-0-8-9-4,5 3* 1 3* 4* 5,6,1.0,False,control>lesion
13804,4-8-0-9-5-8,5 3* 1 4* 6 3*,6,1.0,False,control>lesion
13805,4-8-0-9-8-7,5 3* 1 4* 3* 2*,6,1.0,False,control>lesion
13806,4-8-1-0-1-0,5 3* 2 1 2 1,6,1.0,False,lesion>control
13807,4-8-1-0-1-5,5 3* 2 1 2 6,6,1.0,False,control>lesion
13808,4-8-1-0-3-1,5 3* 2 1 4 2,6,1.0,False,lesion>control
13809,4-8-1-0-5-1,5 3* 2 1 6 2,6,1.0,False,lesion>control
13810,4-8-1-0-8-5,5 3* 2 1 3* 6,6,1.0,False,control>lesion
13811,4-8-1-3-0-4,5 3* 2 4 1 5,6,1.0,False,lesion>control
13812,4-8-1-3-8-4,5 3* 2 4 3* 5,6,1.0,False,lesion>control
13813,4-8-1-4-3-8,5 3* 2 5 4 3*,6,1.0,False,lesion>control
13814,4-8-1-4-8-0,5 3* 2 5 3* 1,6,1.0,False,lesion>control
13815,4-8-1-5-0-1,5 3* 2 6 1 2,6,1.0,False,lesion>control
13816,4-8-1-5-1-5,5 3* 2 6 2 6,6,1.0,False,lesion>control
13817,4-8-1-5-8-5,5 3* 2 6 3* 6,6,1.0,False,lesion>control
13818,4-8-1-5-8-9,5 3* 2 6 3* 4*,6,1.0,False,lesion>control
13819,4-8-1-8-0-1,5 3* 2 3* 1 2,6,1.0,False,lesion>control
13820,4-8-1-8-0-2,5 3* 2 3* 1 3,6,1.0,False,control>lesion
13821,4-8-1-8-0-3,5 3* 2 3* 1 4,6,1.0,False,control>lesion
13822,4-8-1-8-0-8,5 3* 2 3* 1 3*,6,1.0,False,control>lesion
13823,4-8-1-8-4-2,5 3* 2 3* 5 3,6,1.0,False,lesion>control
13824,4-8-1-8-5-0,5 3* 2 3* 6 1,6,1.0,False,lesion>control
13825,4-8-1-8-7-3,5 3* 2 3* 2* 4,6,1.0,False,lesion>control
13826,4-8-1-8-7-8,5 3* 2 3* 2* 3*,6,1.0,False,lesion>control
13827,4-8-1-8-9-4,5 3* 2 3* 4* 5,6,1.0,False,control>lesion
13828,4-8-1-9-8-9,5 3* 2 4* 3* 4*,6,1.0,False,lesion>control
13829,4-8-3-0-1-0,5 3* 4 1 2 1,6,1.0,False,control>lesion
13830,4-8-3-0-1-3,5 3* 4 1 2 4,6,1.0,False,lesion>control
13831,4-8-3-0-5-4,5 3* 4 1 6 5,6,1.0,False,control>lesion
13832,4-8-3-0-8-3,5 3* 4 1 3* 4,6,1.0,False,lesion>control
13833,4-8-3-1-0-4,5 3* 4 2 1 5,6,1.0,False,lesion>control
13834,4-8-3-1-3-5,5 3* 4 2 4 6,6,1.0,False,lesion>control
13835,4-8-3-1-3-8,5 3* 4 2 4 3*,6,1.0,False,lesion>control
13836,4-8-3-1-5-8,5 3* 4 2 6 3*,6,1.0,False,lesion>control
13837,4-8-3-1-8-0,5 3* 4 2 3* 1,6,1.0,False,control>lesion
13838,4-8-3-1-8-1,5 3* 4 2 3* 2,6,1.0,False,lesion>control
13839,4-8-3-1-8-5,5 3* 4 2 3* 6,6,1.0,False,lesion>control
13840,4-8-3-2-1-0,5 3* 4 3 2 1,6,1.0,False,lesion>control
13841,4-8-3-2-1-4,5 3* 4 3 2 5,6,1.0,False,lesion>control
13842,4-8-3-2-7-0,5 3* 4 3 2* 1,6,1.0,False,lesion>control
13843,4-8-3-4-3-1,5 3* 4 5 4 2,6,1.0,False,control>lesion
13844,4-8-3-4-5-1,5 3* 4 5 6 2,6,1.0,False,control>lesion
13845,4-8-3-5-4-1,5 3* 4 6 5 2,6,1.0,False,control>lesion
13846,4-8-3-5-4-3,5 3* 4 6 5 4,6,1.0,False,control>lesion
13847,4-8-3-5-4-8,5 3* 4 6 5 3*,6,1.0,False,lesion>control
13848,4-8-3-5-8-7,5 3* 4 6 3* 2*,6,1.0,False,control>lesion
13849,4-8-3-8-0-1,5 3* 4 3* 1 2,6,1.0,False,control>lesion
13850,4-8-3-8-0-7,5 3* 4 3* 1 2*,6,1.0,False,lesion>control
13851,4-8-3-8-0-8,5 3* 4 3* 1 3*,6,1.0,False,control>lesion
13852,4-8-3-8-3-3,5 3* 4 3* 4 4,6,1.0,False,lesion>control
13853,4-8-3-8-5-4,5 3* 4 3* 6 5,6,1.0,False,lesion>control
13854,4-8-3-8-7-3,5 3* 4 3* 2* 4,6,1.0,False,control>lesion
13855,4-8-3-8-9-1,5 3* 4 3* 4* 2,6,1.0,False,control>lesion
13856,4-8-3-8-9-4,5 3* 4 3* 4* 5,6,1.0,False,lesion>control
13857,4-8-4-0-3-0,5 3* 5 1 4 1,6,1.0,False,lesion>control
13858,4-8-4-0-8-4,5 3* 5 1 3* 5,6,1.0,False,lesion>control
13859,4-8-4-2-3-5,5 3* 5 3 4 6,6,1.0,False,control>lesion
13860,4-8-4-3-4-8,5 3* 5 4 5 3*,6,1.0,False,control>lesion
13861,4-8-4-3-8-3,5 3* 5 4 3* 4,6,1.0,False,control>lesion
13862,4-8-4-5-8-4,5 3* 5 6 3* 5,6,1.0,False,control>lesion
13863,4-8-4-5-8-7,5 3* 5 6 3* 2*,6,1.0,False,control>lesion
13864,4-8-4-8-1-4,5 3* 5 3* 2 5,6,1.0,False,lesion>control
13865,4-8-4-8-1-8,5 3* 5 3* 2 3*,6,1.0,False,lesion>control
13866,4-8-4-8-5-8,5 3* 5 3* 6 3*,6,1.0,False,control>lesion
13867,4-8-4-8-7-8,5 3* 5 3* 2* 3*,6,1.0,False,lesion>control
13868,4-8-4-8-9-8,5 3* 5 3* 4* 3*,6,1.0,False,lesion>control
13869,4-8-5-0-8-0,5 3* 6 1 3* 1,6,1.0,False,control>lesion
13870,4-8-5-1-4-1,5 3* 6 2 5 2,6,1.0,False,lesion>control
13871,4-8-5-1-8-9,5 3* 6 2 3* 4*,6,1.0,False,lesion>control
13872,4-8-5-2-1-8,5 3* 6 3 2 3*,6,1.0,False,lesion>control
13873,4-8-5-2-9-1,5 3* 6 3 4* 2,6,1.0,False,lesion>control
13874,4-8-5-3-5-3,5 3* 6 4 6 4,6,1.0,False,control>lesion
13875,4-8-5-3-8-0,5 3* 6 4 3* 1,6,1.0,False,lesion>control
13876,4-8-5-4-3-1,5 3* 6 5 4 2,6,1.0,False,control>lesion
13877,4-8-5-4-3-8,5 3* 6 5 4 3*,6,1.0,False,lesion>control
13878,4-8-5-4-8-5,5 3* 6 5 3* 6,6,1.0,False,control>lesion
13879,4-8-5-8-0-5,5 3* 6 3* 1 6,6,1.0,False,lesion>control
13880,4-8-5-8-3-2,5 3* 6 3* 4 3,6,1.0,False,lesion>control
13881,4-8-5-8-5-4,5 3* 6 3* 6 5,6,1.0,False,lesion>control
13882,4-8-7-0-1-4,5 3* 2* 1 2 5,6,1.0,False,lesion>control
13883,4-8-7-0-3-1,5 3* 2* 1 4 2,6,1.0,False,lesion>control
13884,4-8-7-0-5-3,5 3* 2* 1 6 4,6,1.0,False,lesion>control
13885,4-8-7-0-5-4,5 3* 2* 1 6 5,6,1.0,False,lesion>control
13886,4-8-7-0-5-8,5 3* 2* 1 6 3*,6,1.0,False,lesion>control
13887,4-8-7-3-1-8,5 3* 2* 4 2 3*,6,1.0,False,lesion>control
13888,4-8-7-3-4-1,5 3* 2* 4 5 2,6,1.0,False,control>lesion
13889,4-8-7-3-5-4,5 3* 2* 4 6 5,6,1.0,False,control>lesion
13890,4-8-7-3-5-8,5 3* 2* 4 6 3*,6,1.0,False,lesion>control
13891,4-8-7-3-8-1,5 3* 2* 4 3* 2,6,1.0,False,lesion>control
13892,4-8-7-3-8-4,5 3* 2* 4 3* 5,6,1.0,False,lesion>control
13893,4-8-7-4-3-8,5 3* 2* 5 4 3*,6,1.0,False,lesion>control
13894,4-8-7-4-8-9,5 3* 2* 5 3* 4*,6,1.0,False,lesion>control
13895,4-8-7-5-3-2,5 3* 2* 6 4 3,6,1.0,False,control>lesion
13896,4-8-7-5-3-4,5 3* 2* 6 4 5,6,1.0,False,lesion>control
13897,4-8-7-5-4-5,5 3* 2* 6 5 6,6,1.0,False,control>lesion
13898,4-8-7-5-8-1,5 3* 2* 6 3* 2,6,1.0,False,lesion>control
13899,4-8-7-8-0-3,5 3* 2* 3* 1 4,6,1.0,False,lesion>control
13900,4-8-7-8-1-4,5 3* 2* 3* 2 5,6,1.0,False,lesion>control
13901,4-8-7-8-4-2,5 3* 2* 3* 5 3,6,1.0,False,control>lesion
13902,4-8-7-8-5-9,5 3* 2* 3* 6 4*,6,1.0,False,control>lesion
13903,4-8-7-8-7-3,5 3* 2* 3* 2* 4,6,1.0,False,lesion>control
13904,4-8-7-8-7-8,5 3* 2* 3* 2* 3*,6,1.0,False,lesion>control
13905,4-8-7-8-9-3,5 3* 2* 3* 4* 4,6,1.0,False,control>lesion
13906,4-8-8-0-1-8,5 3* 3* 1 2 3*,6,1.0,False,control>lesion
13907,4-8-8-9-8-3,5 3* 3* 4* 3* 4,6,1.0,False,lesion>control
13908,4-8-9-4-3-4,5 3* 4* 5 4 5,6,1.0,False,control>lesion
13909,4-8-9-4-3-5,5 3* 4* 5 4 6,6,1.0,False,control>lesion
13910,4-8-9-4-3-8,5 3* 4* 5 4 3*,6,1.0,False,lesion>control
13911,4-8-9-4-5-4,5 3* 4* 5 6 5,6,1.0,False,control>lesion
13912,4-8-9-5-0-1,5 3* 4* 6 1 2,6,1.0,False,control>lesion
13913,4-8-9-5-4-3,5 3* 4* 6 5 4,6,1.0,False,control>lesion
13914,4-8-9-5-8-3,5 3* 4* 6 3* 4,6,1.0,False,control>lesion
13915,4-8-9-8-5-7,5 3* 4* 3* 6 2*,6,1.0,False,control>lesion
13916,4-9-2-1-0-2,5 4* 3 2 1 3,6,1.0,False,lesion>control
13917,4-9-8-3-8-7,5 4* 3* 4 3* 2*,6,1.0,False,control>lesion
13918,4-9-8-5-4-3,5 4* 3* 6 5 4,6,1.0,False,lesion>control
13919,4-9-8-7-3-8,5 4* 3* 2* 4 3*,6,1.0,False,lesion>control
13920,5-0-1-0-1-5,6 1 2 1 2 6,6,1.0,False,control>lesion
13921,5-0-1-0-4-5,6 1 2 1 5 6,6,1.0,False,control>lesion
13922,5-0-1-0-8-1,6 1 2 1 3* 2,6,1.0,False,lesion>control
13923,5-0-1-0-8-3,6 1 2 1 3* 4,6,1.0,False,control>lesion
13924,5-0-1-0-8-9,6 1 2 1 3* 4*,6,1.0,False,lesion>control
13925,5-0-1-2-0-5,6 1 2 3 1 6,6,1.0,False,lesion>control
13926,5-0-1-3-0-3,6 1 2 4 1 4,6,1.0,False,lesion>control
13927,5-0-1-3-0-8,6 1 2 4 1 3*,6,1.0,False,control>lesion
13928,5-0-1-3-1-5,6 1 2 4 2 6,6,1.0,False,lesion>control
13929,5-0-1-3-4-0,6 1 2 4 5 1,6,1.0,False,control>lesion
13930,5-0-1-3-5-0,6 1 2 4 6 1,6,1.0,False,lesion>control
13931,5-0-1-3-5-8,6 1 2 4 6 3*,6,1.0,False,control>lesion
13932,5-0-1-3-8-7,6 1 2 4 3* 2*,6,1.0,False,lesion>control
13933,5-0-1-4-0-1,6 1 2 5 1 2,6,1.0,False,lesion>control
13934,5-0-1-4-0-8,6 1 2 5 1 3*,6,1.0,False,lesion>control
13935,5-0-1-4-5-0,6 1 2 5 6 1,6,1.0,False,control>lesion
13936,5-0-1-5-0-1,6 1 2 6 1 2,6,1.0,False,lesion>control
13937,5-0-1-5-0-4,6 1 2 6 1 5,6,1.0,False,lesion>control
13938,5-0-1-5-0-8,6 1 2 6 1 3*,6,1.0,False,control>lesion
13939,5-0-1-5-3-4,6 1 2 6 4 5,6,1.0,False,control>lesion
13940,5-0-1-5-3-5,6 1 2 6 4 6,6,1.0,False,control>lesion
13941,5-0-1-5-4-3,6 1 2 6 5 4,6,1.0,False,lesion>control
13942,5-0-1-5-8-0,6 1 2 6 3* 1,6,1.0,False,control>lesion
13943,5-0-1-5-8-1,6 1 2 6 3* 2,6,1.0,False,lesion>control
13944,5-0-1-5-8-9,6 1 2 6 3* 4*,6,1.0,False,control>lesion
13945,5-0-1-8-1-8,6 1 2 3* 2 3*,6,1.0,False,control>lesion
13946,5-0-1-8-4-8,6 1 2 3* 5 3*,6,1.0,False,control>lesion
13947,5-0-1-8-5-3,6 1 2 3* 6 4,6,1.0,False,control>lesion
13948,5-0-1-8-5-8,6 1 2 3* 6 3*,6,1.0,False,control>lesion
13949,5-0-1-8-9-1,6 1 2 3* 4* 2,6,1.0,False,lesion>control
13950,5-0-2-1-0-8,6 1 3 2 1 3*,6,1.0,False,lesion>control
13951,5-0-2-1-8-5,6 1 3 2 3* 6,6,1.0,False,lesion>control
13952,5-0-2-1-8-9,6 1 3 2 3* 4*,6,1.0,False,control>lesion
13953,5-0-2-5-0-5,6 1 3 6 1 6,6,1.0,False,lesion>control
13954,5-0-2-5-2-3,6 1 3 6 3 4,6,1.0,False,lesion>control
13955,5-0-2-7-8-9,6 1 3 2* 3* 4*,6,1.0,False,control>lesion
13956,5-0-2-9-4-8,6 1 3 4* 5 3*,6,1.0,False,control>lesion
13957,5-0-3-0-1-4,6 1 4 1 2 5,6,1.0,False,control>lesion
13958,5-0-3-0-3-1,6 1 4 1 4 2,6,1.0,False,lesion>control
13959,5-0-3-0-3-4,6 1 4 1 4 5,6,1.0,False,lesion>control
13960,5-0-3-0-4-0,6 1 4 1 5 1,6,1.0,False,lesion>control
13961,5-0-3-0-4-5,6 1 4 1 5 6,6,1.0,False,lesion>control
13962,5-0-3-0-5-1,6 1 4 1 6 2,6,1.0,False,control>lesion
13963,5-0-3-0-5-3,6 1 4 1 6 4,6,1.0,False,lesion>control
13964,5-0-3-0-5-4,6 1 4 1 6 5,6,1.0,False,lesion>control
13965,5-0-3-0-7-4,6 1 4 1 2* 5,6,1.0,False,control>lesion
13966,5-0-3-0-8-0,6 1 4 1 3* 1,6,1.0,False,control>lesion
13967,5-0-3-0-8-3,6 1 4 1 3* 4,6,1.0,False,control>lesion
13968,5-0-3-0-8-5,6 1 4 1 3* 6,6,1.0,False,control>lesion
13969,5-0-3-0-8-7,6 1 4 1 3* 2*,6,1.0,False,lesion>control
13970,5-0-3-1-3-5,6 1 4 2 4 6,6,1.0,False,control>lesion
13971,5-0-3-1-3-8,6 1 4 2 4 3*,6,1.0,False,lesion>control
13972,5-0-3-1-5-1,6 1 4 2 6 2,6,1.0,False,control>lesion
13973,5-0-3-2-0-2,6 1 4 3 1 3,6,1.0,False,lesion>control
13974,5-0-3-4-3-1,6 1 4 5 4 2,6,1.0,False,control>lesion
13975,5-0-3-4-3-3,6 1 4 5 4 4,6,1.0,False,control>lesion
13976,5-0-3-5-0-1,6 1 4 6 1 2,6,1.0,False,control>lesion
13977,5-0-3-5-0-8,6 1 4 6 1 3*,6,1.0,False,lesion>control
13978,5-0-3-5-1-0,6 1 4 6 2 1,6,1.0,False,control>lesion
13979,5-0-3-5-1-8,6 1 4 6 2 3*,6,1.0,False,control>lesion
13980,5-0-3-5-2-0,6 1 4 6 3 1,6,1.0,False,lesion>control
13981,5-0-3-5-3-0,6 1 4 6 4 1,6,1.0,False,lesion>control
13982,5-0-3-5-3-4,6 1 4 6 4 5,6,1.0,False,lesion>control
13983,5-0-3-5-3-5,6 1 4 6 4 6,6,1.0,False,lesion>control
13984,5-0-3-5-4-0,6 1 4 6 5 1,6,1.0,False,control>lesion
13985,5-0-3-5-4-5,6 1 4 6 5 6,6,1.0,False,control>lesion
13986,5-0-3-5-8-3,6 1 4 6 3* 4,6,1.0,False,control>lesion
13987,5-0-3-5-8-4,6 1 4 6 3* 5,6,1.0,False,control>lesion
13988,5-0-3-8-1-0,6 1 4 3* 2 1,6,1.0,False,lesion>control
13989,5-0-3-8-1-2,6 1 4 3* 2 3,6,1.0,False,control>lesion
13990,5-0-3-8-3-5,6 1 4 3* 4 6,6,1.0,False,control>lesion
13991,5-0-3-8-9-8,6 1 4 3* 4* 3*,6,1.0,False,control>lesion
13992,5-0-4-0-1-3,6 1 5 1 2 4,6,1.0,False,control>lesion
13993,5-0-4-0-3-0,6 1 5 1 4 1,6,1.0,False,lesion>control
13994,5-0-4-0-3-1,6 1 5 1 4 2,6,1.0,False,lesion>control
13995,5-0-4-0-8-3,6 1 5 1 3* 4,6,1.0,False,control>lesion
13996,5-0-4-1-0-5,6 1 5 2 1 6,6,1.0,False,lesion>control
13997,5-0-4-1-3-1,6 1 5 2 4 2,6,1.0,False,lesion>control
13998,5-0-4-1-4-8,6 1 5 2 5 3*,6,1.0,False,lesion>control
13999,5-0-4-2-0-2,6 1 5 3 1 3,6,1.0,False,lesion>control
14000,5-0-4-5-0-4,6 1 5 6 1 5,6,1.0,False,lesion>control
14001,5-0-4-5-1-3,6 1 5 6 2 4,6,1.0,False,lesion>control
14002,5-0-4-5-3-0,6 1 5 6 4 1,6,1.0,False,control>lesion
14003,5-0-4-5-3-5,6 1 5 6 4 6,6,1.0,False,lesion>control
14004,5-0-4-5-4-5,6 1 5 6 5 6,6,1.0,False,lesion>control
14005,5-0-4-5-8-3,6 1 5 6 3* 4,6,1.0,False,lesion>control
14006,5-0-4-5-8-7,6 1 5 6 3* 2*,6,1.0,False,control>lesion
14007,5-0-4-8-0-1,6 1 5 3* 1 2,6,1.0,False,control>lesion
14008,5-0-5-0-1-0,6 1 6 1 2 1,6,1.0,False,lesion>control
14009,5-0-5-0-1-2,6 1 6 1 2 3,6,1.0,False,lesion>control
14010,5-0-5-0-1-4,6 1 6 1 2 5,6,1.0,False,lesion>control
14011,5-0-5-0-1-5,6 1 6 1 2 6,6,1.0,False,lesion>control
14012,5-0-5-0-3-1,6 1 6 1 4 2,6,1.0,False,lesion>control
14013,5-0-5-0-3-4,6 1 6 1 4 5,6,1.0,False,control>lesion
14014,5-0-5-0-4-0,6 1 6 1 5 1,6,1.0,False,lesion>control
14015,5-0-5-0-4-3,6 1 6 1 5 4,6,1.0,False,lesion>control
14016,5-0-5-0-5-5,6 1 6 1 6 6,6,1.0,False,lesion>control
14017,5-0-5-0-8-0,6 1 6 1 3* 1,6,1.0,False,lesion>control
14018,5-0-5-0-8-1,6 1 6 1 3* 2,6,1.0,False,lesion>control
14019,5-0-5-0-8-7,6 1 6 1 3* 2*,6,1.0,False,lesion>control
14020,5-0-5-0-8-9,6 1 6 1 3* 4*,6,1.0,False,lesion>control
14021,5-0-5-1-0-1,6 1 6 2 1 2,6,1.0,False,lesion>control
14022,5-0-5-1-0-3,6 1 6 2 1 4,6,1.0,False,control>lesion
14023,5-0-5-1-3-1,6 1 6 2 4 2,6,1.0,False,lesion>control
14024,5-0-5-1-5-0,6 1 6 2 6 1,6,1.0,False,lesion>control
14025,5-0-5-1-5-1,6 1 6 2 6 2,6,1.0,False,control>lesion
14026,5-0-5-1-5-3,6 1 6 2 6 4,6,1.0,False,lesion>control
14027,5-0-5-1-8-1,6 1 6 2 3* 2,6,1.0,False,control>lesion
14028,5-0-5-2-0-4,6 1 6 3 1 5,6,1.0,False,lesion>control
14029,5-0-5-3-0-8,6 1 6 4 1 3*,6,1.0,False,lesion>control
14030,5-0-5-3-4-3,6 1 6 4 5 4,6,1.0,False,control>lesion
14031,5-0-5-3-4-5,6 1 6 4 5 6,6,1.0,False,control>lesion
14032,5-0-5-3-5-0,6 1 6 4 6 1,6,1.0,False,control>lesion
14033,5-0-5-3-5-8,6 1 6 4 6 3*,6,1.0,False,control>lesion
14034,5-0-5-3-8-0,6 1 6 4 3* 1,6,1.0,False,control>lesion
14035,5-0-5-4-3-5,6 1 6 5 4 6,6,1.0,False,control>lesion
14036,5-0-5-4-3-8,6 1 6 5 4 3*,6,1.0,False,control>lesion
14037,5-0-5-4-5-0,6 1 6 5 6 1,6,1.0,False,lesion>control
14038,5-0-5-4-5-1,6 1 6 5 6 2,6,1.0,False,control>lesion
14039,5-0-5-4-5-8,6 1 6 5 6 3*,6,1.0,False,lesion>control
14040,5-0-5-4-8-3,6 1 6 5 3* 4,6,1.0,False,control>lesion
14041,5-0-5-5-0-5,6 1 6 6 1 6,6,1.0,False,lesion>control
14042,5-0-5-8-0-3,6 1 6 3* 1 4,6,1.0,False,lesion>control
14043,5-0-5-8-0-5,6 1 6 3* 1 6,6,1.0,False,control>lesion
14044,5-0-5-8-1-5,6 1 6 3* 2 6,6,1.0,False,lesion>control
14045,5-0-5-8-3-0,6 1 6 3* 4 1,6,1.0,False,lesion>control
14046,5-0-5-8-3-4,6 1 6 3* 4 5,6,1.0,False,control>lesion
14047,5-0-5-8-3-8,6 1 6 3* 4 3*,6,1.0,False,lesion>control
14048,5-0-5-8-5-2,6 1 6 3* 6 3,6,1.0,False,lesion>control
14049,5-0-5-8-5-3,6 1 6 3* 6 4,6,1.0,False,lesion>control
14050,5-0-5-8-5-8,6 1 6 3* 6 3*,6,1.0,False,lesion>control
14051,5-0-5-8-7-8,6 1 6 3* 2* 3*,6,1.0,False,control>lesion
14052,5-0-5-8-9-1,6 1 6 3* 4* 2,6,1.0,False,lesion>control
14053,5-0-5-8-9-8,6 1 6 3* 4* 3*,6,1.0,False,control>lesion
14054,5-0-7-3-5-8,6 1 2* 4 6 3*,6,1.0,False,lesion>control
14055,5-0-7-5-4-8,6 1 2* 6 5 3*,6,1.0,False,lesion>control
14056,5-0-7-8-4-0,6 1 2* 3* 5 1,6,1.0,False,lesion>control
14057,5-0-8-0-3-5,6 1 3* 1 4 6,6,1.0,False,lesion>control
14058,5-0-8-0-5-0,6 1 3* 1 6 1,6,1.0,False,control>lesion
14059,5-0-8-0-5-3,6 1 3* 1 6 4,6,1.0,False,lesion>control
14060,5-0-8-0-8-0,6 1 3* 1 3* 1,6,1.0,False,control>lesion
14061,5-0-8-0-8-7,6 1 3* 1 3* 2*,6,1.0,False,control>lesion
14062,5-0-8-1-0-5,6 1 3* 2 1 6,6,1.0,False,control>lesion
14063,5-0-8-1-0-8,6 1 3* 2 1 3*,6,1.0,False,lesion>control
14064,5-0-8-1-3-0,6 1 3* 2 4 1,6,1.0,False,lesion>control
14065,5-0-8-1-3-1,6 1 3* 2 4 2,6,1.0,False,lesion>control
14066,5-0-8-1-3-5,6 1 3* 2 4 6,6,1.0,False,control>lesion
14067,5-0-8-1-8-9,6 1 3* 2 3* 4*,6,1.0,False,control>lesion
14068,5-0-8-3-0-8,6 1 3* 4 1 3*,6,1.0,False,lesion>control
14069,5-0-8-3-4-0,6 1 3* 4 5 1,6,1.0,False,control>lesion
14070,5-0-8-3-4-3,6 1 3* 4 5 4,6,1.0,False,lesion>control
14071,5-0-8-3-5-8,6 1 3* 4 6 3*,6,1.0,False,control>lesion
14072,5-0-8-3-8-5,6 1 3* 4 3* 6,6,1.0,False,lesion>control
14073,5-0-8-4-0-8,6 1 3* 5 1 3*,6,1.0,False,control>lesion
14074,5-0-8-4-1-3,6 1 3* 5 2 4,6,1.0,False,lesion>control
14075,5-0-8-5-0-1,6 1 3* 6 1 2,6,1.0,False,lesion>control
14076,5-0-8-5-0-3,6 1 3* 6 1 4,6,1.0,False,lesion>control
14077,5-0-8-5-3-0,6 1 3* 6 4 1,6,1.0,False,lesion>control
14078,5-0-8-5-4-0,6 1 3* 6 5 1,6,1.0,False,control>lesion
14079,5-0-8-5-8-4,6 1 3* 6 3* 5,6,1.0,False,control>lesion
14080,5-0-8-7-0-3,6 1 3* 2* 1 4,6,1.0,False,lesion>control
14081,5-0-8-7-0-5,6 1 3* 2* 1 6,6,1.0,False,control>lesion
14082,5-0-8-7-0-8,6 1 3* 2* 1 3*,6,1.0,False,lesion>control
14083,5-0-8-7-3-5,6 1 3* 2* 4 6,6,1.0,False,control>lesion
14084,5-0-8-7-5-4,6 1 3* 2* 6 5,6,1.0,False,control>lesion
14085,5-0-8-7-8-9,6 1 3* 2* 3* 4*,6,1.0,False,lesion>control
14086,5-0-8-8-9-0,6 1 3* 3* 4* 1,6,1.0,False,control>lesion
14087,5-0-8-8-9-5,6 1 3* 3* 4* 6,6,1.0,False,control>lesion
14088,5-0-8-9-5-1,6 1 3* 4* 6 2,6,1.0,False,control>lesion
14089,5-0-8-9-5-3,6 1 3* 4* 6 4,6,1.0,False,lesion>control
14090,5-0-8-9-8-3,6 1 3* 4* 3* 4,6,1.0,False,lesion>control
14091,5-0-8-9-8-7,6 1 3* 4* 3* 2*,6,1.0,False,control>lesion
14092,5-0-9-1-8-3,6 1 4* 2 3* 4,6,1.0,False,control>lesion
14093,5-0-9-4-0-8,6 1 4* 5 1 3*,6,1.0,False,lesion>control
14094,5-1-0-1-0-3,6 2 1 2 1 4,6,1.0,False,control>lesion
14095,5-1-0-1-0-4,6 2 1 2 1 5,6,1.0,False,control>lesion
14096,5-1-0-1-5-0,6 2 1 2 6 1,6,1.0,False,lesion>control
14097,5-1-0-1-5-1,6 2 1 2 6 2,6,1.0,False,lesion>control
14098,5-1-0-3-0-1,6 2 1 4 1 2,6,1.0,False,lesion>control
14099,5-1-0-3-1-0,6 2 1 4 2 1,6,1.0,False,control>lesion
14100,5-1-0-3-1-8,6 2 1 4 2 3*,6,1.0,False,control>lesion
14101,5-1-0-3-4-3,6 2 1 4 5 4,6,1.0,False,control>lesion
14102,5-1-0-3-4-5,6 2 1 4 5 6,6,1.0,False,control>lesion
14103,5-1-0-3-4-8,6 2 1 4 5 3*,6,1.0,False,lesion>control
14104,5-1-0-3-5-0,6 2 1 4 6 1,6,1.0,False,lesion>control
14105,5-1-0-3-5-3,6 2 1 4 6 4,6,1.0,False,control>lesion
14106,5-1-0-3-5-4,6 2 1 4 6 5,6,1.0,False,control>lesion
14107,5-1-0-3-8-0,6 2 1 4 3* 1,6,1.0,False,lesion>control
14108,5-1-0-3-8-3,6 2 1 4 3* 4,6,1.0,False,lesion>control
14109,5-1-0-4-1-4,6 2 1 5 2 5,6,1.0,False,lesion>control
14110,5-1-0-4-3-8,6 2 1 5 4 3*,6,1.0,False,lesion>control
14111,5-1-0-5-0-3,6 2 1 6 1 4,6,1.0,False,lesion>control
14112,5-1-0-5-1-4,6 2 1 6 2 5,6,1.0,False,control>lesion
14113,5-1-0-5-1-5,6 2 1 6 2 6,6,1.0,False,lesion>control
14114,5-1-0-5-3-1,6 2 1 6 4 2,6,1.0,False,lesion>control
14115,5-1-0-5-3-5,6 2 1 6 4 6,6,1.0,False,control>lesion
14116,5-1-0-5-4-0,6 2 1 6 5 1,6,1.0,False,control>lesion
14117,5-1-0-5-4-3,6 2 1 6 5 4,6,1.0,False,lesion>control
14118,5-1-0-5-4-5,6 2 1 6 5 6,6,1.0,False,lesion>control
14119,5-1-0-5-8-5,6 2 1 6 3* 6,6,1.0,False,control>lesion
14120,5-1-0-8-0-1,6 2 1 3* 1 2,6,1.0,False,lesion>control
14121,5-1-0-8-1-5,6 2 1 3* 2 6,6,1.0,False,lesion>control
14122,5-1-0-8-1-8,6 2 1 3* 2 3*,6,1.0,False,control>lesion
14123,5-1-0-8-3-0,6 2 1 3* 4 1,6,1.0,False,control>lesion
14124,5-1-0-8-5-4,6 2 1 3* 6 5,6,1.0,False,control>lesion
14125,5-1-0-8-7-8,6 2 1 3* 2* 3*,6,1.0,False,control>lesion
14126,5-1-1-3-0-5,6 2 2 4 1 6,6,1.0,False,control>lesion
14127,5-1-2-1-2-1,6 2 3 2 3 2,6,1.0,False,control>lesion
14128,5-1-2-1-2-5,6 2 3 2 3 6,6,1.0,False,control>lesion
14129,5-1-2-5-1-0,6 2 3 6 2 1,6,1.0,False,lesion>control
14130,5-1-2-8-5-0,6 2 3 3* 6 1,6,1.0,False,control>lesion
14131,5-1-3-0-3-4,6 2 4 1 4 5,6,1.0,False,lesion>control
14132,5-1-3-0-4-8,6 2 4 1 5 3*,6,1.0,False,lesion>control
14133,5-1-3-0-5-1,6 2 4 1 6 2,6,1.0,False,control>lesion
14134,5-1-3-0-5-8,6 2 4 1 6 3*,6,1.0,False,lesion>control
14135,5-1-3-0-8-3,6 2 4 1 3* 4,6,1.0,False,control>lesion
14136,5-1-3-1-3-8,6 2 4 2 4 3*,6,1.0,False,control>lesion
14137,5-1-3-1-5-0,6 2 4 2 6 1,6,1.0,False,lesion>control
14138,5-1-3-1-8-3,6 2 4 2 3* 4,6,1.0,False,control>lesion
14139,5-1-3-1-8-9,6 2 4 2 3* 4*,6,1.0,False,lesion>control
14140,5-1-3-3-8-3,6 2 4 4 3* 4,6,1.0,False,control>lesion
14141,5-1-3-4-0-5,6 2 4 5 1 6,6,1.0,False,control>lesion
14142,5-1-3-4-1-0,6 2 4 5 2 1,6,1.0,False,control>lesion
14143,5-1-3-4-5-0,6 2 4 5 6 1,6,1.0,False,control>lesion
14144,5-1-3-4-5-1,6 2 4 5 6 2,6,1.0,False,lesion>control
14145,5-1-3-4-5-8,6 2 4 5 6 3*,6,1.0,False,lesion>control
14146,5-1-3-5-1-5,6 2 4 6 2 6,6,1.0,False,control>lesion
14147,5-1-3-5-1-8,6 2 4 6 2 3*,6,1.0,False,lesion>control
14148,5-1-3-5-3-4,6 2 4 6 4 5,6,1.0,False,control>lesion
14149,5-1-3-8-1-8,6 2 4 3* 2 3*,6,1.0,False,control>lesion
14150,5-1-3-8-3-5,6 2 4 3* 4 6,6,1.0,False,control>lesion
14151,5-1-3-8-3-8,6 2 4 3* 4 3*,6,1.0,False,lesion>control
14152,5-1-3-8-7-8,6 2 4 3* 2* 3*,6,1.0,False,lesion>control
14153,5-1-4-0-5-0,6 2 5 1 6 1,6,1.0,False,control>lesion
14154,5-1-4-1-0-5,6 2 5 2 1 6,6,1.0,False,lesion>control
14155,5-1-4-1-3-8,6 2 5 2 4 3*,6,1.0,False,lesion>control
14156,5-1-4-5-0-4,6 2 5 6 1 5,6,1.0,False,control>lesion
14157,5-1-4-5-1-0,6 2 5 6 2 1,6,1.0,False,control>lesion
14158,5-1-4-5-8-5,6 2 5 6 3* 6,6,1.0,False,lesion>control
14159,5-1-4-8-1-5,6 2 5 3* 2 6,6,1.0,False,lesion>control
14160,5-1-5-0-1-5,6 2 6 1 2 6,6,1.0,False,lesion>control
14161,5-1-5-0-3-8,6 2 6 1 4 3*,6,1.0,False,lesion>control
14162,5-1-5-0-8-9,6 2 6 1 3* 4*,6,1.0,False,lesion>control
14163,5-1-5-1-0-1,6 2 6 2 1 2,6,1.0,False,control>lesion
14164,5-1-5-1-0-3,6 2 6 2 1 4,6,1.0,False,control>lesion
14165,5-1-5-1-0-5,6 2 6 2 1 6,6,1.0,False,lesion>control
14166,5-1-5-1-4-1,6 2 6 2 5 2,6,1.0,False,lesion>control
14167,5-1-5-1-5-4,6 2 6 2 6 5,6,1.0,False,lesion>control
14168,5-1-5-1-8-0,6 2 6 2 3* 1,6,1.0,False,control>lesion
14169,5-1-5-2-9-8,6 2 6 3 4* 3*,6,1.0,False,lesion>control
14170,5-1-5-3-0-1,6 2 6 4 1 2,6,1.0,False,control>lesion
14171,5-1-5-3-0-3,6 2 6 4 1 4,6,1.0,False,lesion>control
14172,5-1-5-3-4-0,6 2 6 4 5 1,6,1.0,False,lesion>control
14173,5-1-5-4-0-8,6 2 6 5 1 3*,6,1.0,False,control>lesion
14174,5-1-5-4-3-0,6 2 6 5 4 1,6,1.0,False,control>lesion
14175,5-1-5-4-5-8,6 2 6 5 6 3*,6,1.0,False,lesion>control
14176,5-1-5-4-8-1,6 2 6 5 3* 2,6,1.0,False,control>lesion
14177,5-1-5-8-0-5,6 2 6 3* 1 6,6,1.0,False,lesion>control
14178,5-1-5-8-0-8,6 2 6 3* 1 3*,6,1.0,False,lesion>control
14179,5-1-5-8-1-0,6 2 6 3* 2 1,6,1.0,False,lesion>control
14180,5-1-5-8-1-4,6 2 6 3* 2 5,6,1.0,False,lesion>control
14181,5-1-5-8-1-5,6 2 6 3* 2 6,6,1.0,False,lesion>control
14182,5-1-5-8-5-8,6 2 6 3* 6 3*,6,1.0,False,lesion>control
14183,5-1-5-8-9-1,6 2 6 3* 4* 2,6,1.0,False,lesion>control
14184,5-1-8-0-1-0,6 2 3* 1 2 1,6,1.0,False,control>lesion
14185,5-1-8-0-1-8,6 2 3* 1 2 3*,6,1.0,False,control>lesion
14186,5-1-8-0-4-5,6 2 3* 1 5 6,6,1.0,False,control>lesion
14187,5-1-8-0-5-0,6 2 3* 1 6 1,6,1.0,False,control>lesion
14188,5-1-8-0-9-1,6 2 3* 1 4* 2,6,1.0,False,lesion>control
14189,5-1-8-1-2-9,6 2 3* 2 3 4*,6,1.0,False,lesion>control
14190,5-1-8-1-5-0,6 2 3* 2 6 1,6,1.0,False,control>lesion
14191,5-1-8-3-5-1,6 2 3* 4 6 2,6,1.0,False,control>lesion
14192,5-1-8-4-5-4,6 2 3* 5 6 5,6,1.0,False,lesion>control
14193,5-1-8-5-2-8,6 2 3* 6 3 3*,6,1.0,False,lesion>control
14194,5-1-8-5-8-9,6 2 3* 6 3* 4*,6,1.0,False,lesion>control
14195,5-1-8-7-3-1,6 2 3* 2* 4 2,6,1.0,False,control>lesion
14196,5-1-8-8-0-1,6 2 3* 3* 1 2,6,1.0,False,control>lesion
14197,5-1-8-9-0-8,6 2 3* 4* 1 3*,6,1.0,False,lesion>control
14198,5-1-8-9-5-0,6 2 3* 4* 6 1,6,1.0,False,lesion>control
14199,5-1-9-8-3-0,6 2 4* 3* 4 1,6,1.0,False,control>lesion
14200,5-2-0-2-1-4,6 3 1 3 2 5,6,1.0,False,lesion>control
14201,5-2-0-2-1-5,6 3 1 3 2 6,6,1.0,False,lesion>control
14202,5-2-0-2-5-0,6 3 1 3 6 1,6,1.0,False,control>lesion
14203,5-2-0-2-5-2,6 3 1 3 6 3,6,1.0,False,lesion>control
14204,5-2-0-3-0-8,6 3 1 4 1 3*,6,1.0,False,control>lesion
14205,5-2-0-3-2-3,6 3 1 4 3 4,6,1.0,False,lesion>control
14206,5-2-0-3-8-3,6 3 1 4 3* 4,6,1.0,False,lesion>control
14207,5-2-0-3-8-5,6 3 1 4 3* 6,6,1.0,False,control>lesion
14208,5-2-0-4-1-2,6 3 1 5 2 3,6,1.0,False,control>lesion
14209,5-2-0-4-2-3,6 3 1 5 3 4,6,1.0,False,lesion>control
14210,5-2-0-4-5-0,6 3 1 5 6 1,6,1.0,False,lesion>control
14211,5-2-0-5-0-1,6 3 1 6 1 2,6,1.0,False,lesion>control
14212,5-2-0-5-2-4,6 3 1 6 3 5,6,1.0,False,lesion>control
14213,5-2-0-5-2-5,6 3 1 6 3 6,6,1.0,False,lesion>control
14214,5-2-0-5-9-0,6 3 1 6 4* 1,6,1.0,False,lesion>control
14215,5-2-0-7-8-1,6 3 1 2* 3* 2,6,1.0,False,lesion>control
14216,5-2-0-7-8-9,6 3 1 2* 3* 4*,6,1.0,False,control>lesion
14217,5-2-0-8-3-8,6 3 1 3* 4 3*,6,1.0,False,control>lesion
14218,5-2-0-8-5-2,6 3 1 3* 6 3,6,1.0,False,lesion>control
14219,5-2-0-8-5-4,6 3 1 3* 6 5,6,1.0,False,control>lesion
14220,5-2-0-9-8-7,6 3 1 4* 3* 2*,6,1.0,False,lesion>control
14221,5-2-1-0-3-1,6 3 2 1 4 2,6,1.0,False,lesion>control
14222,5-2-1-0-5-0,6 3 2 1 6 1,6,1.0,False,lesion>control
14223,5-2-1-0-5-1,6 3 2 1 6 2,6,1.0,False,lesion>control
14224,5-2-1-0-5-2,6 3 2 1 6 3,6,1.0,False,lesion>control
14225,5-2-1-0-5-8,6 3 2 1 6 3*,6,1.0,False,lesion>control
14226,5-2-1-3-4-8,6 3 2 4 5 3*,6,1.0,False,lesion>control
14227,5-2-1-3-8-7,6 3 2 4 3* 2*,6,1.0,False,lesion>control
14228,5-2-1-3-8-9,6 3 2 4 3* 4*,6,1.0,False,lesion>control
14229,5-2-1-4-3-8,6 3 2 5 4 3*,6,1.0,False,lesion>control
14230,5-2-1-5-8-4,6 3 2 6 3* 5,6,1.0,False,lesion>control
14231,5-2-1-5-8-5,6 3 2 6 3* 6,6,1.0,False,lesion>control
14232,5-2-1-8-1-3,6 3 2 3* 2 4,6,1.0,False,control>lesion
14233,5-2-1-8-1-8,6 3 2 3* 2 3*,6,1.0,False,lesion>control
14234,5-2-1-8-5-2,6 3 2 3* 6 3,6,1.0,False,lesion>control
14235,5-2-1-8-9-1,6 3 2 3* 4* 2,6,1.0,False,lesion>control
14236,5-2-1-8-9-8,6 3 2 3* 4* 3*,6,1.0,False,control>lesion
14237,5-2-3-0-2-3,6 3 4 1 3 4,6,1.0,False,control>lesion
14238,5-2-3-0-8-0,6 3 4 1 3* 1,6,1.0,False,lesion>control
14239,5-2-3-0-8-3,6 3 4 1 3* 4,6,1.0,False,control>lesion
14240,5-2-3-1-8-9,6 3 4 2 3* 4*,6,1.0,False,lesion>control
14241,5-2-3-2-5-7,6 3 4 3 6 2*,6,1.0,False,lesion>control
14242,5-2-3-5-8-7,6 3 4 6 3* 2*,6,1.0,False,lesion>control
14243,5-2-3-8-3-7,6 3 4 3* 4 2*,6,1.0,False,lesion>control
14244,5-2-3-8-5-1,6 3 4 3* 6 2,6,1.0,False,lesion>control
14245,5-2-3-8-5-2,6 3 4 3* 6 3,6,1.0,False,lesion>control
14246,5-2-3-8-7-3,6 3 4 3* 2* 4,6,1.0,False,lesion>control
14247,5-2-4-1-1-0,6 3 5 2 2 1,6,1.0,False,lesion>control
14248,5-2-4-7-3-8,6 3 5 2* 4 3*,6,1.0,False,lesion>control
14249,5-2-4-8-0-8,6 3 5 3* 1 3*,6,1.0,False,lesion>control
14250,5-2-4-8-5-3,6 3 5 3* 6 4,6,1.0,False,control>lesion
14251,5-2-5-0-2-1,6 3 6 1 3 2,6,1.0,False,lesion>control
14252,5-2-5-0-2-5,6 3 6 1 3 6,6,1.0,False,lesion>control
14253,5-2-5-0-4-0,6 3 6 1 5 1,6,1.0,False,lesion>control
14254,5-2-5-2-0-8,6 3 6 3 1 3*,6,1.0,False,lesion>control
14255,5-2-5-2-1-0,6 3 6 3 2 1,6,1.0,False,lesion>control
14256,5-2-5-2-1-5,6 3 6 3 2 6,6,1.0,False,lesion>control
14257,5-2-5-2-5-0,6 3 6 3 6 1,6,1.0,False,lesion>control
14258,5-2-5-2-7-5,6 3 6 3 2* 6,6,1.0,False,lesion>control
14259,5-2-5-3-4-1,6 3 6 4 5 2,6,1.0,False,control>lesion
14260,5-2-5-8-0-8,6 3 6 3* 1 3*,6,1.0,False,lesion>control
14261,5-2-7-0-3-4,6 3 2* 1 4 5,6,1.0,False,lesion>control
14262,5-2-7-0-8-1,6 3 2* 1 3* 2,6,1.0,False,lesion>control
14263,5-2-7-3-4-8,6 3 2* 4 5 3*,6,1.0,False,lesion>control
14264,5-2-7-3-8-4,6 3 2* 4 3* 5,6,1.0,False,lesion>control
14265,5-2-7-3-8-7,6 3 2* 4 3* 2*,6,1.0,False,lesion>control
14266,5-2-7-4-8-1,6 3 2* 5 3* 2,6,1.0,False,control>lesion
14267,5-2-7-5-0-5,6 3 2* 6 1 6,6,1.0,False,lesion>control
14268,5-2-7-5-3-8,6 3 2* 6 4 3*,6,1.0,False,lesion>control
14269,5-2-7-5-4-8,6 3 2* 6 5 3*,6,1.0,False,lesion>control
14270,5-2-7-5-8-1,6 3 2* 6 3* 2,6,1.0,False,lesion>control
14271,5-2-7-8-1-8,6 3 2* 3* 2 3*,6,1.0,False,lesion>control
14272,5-2-7-8-4-2,6 3 2* 3* 5 3,6,1.0,False,control>lesion
14273,5-2-7-8-5-2,6 3 2* 3* 6 3,6,1.0,False,lesion>control
14274,5-2-7-8-9-1,6 3 2* 3* 4* 2,6,1.0,False,lesion>control
14275,5-2-8-5-3-8,6 3 3* 6 4 3*,6,1.0,False,lesion>control
14276,5-2-8-7-0-3,6 3 3* 2* 1 4,6,1.0,False,control>lesion
14277,5-2-8-9-8-7,6 3 3* 4* 3* 2*,6,1.0,False,lesion>control
14278,5-2-9-1-3-1,6 3 4* 2 4 2,6,1.0,False,lesion>control
14279,5-2-9-1-3-8,6 3 4* 2 4 3*,6,1.0,False,lesion>control
14280,5-2-9-1-8-5,6 3 4* 2 3* 6,6,1.0,False,control>lesion
14281,5-2-9-1-8-9,6 3 4* 2 3* 4*,6,1.0,False,control>lesion
14282,5-2-9-8-3-8,6 3 4* 3* 4 3*,6,1.0,False,control>lesion
14283,5-2-9-8-5-2,6 3 4* 3* 6 3,6,1.0,False,lesion>control
14284,5-2-9-8-7-5,6 3 4* 3* 2* 6,6,1.0,False,lesion>control
14285,5-3-0-1-0-3,6 4 1 2 1 4,6,1.0,False,control>lesion
14286,5-3-0-1-3-1,6 4 1 2 4 2,6,1.0,False,control>lesion
14287,5-3-0-1-3-5,6 4 1 2 4 6,6,1.0,False,control>lesion
14288,5-3-0-1-4-3,6 4 1 2 5 4,6,1.0,False,control>lesion
14289,5-3-0-1-5-3,6 4 1 2 6 4,6,1.0,False,control>lesion
14290,5-3-0-1-5-4,6 4 1 2 6 5,6,1.0,False,control>lesion
14291,5-3-0-1-5-8,6 4 1 2 6 3*,6,1.0,False,control>lesion
14292,5-3-0-1-8-9,6 4 1 2 3* 4*,6,1.0,False,control>lesion
14293,5-3-0-3-0-4,6 4 1 4 1 5,6,1.0,False,lesion>control
14294,5-3-0-3-0-5,6 4 1 4 1 6,6,1.0,False,lesion>control
14295,5-3-0-3-1-4,6 4 1 4 2 5,6,1.0,False,control>lesion
14296,5-3-0-3-8-5,6 4 1 4 3* 6,6,1.0,False,lesion>control
14297,5-3-0-4-0-3,6 4 1 5 1 4,6,1.0,False,control>lesion
14298,5-3-0-4-1-8,6 4 1 5 2 3*,6,1.0,False,control>lesion
14299,5-3-0-4-5-0,6 4 1 5 6 1,6,1.0,False,control>lesion
14300,5-3-0-4-8-0,6 4 1 5 3* 1,6,1.0,False,lesion>control
14301,5-3-0-5-0-8,6 4 1 6 1 3*,6,1.0,False,control>lesion
14302,5-3-0-5-3-1,6 4 1 6 4 2,6,1.0,False,control>lesion
14303,5-3-0-5-3-8,6 4 1 6 4 3*,6,1.0,False,lesion>control
14304,5-3-0-5-4-0,6 4 1 6 5 1,6,1.0,False,lesion>control
14305,5-3-0-5-4-1,6 4 1 6 5 2,6,1.0,False,control>lesion
14306,5-3-0-5-8-5,6 4 1 6 3* 6,6,1.0,False,control>lesion
14307,5-3-0-5-8-7,6 4 1 6 3* 2*,6,1.0,False,control>lesion
14308,5-3-0-8-0-5,6 4 1 3* 1 6,6,1.0,False,lesion>control
14309,5-3-0-8-3-0,6 4 1 3* 4 1,6,1.0,False,control>lesion
14310,5-3-0-8-3-4,6 4 1 3* 4 5,6,1.0,False,control>lesion
14311,5-3-0-8-3-8,6 4 1 3* 4 3*,6,1.0,False,control>lesion
14312,5-3-0-8-4-2,6 4 1 3* 5 3,6,1.0,False,control>lesion
14313,5-3-1-0-1-0,6 4 2 1 2 1,6,1.0,False,control>lesion
14314,5-3-1-0-1-3,6 4 2 1 2 4,6,1.0,False,control>lesion
14315,5-3-1-0-1-4,6 4 2 1 2 5,6,1.0,False,control>lesion
14316,5-3-1-0-1-5,6 4 2 1 2 6,6,1.0,False,control>lesion
14317,5-3-1-0-4-5,6 4 2 1 5 6,6,1.0,False,lesion>control
14318,5-3-1-0-5-0,6 4 2 1 6 1,6,1.0,False,control>lesion
14319,5-3-1-0-5-1,6 4 2 1 6 2,6,1.0,False,lesion>control
14320,5-3-1-0-5-3,6 4 2 1 6 4,6,1.0,False,control>lesion
14321,5-3-1-0-5-4,6 4 2 1 6 5,6,1.0,False,control>lesion
14322,5-3-1-0-5-8,6 4 2 1 6 3*,6,1.0,False,lesion>control
14323,5-3-1-0-8-0,6 4 2 1 3* 1,6,1.0,False,control>lesion
14324,5-3-1-0-8-5,6 4 2 1 3* 6,6,1.0,False,control>lesion
14325,5-3-1-0-8-9,6 4 2 1 3* 4*,6,1.0,False,control>lesion
14326,5-3-1-2-3-0,6 4 2 3 4 1,6,1.0,False,control>lesion
14327,5-3-1-3-0-3,6 4 2 4 1 4,6,1.0,False,lesion>control
14328,5-3-1-3-5-0,6 4 2 4 6 1,6,1.0,False,control>lesion
14329,5-3-1-3-8-1,6 4 2 4 3* 2,6,1.0,False,control>lesion
14330,5-3-1-3-8-7,6 4 2 4 3* 2*,6,1.0,False,lesion>control
14331,5-3-1-4-5-8,6 4 2 5 6 3*,6,1.0,False,control>lesion
14332,5-3-1-5-0-3,6 4 2 6 1 4,6,1.0,False,control>lesion
14333,5-3-1-5-0-8,6 4 2 6 1 3*,6,1.0,False,control>lesion
14334,5-3-1-5-1-5,6 4 2 6 2 6,6,1.0,False,lesion>control
14335,5-3-1-5-8-9,6 4 2 6 3* 4*,6,1.0,False,lesion>control
14336,5-3-1-8-1-2,6 4 2 3* 2 3,6,1.0,False,control>lesion
14337,5-3-1-8-3-5,6 4 2 3* 4 6,6,1.0,False,control>lesion
14338,5-3-1-8-4-1,6 4 2 3* 5 2,6,1.0,False,lesion>control
14339,5-3-1-8-5-0,6 4 2 3* 6 1,6,1.0,False,control>lesion
14340,5-3-1-8-5-9,6 4 2 3* 6 4*,6,1.0,False,control>lesion
14341,5-3-1-8-9-1,6 4 2 3* 4* 2,6,1.0,False,control>lesion
14342,5-3-2-0-5-4,6 4 3 1 6 5,6,1.0,False,lesion>control
14343,5-3-2-1-3-8,6 4 3 2 4 3*,6,1.0,False,lesion>control
14344,5-3-2-1-5-4,6 4 3 2 6 5,6,1.0,False,control>lesion
14345,5-3-2-1-8-3,6 4 3 2 3* 4,6,1.0,False,control>lesion
14346,5-3-2-7-3-8,6 4 3 2* 4 3*,6,1.0,False,control>lesion
14347,5-3-4-0-3-0,6 4 5 1 4 1,6,1.0,False,lesion>control
14348,5-3-4-0-3-5,6 4 5 1 4 6,6,1.0,False,lesion>control
14349,5-3-4-0-3-8,6 4 5 1 4 3*,6,1.0,False,lesion>control
14350,5-3-4-0-5-3,6 4 5 1 6 4,6,1.0,False,control>lesion
14351,5-3-4-1-0-8,6 4 5 2 1 3*,6,1.0,False,control>lesion
14352,5-3-4-3-4-5,6 4 5 4 5 6,6,1.0,False,control>lesion
14353,5-3-4-3-5-4,6 4 5 4 6 5,6,1.0,False,control>lesion
14354,5-3-4-3-8-7,6 4 5 4 3* 2*,6,1.0,False,control>lesion
14355,5-3-4-5-0-3,6 4 5 6 1 4,6,1.0,False,control>lesion
14356,5-3-4-5-0-5,6 4 5 6 1 6,6,1.0,False,control>lesion
14357,5-3-4-5-3-0,6 4 5 6 4 1,6,1.0,False,control>lesion
14358,5-3-4-5-3-5,6 4 5 6 4 6,6,1.0,False,control>lesion
14359,5-3-4-5-4-1,6 4 5 6 5 2,6,1.0,False,control>lesion
14360,5-3-4-5-4-5,6 4 5 6 5 6,6,1.0,False,lesion>control
14361,5-3-4-5-4-8,6 4 5 6 5 3*,6,1.0,False,lesion>control
14362,5-3-4-5-8-5,6 4 5 6 3* 6,6,1.0,False,control>lesion
14363,5-3-4-8-1-8,6 4 5 3* 2 3*,6,1.0,False,control>lesion
14364,5-3-4-8-8-0,6 4 5 3* 3* 1,6,1.0,False,control>lesion
14365,5-3-5-0-1-5,6 4 6 1 2 6,6,1.0,False,lesion>control
14366,5-3-5-0-1-8,6 4 6 1 2 3*,6,1.0,False,control>lesion
14367,5-3-5-0-3-5,6 4 6 1 4 6,6,1.0,False,control>lesion
14368,5-3-5-0-4-0,6 4 6 1 5 1,6,1.0,False,control>lesion
14369,5-3-5-0-4-5,6 4 6 1 5 6,6,1.0,False,control>lesion
14370,5-3-5-0-5-0,6 4 6 1 6 1,6,1.0,False,lesion>control
14371,5-3-5-0-5-3,6 4 6 1 6 4,6,1.0,False,control>lesion
14372,5-3-5-0-5-4,6 4 6 1 6 5,6,1.0,False,control>lesion
14373,5-3-5-0-5-8,6 4 6 1 6 3*,6,1.0,False,control>lesion
14374,5-3-5-0-8-8,6 4 6 1 3* 3*,6,1.0,False,control>lesion
14375,5-3-5-3-5-0,6 4 6 4 6 1,6,1.0,False,control>lesion
14376,5-3-5-3-8-7,6 4 6 4 3* 2*,6,1.0,False,lesion>control
14377,5-3-5-4-5-8,6 4 6 5 6 3*,6,1.0,False,lesion>control
14378,5-3-5-8-0-5,6 4 6 3* 1 6,6,1.0,False,control>lesion
14379,5-3-5-8-4-8,6 4 6 3* 5 3*,6,1.0,False,lesion>control
14380,5-3-5-8-7-0,6 4 6 3* 2* 1,6,1.0,False,control>lesion
14381,5-3-5-8-7-8,6 4 6 3* 2* 3*,6,1.0,False,control>lesion
14382,5-3-7-0-1-3,6 4 2* 1 2 4,6,1.0,False,control>lesion
14383,5-3-7-8-9-8,6 4 2* 3* 4* 3*,6,1.0,False,lesion>control
14384,5-3-8-0-3-5,6 4 3* 1 4 6,6,1.0,False,lesion>control
14385,5-3-8-0-3-7,6 4 3* 1 4 2*,6,1.0,False,control>lesion
14386,5-3-8-0-3-8,6 4 3* 1 4 3*,6,1.0,False,control>lesion
14387,5-3-8-0-4-5,6 4 3* 1 5 6,6,1.0,False,lesion>control
14388,5-3-8-0-5-1,6 4 3* 1 6 2,6,1.0,False,lesion>control
14389,5-3-8-0-5-8,6 4 3* 1 6 3*,6,1.0,False,lesion>control
14390,5-3-8-0-7-3,6 4 3* 1 2* 4,6,1.0,False,control>lesion
14391,5-3-8-0-7-8,6 4 3* 1 2* 3*,6,1.0,False,control>lesion
14392,5-3-8-0-8-1,6 4 3* 1 3* 2,6,1.0,False,lesion>control
14393,5-3-8-1-0-3,6 4 3* 2 1 4,6,1.0,False,lesion>control
14394,5-3-8-1-3-8,6 4 3* 2 4 3*,6,1.0,False,control>lesion
14395,5-3-8-3-0-1,6 4 3* 4 1 2,6,1.0,False,control>lesion
14396,5-3-8-3-0-3,6 4 3* 4 1 4,6,1.0,False,lesion>control
14397,5-3-8-3-1-0,6 4 3* 4 2 1,6,1.0,False,control>lesion
14398,5-3-8-3-2-7,6 4 3* 4 3 2*,6,1.0,False,control>lesion
14399,5-3-8-3-4-3,6 4 3* 4 5 4,6,1.0,False,control>lesion
14400,5-3-8-3-4-8,6 4 3* 4 5 3*,6,1.0,False,lesion>control
14401,5-3-8-3-5-1,6 4 3* 4 6 2,6,1.0,False,control>lesion
14402,5-3-8-3-5-4,6 4 3* 4 6 5,6,1.0,False,control>lesion
14403,5-3-8-3-7-3,6 4 3* 4 2* 4,6,1.0,False,lesion>control
14404,5-3-8-4-5-8,6 4 3* 5 6 3*,6,1.0,False,control>lesion
14405,5-3-8-4-8-7,6 4 3* 5 3* 2*,6,1.0,False,lesion>control
14406,5-3-8-5-0-2,6 4 3* 6 1 3,6,1.0,False,lesion>control
14407,5-3-8-5-1-0,6 4 3* 6 2 1,6,1.0,False,control>lesion
14408,5-3-8-5-2-3,6 4 3* 6 3 4,6,1.0,False,lesion>control
14409,5-3-8-5-4-1,6 4 3* 6 5 2,6,1.0,False,control>lesion
14410,5-3-8-5-4-5,6 4 3* 6 5 6,6,1.0,False,control>lesion
14411,5-3-8-7-3-0,6 4 3* 2* 4 1,6,1.0,False,lesion>control
14412,5-3-8-7-3-1,6 4 3* 2* 4 2,6,1.0,False,lesion>control
14413,5-3-8-7-3-5,6 4 3* 2* 4 6,6,1.0,False,lesion>control
14414,5-3-8-7-4-3,6 4 3* 2* 5 4,6,1.0,False,lesion>control
14415,5-3-8-7-5-4,6 4 3* 2* 6 5,6,1.0,False,lesion>control
14416,5-3-8-7-5-8,6 4 3* 2* 6 3*,6,1.0,False,lesion>control
14417,5-3-8-7-8-4,6 4 3* 2* 3* 5,6,1.0,False,lesion>control
14418,5-3-8-8-5-4,6 4 3* 3* 6 5,6,1.0,False,lesion>control
14419,5-4-0-1-0-3,6 5 1 2 1 4,6,1.0,False,control>lesion
14420,5-4-0-1-0-5,6 5 1 2 1 6,6,1.0,False,lesion>control
14421,5-4-0-1-4-0,6 5 1 2 5 1,6,1.0,False,control>lesion
14422,5-4-0-1-4-3,6 5 1 2 5 4,6,1.0,False,lesion>control
14423,5-4-0-1-5-8,6 5 1 2 6 3*,6,1.0,False,control>lesion
14424,5-4-0-1-8-1,6 5 1 2 3* 2,6,1.0,False,control>lesion
14425,5-4-0-1-8-9,6 5 1 2 3* 4*,6,1.0,False,lesion>control
14426,5-4-0-3-0-3,6 5 1 4 1 4,6,1.0,False,control>lesion
14427,5-4-0-3-0-8,6 5 1 4 1 3*,6,1.0,False,control>lesion
14428,5-4-0-3-4-5,6 5 1 4 5 6,6,1.0,False,control>lesion
14429,5-4-0-3-5-1,6 5 1 4 6 2,6,1.0,False,control>lesion
14430,5-4-0-3-5-3,6 5 1 4 6 4,6,1.0,False,control>lesion
14431,5-4-0-3-5-4,6 5 1 4 6 5,6,1.0,False,control>lesion
14432,5-4-0-5-0-1,6 5 1 6 1 2,6,1.0,False,lesion>control
14433,5-4-0-5-0-5,6 5 1 6 1 6,6,1.0,False,lesion>control
14434,5-4-0-5-3-0,6 5 1 6 4 1,6,1.0,False,control>lesion
14435,5-4-0-5-3-1,6 5 1 6 4 2,6,1.0,False,control>lesion
14436,5-4-0-5-4-1,6 5 1 6 5 2,6,1.0,False,control>lesion
14437,5-4-0-8-0-4,6 5 1 3* 1 5,6,1.0,False,control>lesion
14438,5-4-0-8-3-4,6 5 1 3* 4 5,6,1.0,False,control>lesion
14439,5-4-0-8-3-5,6 5 1 3* 4 6,6,1.0,False,control>lesion
14440,5-4-0-8-3-8,6 5 1 3* 4 3*,6,1.0,False,control>lesion
14441,5-4-0-8-5-1,6 5 1 3* 6 2,6,1.0,False,control>lesion
14442,5-4-0-8-5-4,6 5 1 3* 6 5,6,1.0,False,control>lesion
14443,5-4-0-8-7-0,6 5 1 3* 2* 1,6,1.0,False,lesion>control
14444,5-4-0-8-7-8,6 5 1 3* 2* 3*,6,1.0,False,lesion>control
14445,5-4-1-0-1-4,6 5 2 1 2 5,6,1.0,False,control>lesion
14446,5-4-1-0-5-3,6 5 2 1 6 4,6,1.0,False,control>lesion
14447,5-4-1-0-8-5,6 5 2 1 3* 6,6,1.0,False,control>lesion
14448,5-4-1-4-0-4,6 5 2 5 1 5,6,1.0,False,lesion>control
14449,5-4-1-5-2-5,6 5 2 6 3 6,6,1.0,False,control>lesion
14450,5-4-1-8-0-9,6 5 2 3* 1 4*,6,1.0,False,lesion>control
14451,5-4-1-8-1-8,6 5 2 3* 2 3*,6,1.0,False,lesion>control
14452,5-4-2-5-3-7,6 5 3 6 4 2*,6,1.0,False,lesion>control
14453,5-4-2-7-8-1,6 5 3 2* 3* 2,6,1.0,False,lesion>control
14454,5-4-3-0-1-5,6 5 4 1 2 6,6,1.0,False,control>lesion
14455,5-4-3-0-4-0,6 5 4 1 5 1,6,1.0,False,lesion>control
14456,5-4-3-0-5-0,6 5 4 1 6 1,6,1.0,False,lesion>control
14457,5-4-3-0-5-4,6 5 4 1 6 5,6,1.0,False,control>lesion
14458,5-4-3-0-8-7,6 5 4 1 3* 2*,6,1.0,False,control>lesion
14459,5-4-3-1-5-3,6 5 4 2 6 4,6,1.0,False,control>lesion
14460,5-4-3-1-5-4,6 5 4 2 6 5,6,1.0,False,lesion>control
14461,5-4-3-2-1-0,6 5 4 3 2 1,6,1.0,False,lesion>control
14462,5-4-3-4-1-0,6 5 4 5 2 1,6,1.0,False,control>lesion
14463,5-4-3-4-3-0,6 5 4 5 4 1,6,1.0,False,control>lesion
14464,5-4-3-4-3-1,6 5 4 5 4 2,6,1.0,False,control>lesion
14465,5-4-3-4-3-4,6 5 4 5 4 5,6,1.0,False,control>lesion
14466,5-4-3-4-5-0,6 5 4 5 6 1,6,1.0,False,control>lesion
14467,5-4-3-4-5-4,6 5 4 5 6 5,6,1.0,False,control>lesion
14468,5-4-3-4-5-8,6 5 4 5 6 3*,6,1.0,False,control>lesion
14469,5-4-3-5-0-1,6 5 4 6 1 2,6,1.0,False,control>lesion
14470,5-4-3-5-0-5,6 5 4 6 1 6,6,1.0,False,control>lesion
14471,5-4-3-5-1-0,6 5 4 6 2 1,6,1.0,False,control>lesion
14472,5-4-3-5-1-5,6 5 4 6 2 6,6,1.0,False,control>lesion
14473,5-4-3-5-3-1,6 5 4 6 4 2,6,1.0,False,control>lesion
14474,5-4-3-5-4-0,6 5 4 6 5 1,6,1.0,False,lesion>control
14475,5-4-3-5-4-5,6 5 4 6 5 6,6,1.0,False,lesion>control
14476,5-4-3-5-8-3,6 5 4 6 3* 4,6,1.0,False,control>lesion
14477,5-4-3-8-4-3,6 5 4 3* 5 4,6,1.0,False,lesion>control
14478,5-4-3-8-5-3,6 5 4 3* 6 4,6,1.0,False,lesion>control
14479,5-4-3-8-9-5,6 5 4 3* 4* 6,6,1.0,False,control>lesion
14480,5-4-5-0-3-8,6 5 6 1 4 3*,6,1.0,False,control>lesion
14481,5-4-5-0-5-8,6 5 6 1 6 3*,6,1.0,False,lesion>control
14482,5-4-5-0-8-7,6 5 6 1 3* 2*,6,1.0,False,control>lesion
14483,5-4-5-0-8-9,6 5 6 1 3* 4*,6,1.0,False,lesion>control
14484,5-4-5-1-5-4,6 5 6 2 6 5,6,1.0,False,control>lesion
14485,5-4-5-2-8-7,6 5 6 3 3* 2*,6,1.0,False,control>lesion
14486,5-4-5-3-1-2,6 5 6 4 2 3,6,1.0,False,control>lesion
14487,5-4-5-3-4-0,6 5 6 4 5 1,6,1.0,False,lesion>control
14488,5-4-5-3-4-5,6 5 6 4 5 6,6,1.0,False,control>lesion
14489,5-4-5-3-5-4,6 5 6 4 6 5,6,1.0,False,lesion>control
14490,5-4-5-3-8-0,6 5 6 4 3* 1,6,1.0,False,control>lesion
14491,5-4-5-4-0-5,6 5 6 5 1 6,6,1.0,False,control>lesion
14492,5-4-5-4-3-0,6 5 6 5 4 1,6,1.0,False,control>lesion
14493,5-4-5-4-5-1,6 5 6 5 6 2,6,1.0,False,control>lesion
14494,5-4-5-4-8-7,6 5 6 5 3* 2*,6,1.0,False,lesion>control
14495,5-4-5-8-0-8,6 5 6 3* 1 3*,6,1.0,False,lesion>control
14496,5-4-5-8-1-0,6 5 6 3* 2 1,6,1.0,False,control>lesion
14497,5-4-5-8-1-2,6 5 6 3* 2 3,6,1.0,False,lesion>control
14498,5-4-5-8-1-3,6 5 6 3* 2 4,6,1.0,False,control>lesion
14499,5-4-5-8-1-8,6 5 6 3* 2 3*,6,1.0,False,lesion>control
14500,5-4-5-8-3-4,6 5 6 3* 4 5,6,1.0,False,lesion>control
14501,5-4-5-8-5-0,6 5 6 3* 6 1,6,1.0,False,lesion>control
14502,5-4-5-8-7-3,6 5 6 3* 2* 4,6,1.0,False,lesion>control
14503,5-4-7-0-5-3,6 5 2* 1 6 4,6,1.0,False,lesion>control
14504,5-4-8-0-3-5,6 5 3* 1 4 6,6,1.0,False,lesion>control
14505,5-4-8-0-3-8,6 5 3* 1 4 3*,6,1.0,False,lesion>control
14506,5-4-8-0-5-2,6 5 3* 1 6 3,6,1.0,False,lesion>control
14507,5-4-8-0-7-8,6 5 3* 1 2* 3*,6,1.0,False,control>lesion
14508,5-4-8-0-8-1,6 5 3* 1 3* 2,6,1.0,False,lesion>control
14509,5-4-8-0-8-3,6 5 3* 1 3* 4,6,1.0,False,control>lesion
14510,5-4-8-0-8-4,6 5 3* 1 3* 5,6,1.0,False,lesion>control
14511,5-4-8-0-8-7,6 5 3* 1 3* 2*,6,1.0,False,control>lesion
14512,5-4-8-0-9-8,6 5 3* 1 4* 3*,6,1.0,False,control>lesion
14513,5-4-8-1-3-0,6 5 3* 2 4 1,6,1.0,False,lesion>control
14514,5-4-8-1-3-1,6 5 3* 2 4 2,6,1.0,False,lesion>control
14515,5-4-8-1-4-3,6 5 3* 2 5 4,6,1.0,False,lesion>control
14516,5-4-8-1-4-5,6 5 3* 2 5 6,6,1.0,False,control>lesion
14517,5-4-8-1-5-0,6 5 3* 2 6 1,6,1.0,False,lesion>control
14518,5-4-8-1-8-5,6 5 3* 2 3* 6,6,1.0,False,lesion>control
14519,5-4-8-1-8-9,6 5 3* 2 3* 4*,6,1.0,False,control>lesion
14520,5-4-8-3-0-1,6 5 3* 4 1 2,6,1.0,False,control>lesion
14521,5-4-8-3-0-5,6 5 3* 4 1 6,6,1.0,False,control>lesion
14522,5-4-8-3-1-0,6 5 3* 4 2 1,6,1.0,False,lesion>control
14523,5-4-8-3-1-8,6 5 3* 4 2 3*,6,1.0,False,lesion>control
14524,5-4-8-3-2-7,6 5 3* 4 3 2*,6,1.0,False,lesion>control
14525,5-4-8-4-3-8,6 5 3* 5 4 3*,6,1.0,False,control>lesion
14526,5-4-8-4-5-8,6 5 3* 5 6 3*,6,1.0,False,control>lesion
14527,5-4-8-5-3-5,6 5 3* 6 4 6,6,1.0,False,control>lesion
14528,5-4-8-5-4-8,6 5 3* 6 5 3*,6,1.0,False,control>lesion
14529,5-4-8-5-8-0,6 5 3* 6 3* 1,6,1.0,False,lesion>control
14530,5-4-8-5-8-5,6 5 3* 6 3* 6,6,1.0,False,lesion>control
14531,5-4-8-7-0-4,6 5 3* 2* 1 5,6,1.0,False,control>lesion
14532,5-4-8-7-3-5,6 5 3* 2* 4 6,6,1.0,False,lesion>control
14533,5-4-8-7-5-3,6 5 3* 2* 6 4,6,1.0,False,lesion>control
14534,5-4-8-7-5-4,6 5 3* 2* 6 5,6,1.0,False,control>lesion
14535,5-4-8-7-5-8,6 5 3* 2* 6 3*,6,1.0,False,lesion>control
14536,5-4-8-7-8-0,6 5 3* 2* 3* 1,6,1.0,False,lesion>control
14537,5-4-8-8-9-8,6 5 3* 3* 4* 3*,6,1.0,False,lesion>control
14538,5-4-8-9-4-3,6 5 3* 4* 5 4,6,1.0,False,control>lesion
14539,5-4-8-9-4-5,6 5 3* 4* 5 6,6,1.0,False,control>lesion
14540,5-4-8-9-5-4,6 5 3* 4* 6 5,6,1.0,False,control>lesion
14541,5-4-8-9-5-8,6 5 3* 4* 6 3*,6,1.0,False,control>lesion
14542,5-4-8-9-8-3,6 5 3* 4* 3* 4,6,1.0,False,lesion>control
14543,5-4-9-2-1-0,6 5 4* 3 2 1,6,1.0,False,lesion>control
14544,5-4-9-8-5-4,6 5 4* 3* 6 5,6,1.0,False,lesion>control
14545,5-5-0-5-0-5,6 6 1 6 1 6,6,1.0,False,lesion>control
14546,5-5-8-9-8-0,6 6 3* 4* 3* 1,6,1.0,False,lesion>control
14547,5-7-0-3-8-0,6 2* 1 4 3* 1,6,1.0,False,lesion>control
14548,5-7-3-0-3-5,6 2* 4 1 4 6,6,1.0,False,lesion>control
14549,5-7-3-0-8-5,6 2* 4 1 3* 6,6,1.0,False,lesion>control
14550,5-7-8-5-2-9,6 2* 3* 6 3 4*,6,1.0,False,lesion>control
14551,5-7-8-9-5-0,6 2* 3* 4* 6 1,6,1.0,False,control>lesion
14552,5-8-0-1-0-1,6 3* 1 2 1 2,6,1.0,False,control>lesion
14553,5-8-0-1-0-3,6 3* 1 2 1 4,6,1.0,False,lesion>control
14554,5-8-0-1-0-8,6 3* 1 2 1 3*,6,1.0,False,lesion>control
14555,5-8-0-1-3-5,6 3* 1 2 4 6,6,1.0,False,control>lesion
14556,5-8-0-1-5-0,6 3* 1 2 6 1,6,1.0,False,control>lesion
14557,5-8-0-1-5-8,6 3* 1 2 6 3*,6,1.0,False,lesion>control
14558,5-8-0-1-8-4,6 3* 1 2 3* 5,6,1.0,False,control>lesion
14559,5-8-0-1-8-5,6 3* 1 2 3* 6,6,1.0,False,control>lesion
14560,5-8-0-2-0-5,6 3* 1 3 1 6,6,1.0,False,lesion>control
14561,5-8-0-2-1-3,6 3* 1 3 2 4,6,1.0,False,control>lesion
14562,5-8-0-2-1-8,6 3* 1 3 2 3*,6,1.0,False,lesion>control
14563,5-8-0-2-5-2,6 3* 1 3 6 3,6,1.0,False,lesion>control
14564,5-8-0-2-5-4,6 3* 1 3 6 5,6,1.0,False,lesion>control
14565,5-8-0-3-0-1,6 3* 1 4 1 2,6,1.0,False,lesion>control
14566,5-8-0-3-0-3,6 3* 1 4 1 4,6,1.0,False,lesion>control
14567,5-8-0-3-0-7,6 3* 1 4 1 2*,6,1.0,False,lesion>control
14568,5-8-0-3-5-1,6 3* 1 4 6 2,6,1.0,False,control>lesion
14569,5-8-0-3-5-3,6 3* 1 4 6 4,6,1.0,False,control>lesion
14570,5-8-0-3-5-4,6 3* 1 4 6 5,6,1.0,False,lesion>control
14571,5-8-0-3-8-3,6 3* 1 4 3* 4,6,1.0,False,lesion>control
14572,5-8-0-3-8-4,6 3* 1 4 3* 5,6,1.0,False,control>lesion
14573,5-8-0-3-8-5,6 3* 1 4 3* 6,6,1.0,False,lesion>control
14574,5-8-0-4-5-8,6 3* 1 5 6 3*,6,1.0,False,lesion>control
14575,5-8-0-4-8-0,6 3* 1 5 3* 1,6,1.0,False,lesion>control
14576,5-8-0-5-0-3,6 3* 1 6 1 4,6,1.0,False,lesion>control
14577,5-8-0-5-1-0,6 3* 1 6 2 1,6,1.0,False,lesion>control
14578,5-8-0-5-2-0,6 3* 1 6 3 1,6,1.0,False,control>lesion
14579,5-8-0-5-2-1,6 3* 1 6 3 2,6,1.0,False,lesion>control
14580,5-8-0-5-4-3,6 3* 1 6 5 4,6,1.0,False,lesion>control
14581,5-8-0-5-8-1,6 3* 1 6 3* 2,6,1.0,False,lesion>control
14582,5-8-0-5-8-3,6 3* 1 6 3* 4,6,1.0,False,lesion>control
14583,5-8-0-5-8-4,6 3* 1 6 3* 5,6,1.0,False,lesion>control
14584,5-8-0-5-8-7,6 3* 1 6 3* 2*,6,1.0,False,lesion>control
14585,5-8-0-5-8-8,6 3* 1 6 3* 3*,6,1.0,False,lesion>control
14586,5-8-0-7-0-1,6 3* 1 2* 1 2,6,1.0,False,control>lesion
14587,5-8-0-7-3-1,6 3* 1 2* 4 2,6,1.0,False,control>lesion
14588,5-8-0-8-0-2,6 3* 1 3* 1 3,6,1.0,False,control>lesion
14589,5-8-0-8-0-8,6 3* 1 3* 1 3*,6,1.0,False,lesion>control
14590,5-8-0-8-3-0,6 3* 1 3* 4 1,6,1.0,False,lesion>control
14591,5-8-0-8-3-4,6 3* 1 3* 4 5,6,1.0,False,lesion>control
14592,5-8-0-8-4-1,6 3* 1 3* 5 2,6,1.0,False,lesion>control
14593,5-8-0-8-4-5,6 3* 1 3* 5 6,6,1.0,False,control>lesion
14594,5-8-0-9-3-0,6 3* 1 4* 4 1,6,1.0,False,lesion>control
14595,5-8-0-9-8-0,6 3* 1 4* 3* 1,6,1.0,False,lesion>control
14596,5-8-0-9-8-8,6 3* 1 4* 3* 3*,6,1.0,False,control>lesion
14597,5-8-1-0-1-0,6 3* 2 1 2 1,6,1.0,False,lesion>control
14598,5-8-1-0-3-5,6 3* 2 1 4 6,6,1.0,False,lesion>control
14599,5-8-1-0-4-0,6 3* 2 1 5 1,6,1.0,False,control>lesion
14600,5-8-1-0-8-9,6 3* 2 1 3* 4*,6,1.0,False,lesion>control
14601,5-8-1-2-1-0,6 3* 2 3 2 1,6,1.0,False,lesion>control
14602,5-8-1-2-3-8,6 3* 2 3 4 3*,6,1.0,False,lesion>control
14603,5-8-1-2-5-8,6 3* 2 3 6 3*,6,1.0,False,lesion>control
14604,5-8-1-3-0-5,6 3* 2 4 1 6,6,1.0,False,control>lesion
14605,5-8-1-3-1-3,6 3* 2 4 2 4,6,1.0,False,control>lesion
14606,5-8-1-3-4-0,6 3* 2 4 5 1,6,1.0,False,lesion>control
14607,5-8-1-3-5-4,6 3* 2 4 6 5,6,1.0,False,control>lesion
14608,5-8-1-4-0-5,6 3* 2 5 1 6,6,1.0,False,lesion>control
14609,5-8-1-4-1-3,6 3* 2 5 2 4,6,1.0,False,lesion>control
14610,5-8-1-4-2-1,6 3* 2 5 3 2,6,1.0,False,lesion>control
14611,5-8-1-4-8-5,6 3* 2 5 3* 6,6,1.0,False,lesion>control
14612,5-8-1-5-0-5,6 3* 2 6 1 6,6,1.0,False,control>lesion
14613,5-8-1-5-0-8,6 3* 2 6 1 3*,6,1.0,False,control>lesion
14614,5-8-1-5-1-8,6 3* 2 6 2 3*,6,1.0,False,lesion>control
14615,5-8-1-8-0-4,6 3* 2 3* 1 5,6,1.0,False,lesion>control
14616,5-8-1-8-1-4,6 3* 2 3* 2 5,6,1.0,False,control>lesion
14617,5-8-1-8-1-5,6 3* 2 3* 2 6,6,1.0,False,lesion>control
14618,5-8-1-8-4-5,6 3* 2 3* 5 6,6,1.0,False,lesion>control
14619,5-8-1-8-5-2,6 3* 2 3* 6 3,6,1.0,False,lesion>control
14620,5-8-1-8-5-3,6 3* 2 3* 6 4,6,1.0,False,lesion>control
14621,5-8-1-8-5-4,6 3* 2 3* 6 5,6,1.0,False,control>lesion
14622,5-8-1-8-5-8,6 3* 2 3* 6 3*,6,1.0,False,lesion>control
14623,5-8-1-8-5-9,6 3* 2 3* 6 4*,6,1.0,False,lesion>control
14624,5-8-1-8-7-0,6 3* 2 3* 2* 1,6,1.0,False,control>lesion
14625,5-8-1-8-7-4,6 3* 2 3* 2* 5,6,1.0,False,lesion>control
14626,5-8-3-0-1-3,6 3* 4 1 2 4,6,1.0,False,control>lesion
14627,5-8-3-0-1-8,6 3* 4 1 2 3*,6,1.0,False,lesion>control
14628,5-8-3-0-3-2,6 3* 4 1 4 3,6,1.0,False,lesion>control
14629,5-8-3-0-3-5,6 3* 4 1 4 6,6,1.0,False,control>lesion
14630,5-8-3-0-4-0,6 3* 4 1 5 1,6,1.0,False,control>lesion
14631,5-8-3-0-4-5,6 3* 4 1 5 6,6,1.0,False,lesion>control
14632,5-8-3-0-5-3,6 3* 4 1 6 4,6,1.0,False,control>lesion
14633,5-8-3-0-7-5,6 3* 4 1 2* 6,6,1.0,False,lesion>control
14634,5-8-3-2-0-5,6 3* 4 3 1 6,6,1.0,False,lesion>control
14635,5-8-3-2-1-2,6 3* 4 3 2 3,6,1.0,False,lesion>control
14636,5-8-3-3-5-3,6 3* 4 4 6 4,6,1.0,False,control>lesion
14637,5-8-3-4-0-8,6 3* 4 5 1 3*,6,1.0,False,lesion>control
14638,5-8-3-4-5-2,6 3* 4 5 6 3,6,1.0,False,lesion>control
14639,5-8-3-4-8-7,6 3* 4 5 3* 2*,6,1.0,False,lesion>control
14640,5-8-3-5-1-3,6 3* 4 6 2 4,6,1.0,False,lesion>control
14641,5-8-3-5-1-5,6 3* 4 6 2 6,6,1.0,False,lesion>control
14642,5-8-3-5-3-8,6 3* 4 6 4 3*,6,1.0,False,lesion>control
14643,5-8-3-5-4-3,6 3* 4 6 5 4,6,1.0,False,control>lesion
14644,5-8-3-5-8-3,6 3* 4 6 3* 4,6,1.0,False,control>lesion
14645,5-8-3-5-8-5,6 3* 4 6 3* 6,6,1.0,False,lesion>control
14646,5-8-3-8-0-3,6 3* 4 3* 1 4,6,1.0,False,lesion>control
14647,5-8-3-8-0-5,6 3* 4 3* 1 6,6,1.0,False,control>lesion
14648,5-8-3-8-3-0,6 3* 4 3* 4 1,6,1.0,False,lesion>control
14649,5-8-3-8-5-1,6 3* 4 3* 6 2,6,1.0,False,lesion>control
14650,5-8-3-8-7-3,6 3* 4 3* 2* 4,6,1.0,False,control>lesion
14651,5-8-4-0-3-5,6 3* 5 1 4 6,6,1.0,False,lesion>control
14652,5-8-4-1-0-3,6 3* 5 2 1 4,6,1.0,False,control>lesion
14653,5-8-4-2-1-0,6 3* 5 3 2 1,6,1.0,False,lesion>control
14654,5-8-4-2-1-8,6 3* 5 3 2 3*,6,1.0,False,lesion>control
14655,5-8-4-3-0-5,6 3* 5 4 1 6,6,1.0,False,lesion>control
14656,5-8-4-3-1-5,6 3* 5 4 2 6,6,1.0,False,control>lesion
14657,5-8-4-5-0-1,6 3* 5 6 1 2,6,1.0,False,control>lesion
14658,5-8-4-5-1-5,6 3* 5 6 2 6,6,1.0,False,lesion>control
14659,5-8-4-5-3-0,6 3* 5 6 4 1,6,1.0,False,control>lesion
14660,5-8-4-5-4-1,6 3* 5 6 5 2,6,1.0,False,lesion>control
14661,5-8-4-5-4-8,6 3* 5 6 5 3*,6,1.0,False,control>lesion
14662,5-8-4-5-8-1,6 3* 5 6 3* 2,6,1.0,False,lesion>control
14663,5-8-4-8-1-3,6 3* 5 3* 2 4,6,1.0,False,lesion>control
14664,5-8-4-8-1-5,6 3* 5 3* 2 6,6,1.0,False,lesion>control
14665,5-8-4-8-4-0,6 3* 5 3* 5 1,6,1.0,False,lesion>control
14666,5-8-4-8-4-3,6 3* 5 3* 5 4,6,1.0,False,control>lesion
14667,5-8-4-8-5-8,6 3* 5 3* 6 3*,6,1.0,False,lesion>control
14668,5-8-4-8-7-0,6 3* 5 3* 2* 1,6,1.0,False,lesion>control
14669,5-8-4-8-7-8,6 3* 5 3* 2* 3*,6,1.0,False,lesion>control
14670,5-8-5-0-2-1,6 3* 6 1 3 2,6,1.0,False,control>lesion
14671,5-8-5-0-4-2,6 3* 6 1 5 3,6,1.0,False,lesion>control
14672,5-8-5-0-4-5,6 3* 6 1 5 6,6,1.0,False,control>lesion
14673,5-8-5-0-5-8,6 3* 6 1 6 3*,6,1.0,False,lesion>control
14674,5-8-5-1-0-3,6 3* 6 2 1 4,6,1.0,False,lesion>control
14675,5-8-5-1-5-2,6 3* 6 2 6 3,6,1.0,False,lesion>control
14676,5-8-5-1-5-8,6 3* 6 2 6 3*,6,1.0,False,lesion>control
14677,5-8-5-2-0-2,6 3* 6 3 1 3,6,1.0,False,lesion>control
14678,5-8-5-2-0-3,6 3* 6 3 1 4,6,1.0,False,lesion>control
14679,5-8-5-2-0-9,6 3* 6 3 1 4*,6,1.0,False,lesion>control
14680,5-8-5-2-1-5,6 3* 6 3 2 6,6,1.0,False,lesion>control
14681,5-8-5-2-3-2,6 3* 6 3 4 3,6,1.0,False,lesion>control
14682,5-8-5-2-3-5,6 3* 6 3 4 6,6,1.0,False,lesion>control
14683,5-8-5-2-7-3,6 3* 6 3 2* 4,6,1.0,False,lesion>control
14684,5-8-5-2-7-4,6 3* 6 3 2* 5,6,1.0,False,control>lesion
14685,5-8-5-3-0-5,6 3* 6 4 1 6,6,1.0,False,lesion>control
14686,5-8-5-3-1-5,6 3* 6 4 2 6,6,1.0,False,lesion>control
14687,5-8-5-3-5-0,6 3* 6 4 6 1,6,1.0,False,control>lesion
14688,5-8-5-3-8-3,6 3* 6 4 3* 4,6,1.0,False,control>lesion
14689,5-8-5-4-0-1,6 3* 6 5 1 2,6,1.0,False,control>lesion
14690,5-8-5-4-1-0,6 3* 6 5 2 1,6,1.0,False,control>lesion
14691,5-8-5-4-5-3,6 3* 6 5 6 4,6,1.0,False,lesion>control
14692,5-8-5-4-7-0,6 3* 6 5 2* 1,6,1.0,False,lesion>control
14693,5-8-5-8-0-3,6 3* 6 3* 1 4,6,1.0,False,lesion>control
14694,5-8-5-8-0-5,6 3* 6 3* 1 6,6,1.0,False,lesion>control
14695,5-8-5-8-1-0,6 3* 6 3* 2 1,6,1.0,False,control>lesion
14696,5-8-5-8-1-8,6 3* 6 3* 2 3*,6,1.0,False,lesion>control
14697,5-8-5-8-3-8,6 3* 6 3* 4 3*,6,1.0,False,lesion>control
14698,5-8-5-8-4-5,6 3* 6 3* 5 6,6,1.0,False,lesion>control
14699,5-8-5-8-7-8,6 3* 6 3* 2* 3*,6,1.0,False,lesion>control
14700,5-8-5-8-9-8,6 3* 6 3* 4* 3*,6,1.0,False,lesion>control
14701,5-8-5-9-8-7,6 3* 6 4* 3* 2*,6,1.0,False,lesion>control
14702,5-8-7-0-1-4,6 3* 2* 1 2 5,6,1.0,False,control>lesion
14703,5-8-7-0-3-2,6 3* 2* 1 4 3,6,1.0,False,control>lesion
14704,5-8-7-0-4-3,6 3* 2* 1 5 4,6,1.0,False,control>lesion
14705,5-8-7-0-5-0,6 3* 2* 1 6 1,6,1.0,False,lesion>control
14706,5-8-7-0-5-4,6 3* 2* 1 6 5,6,1.0,False,control>lesion
14707,5-8-7-0-5-8,6 3* 2* 1 6 3*,6,1.0,False,lesion>control
14708,5-8-7-0-8-0,6 3* 2* 1 3* 1,6,1.0,False,control>lesion
14709,5-8-7-0-8-5,6 3* 2* 1 3* 6,6,1.0,False,control>lesion
14710,5-8-7-1-8-0,6 3* 2* 2 3* 1,6,1.0,False,lesion>control
14711,5-8-7-3-4-1,6 3* 2* 4 5 2,6,1.0,False,control>lesion
14712,5-8-7-4-8-1,6 3* 2* 5 3* 2,6,1.0,False,lesion>control
14713,5-8-7-4-8-3,6 3* 2* 5 3* 4,6,1.0,False,lesion>control
14714,5-8-7-4-8-9,6 3* 2* 5 3* 4*,6,1.0,False,lesion>control
14715,5-8-7-5-8-9,6 3* 2* 6 3* 4*,6,1.0,False,lesion>control
14716,5-8-7-8-4-2,6 3* 2* 3* 5 3,6,1.0,False,control>lesion
14717,5-8-7-8-4-5,6 3* 2* 3* 5 6,6,1.0,False,control>lesion
14718,5-8-7-8-5-0,6 3* 2* 3* 6 1,6,1.0,False,lesion>control
14719,5-8-7-8-5-2,6 3* 2* 3* 6 3,6,1.0,False,lesion>control
14720,5-8-7-8-5-8,6 3* 2* 3* 6 3*,6,1.0,False,lesion>control
14721,5-8-7-8-7-0,6 3* 2* 3* 2* 1,6,1.0,False,lesion>control
14722,5-8-7-8-8-7,6 3* 2* 3* 3* 2*,6,1.0,False,control>lesion
14723,5-8-7-8-9-0,6 3* 2* 3* 4* 1,6,1.0,False,lesion>control
14724,5-8-8-7-0-1,6 3* 3* 2* 1 2,6,1.0,False,control>lesion
14725,5-8-8-9-1-8,6 3* 3* 4* 2 3*,6,1.0,False,lesion>control
14726,5-8-8-9-8-5,6 3* 3* 4* 3* 6,6,1.0,False,lesion>control
14727,5-8-9-0-5-0,6 3* 4* 1 6 1,6,1.0,False,control>lesion
14728,5-8-9-0-5-4,6 3* 4* 1 6 5,6,1.0,False,lesion>control
14729,5-8-9-0-8-7,6 3* 4* 1 3* 2*,6,1.0,False,control>lesion
14730,5-8-9-1-3-8,6 3* 4* 2 4 3*,6,1.0,False,lesion>control
14731,5-8-9-1-5-1,6 3* 4* 2 6 2,6,1.0,False,lesion>control
14732,5-8-9-1-8-5,6 3* 4* 2 3* 6,6,1.0,False,lesion>control
14733,5-8-9-4-3-8,6 3* 4* 5 4 3*,6,1.0,False,control>lesion
14734,5-8-9-4-5-0,6 3* 4* 5 6 1,6,1.0,False,lesion>control
14735,5-8-9-4-5-1,6 3* 4* 5 6 2,6,1.0,False,control>lesion
14736,5-8-9-4-5-8,6 3* 4* 5 6 3*,6,1.0,False,control>lesion
14737,5-8-9-5-0-5,6 3* 4* 6 1 6,6,1.0,False,lesion>control
14738,5-8-9-5-0-8,6 3* 4* 6 1 3*,6,1.0,False,lesion>control
14739,5-8-9-5-3-8,6 3* 4* 6 4 3*,6,1.0,False,lesion>control
14740,5-8-9-5-4-3,6 3* 4* 6 5 4,6,1.0,False,control>lesion
14741,5-8-9-5-8-3,6 3* 4* 6 3* 4,6,1.0,False,lesion>control
14742,5-8-9-8-0-1,6 3* 4* 3* 1 2,6,1.0,False,lesion>control
14743,5-8-9-8-0-5,6 3* 4* 3* 1 6,6,1.0,False,lesion>control
14744,5-8-9-8-3-0,6 3* 4* 3* 4 1,6,1.0,False,lesion>control
14745,5-8-9-8-3-1,6 3* 4* 3* 4 2,6,1.0,False,control>lesion
14746,5-8-9-8-5-3,6 3* 4* 3* 6 4,6,1.0,False,control>lesion
14747,5-8-9-8-5-8,6 3* 4* 3* 6 3*,6,1.0,False,lesion>control
14748,5-8-9-8-7-3,6 3* 4* 3* 2* 4,6,1.0,False,lesion>control
14749,5-9-0-8-7-0,6 4* 1 3* 2* 1,6,1.0,False,lesion>control
14750,5-9-1-5-8-0,6 4* 2 6 3* 1,6,1.0,False,lesion>control
14751,5-9-4-3-8-3,6 4* 5 4 3* 4,6,1.0,False,lesion>control
14752,5-9-5-1-0-3,6 4* 6 2 1 4,6,1.0,False,control>lesion
14753,5-9-8-0-1-0,6 4* 3* 1 2 1,6,1.0,False,lesion>control
14754,5-9-8-0-7-3,6 4* 3* 1 2* 4,6,1.0,False,lesion>control
14755,5-9-8-7-8-4,6 4* 3* 2* 3* 5,6,1.0,False,lesion>control
14756,7-0-1-0-1-5,2* 1 2 1 2 6,6,1.0,False,control>lesion
14757,7-0-1-0-4-3,2* 1 2 1 5 4,6,1.0,False,control>lesion
14758,7-0-1-0-4-8,2* 1 2 1 5 3*,6,1.0,False,control>lesion
14759,7-0-1-0-5-8,2* 1 2 1 6 3*,6,1.0,False,control>lesion
14760,7-0-1-1-8-5,2* 1 2 2 3* 6,6,1.0,False,lesion>control
14761,7-0-1-3-0-8,2* 1 2 4 1 3*,6,1.0,False,control>lesion
14762,7-0-1-3-4-1,2* 1 2 4 5 2,6,1.0,False,lesion>control
14763,7-0-1-3-8-0,2* 1 2 4 3* 1,6,1.0,False,lesion>control
14764,7-0-1-3-8-1,2* 1 2 4 3* 2,6,1.0,False,lesion>control
14765,7-0-1-3-8-5,2* 1 2 4 3* 6,6,1.0,False,control>lesion
14766,7-0-1-4-5-3,2* 1 2 5 6 4,6,1.0,False,lesion>control
14767,7-0-1-4-8-1,2* 1 2 5 3* 2,6,1.0,False,control>lesion
14768,7-0-1-4-8-9,2* 1 2 5 3* 4*,6,1.0,False,lesion>control
14769,7-0-1-5-3-1,2* 1 2 6 4 2,6,1.0,False,lesion>control
14770,7-0-1-5-3-8,2* 1 2 6 4 3*,6,1.0,False,control>lesion
14771,7-0-1-5-8-4,2* 1 2 6 3* 5,6,1.0,False,lesion>control
14772,7-0-1-5-8-9,2* 1 2 6 3* 4*,6,1.0,False,lesion>control
14773,7-0-1-8-3-2,2* 1 2 3* 4 3,6,1.0,False,lesion>control
14774,7-0-1-8-3-4,2* 1 2 3* 4 5,6,1.0,False,lesion>control
14775,7-0-1-8-4-3,2* 1 2 3* 5 4,6,1.0,False,control>lesion
14776,7-0-1-8-5-2,2* 1 2 3* 6 3,6,1.0,False,control>lesion
14777,7-0-1-8-5-8,2* 1 2 3* 6 3*,6,1.0,False,control>lesion
14778,7-0-1-8-8-0,2* 1 2 3* 3* 1,6,1.0,False,lesion>control
14779,7-0-1-8-9-0,2* 1 2 3* 4* 1,6,1.0,False,control>lesion
14780,7-0-1-8-9-2,2* 1 2 3* 4* 3,6,1.0,False,lesion>control
14781,7-0-3-0-1-8,2* 1 4 1 2 3*,6,1.0,False,lesion>control
14782,7-0-3-1-0-4,2* 1 4 2 1 5,6,1.0,False,lesion>control
14783,7-0-3-1-3-8,2* 1 4 2 4 3*,6,1.0,False,lesion>control
14784,7-0-3-1-4-8,2* 1 4 2 5 3*,6,1.0,False,lesion>control
14785,7-0-3-1-8-9,2* 1 4 2 3* 4*,6,1.0,False,lesion>control
14786,7-0-3-2-1-8,2* 1 4 3 2 3*,6,1.0,False,control>lesion
14787,7-0-3-4-0-3,2* 1 4 5 1 4,6,1.0,False,lesion>control
14788,7-0-3-4-0-5,2* 1 4 5 1 6,6,1.0,False,lesion>control
14789,7-0-3-4-1-0,2* 1 4 5 2 1,6,1.0,False,control>lesion
14790,7-0-3-4-3-1,2* 1 4 5 4 2,6,1.0,False,lesion>control
14791,7-0-3-4-8-5,2* 1 4 5 3* 6,6,1.0,False,control>lesion
14792,7-0-3-5-1-3,2* 1 4 6 2 4,6,1.0,False,control>lesion
14793,7-0-3-5-3-5,2* 1 4 6 4 6,6,1.0,False,lesion>control
14794,7-0-3-8-0-2,2* 1 4 3* 1 3,6,1.0,False,control>lesion
14795,7-0-3-8-0-3,2* 1 4 3* 1 4,6,1.0,False,lesion>control
14796,7-0-3-8-0-7,2* 1 4 3* 1 2*,6,1.0,False,lesion>control
14797,7-0-3-8-1-3,2* 1 4 3* 2 4,6,1.0,False,lesion>control
14798,7-0-3-8-1-5,2* 1 4 3* 2 6,6,1.0,False,lesion>control
14799,7-0-3-8-1-8,2* 1 4 3* 2 3*,6,1.0,False,lesion>control
14800,7-0-3-8-3-0,2* 1 4 3* 4 1,6,1.0,False,lesion>control
14801,7-0-3-8-3-1,2* 1 4 3* 4 2,6,1.0,False,lesion>control
14802,7-0-3-8-3-3,2* 1 4 3* 4 4,6,1.0,False,lesion>control
14803,7-0-3-8-3-4,2* 1 4 3* 4 5,6,1.0,False,control>lesion
14804,7-0-3-8-4-2,2* 1 4 3* 5 3,6,1.0,False,lesion>control
14805,7-0-3-8-4-3,2* 1 4 3* 5 4,6,1.0,False,lesion>control
14806,7-0-3-8-4-5,2* 1 4 3* 5 6,6,1.0,False,control>lesion
14807,7-0-3-8-5-0,2* 1 4 3* 6 1,6,1.0,False,control>lesion
14808,7-0-3-8-5-1,2* 1 4 3* 6 2,6,1.0,False,lesion>control
14809,7-0-3-8-5-2,2* 1 4 3* 6 3,6,1.0,False,control>lesion
14810,7-0-3-8-5-4,2* 1 4 3* 6 5,6,1.0,False,control>lesion
14811,7-0-3-8-7-1,2* 1 4 3* 2* 2,6,1.0,False,lesion>control
14812,7-0-4-0-4-3,2* 1 5 1 5 4,6,1.0,False,lesion>control
14813,7-0-4-1-0-4,2* 1 5 2 1 5,6,1.0,False,lesion>control
14814,7-0-4-1-0-5,2* 1 5 2 1 6,6,1.0,False,control>lesion
14815,7-0-4-3-1-5,2* 1 5 4 2 6,6,1.0,False,control>lesion
14816,7-0-4-3-5-3,2* 1 5 4 6 4,6,1.0,False,control>lesion
14817,7-0-4-5-4-5,2* 1 5 6 5 6,6,1.0,False,lesion>control
14818,7-0-4-8-0-2,2* 1 5 3* 1 3,6,1.0,False,lesion>control
14819,7-0-4-8-0-5,2* 1 5 3* 1 6,6,1.0,False,lesion>control
14820,7-0-4-8-5-0,2* 1 5 3* 6 1,6,1.0,False,control>lesion
14821,7-0-4-8-9-4,2* 1 5 3* 4* 5,6,1.0,False,control>lesion
14822,7-0-4-8-9-8,2* 1 5 3* 4* 3*,6,1.0,False,control>lesion
14823,7-0-5-0-3-0,2* 1 6 1 4 1,6,1.0,False,control>lesion
14824,7-0-5-0-3-8,2* 1 6 1 4 3*,6,1.0,False,lesion>control
14825,7-0-5-0-5-8,2* 1 6 1 6 3*,6,1.0,False,lesion>control
14826,7-0-5-1-0-5,2* 1 6 2 1 6,6,1.0,False,lesion>control
14827,7-0-5-1-0-8,2* 1 6 2 1 3*,6,1.0,False,lesion>control
14828,7-0-5-1-8-1,2* 1 6 2 3* 2,6,1.0,False,control>lesion
14829,7-0-5-3-0-5,2* 1 6 4 1 6,6,1.0,False,lesion>control
14830,7-0-5-3-1-0,2* 1 6 4 2 1,6,1.0,False,lesion>control
14831,7-0-5-3-5-4,2* 1 6 4 6 5,6,1.0,False,control>lesion
14832,7-0-5-3-8-0,2* 1 6 4 3* 1,6,1.0,False,lesion>control
14833,7-0-5-3-8-4,2* 1 6 4 3* 5,6,1.0,False,lesion>control
14834,7-0-5-4-3-4,2* 1 6 5 4 5,6,1.0,False,control>lesion
14835,7-0-5-4-5-1,2* 1 6 5 6 2,6,1.0,False,control>lesion
14836,7-0-5-4-5-4,2* 1 6 5 6 5,6,1.0,False,control>lesion
14837,7-0-5-4-8-5,2* 1 6 5 3* 6,6,1.0,False,control>lesion
14838,7-0-5-8-0-3,2* 1 6 3* 1 4,6,1.0,False,lesion>control
14839,7-0-5-8-1-3,2* 1 6 3* 2 4,6,1.0,False,lesion>control
14840,7-0-5-8-4-3,2* 1 6 3* 5 4,6,1.0,False,lesion>control
14841,7-0-5-8-4-8,2* 1 6 3* 5 3*,6,1.0,False,lesion>control
14842,7-0-5-8-5-0,2* 1 6 3* 6 1,6,1.0,False,control>lesion
14843,7-0-5-8-9-8,2* 1 6 3* 4* 3*,6,1.0,False,control>lesion
14844,7-0-8-0-1-5,2* 1 3* 1 2 6,6,1.0,False,lesion>control
14845,7-0-8-0-2-9,2* 1 3* 1 3 4*,6,1.0,False,control>lesion
14846,7-0-8-0-5-4,2* 1 3* 1 6 5,6,1.0,False,control>lesion
14847,7-0-8-0-8-9,2* 1 3* 1 3* 4*,6,1.0,False,control>lesion
14848,7-0-8-1-0-4,2* 1 3* 2 1 5,6,1.0,False,lesion>control
14849,7-0-8-1-3-1,2* 1 3* 2 4 2,6,1.0,False,control>lesion
14850,7-0-8-1-3-4,2* 1 3* 2 4 5,6,1.0,False,control>lesion
14851,7-0-8-1-4-0,2* 1 3* 2 5 1,6,1.0,False,lesion>control
14852,7-0-8-1-4-8,2* 1 3* 2 5 3*,6,1.0,False,lesion>control
14853,7-0-8-1-8-5,2* 1 3* 2 3* 6,6,1.0,False,lesion>control
14854,7-0-8-3-2-4,2* 1 3* 4 3 5,6,1.0,False,lesion>control
14855,7-0-8-3-4-3,2* 1 3* 4 5 4,6,1.0,False,control>lesion
14856,7-0-8-3-8-7,2* 1 3* 4 3* 2*,6,1.0,False,control>lesion
14857,7-0-8-4-5-3,2* 1 3* 5 6 4,6,1.0,False,control>lesion
14858,7-0-8-4-8-1,2* 1 3* 5 3* 2,6,1.0,False,lesion>control
14859,7-0-8-5-4-2,2* 1 3* 6 5 3,6,1.0,False,lesion>control
14860,7-0-8-9-0-4,2* 1 3* 4* 1 5,6,1.0,False,lesion>control
14861,7-0-8-9-1-3,2* 1 3* 4* 2 4,6,1.0,False,control>lesion
14862,7-0-8-9-3-4,2* 1 3* 4* 4 5,6,1.0,False,lesion>control
14863,7-0-8-9-5-3,2* 1 3* 4* 6 4,6,1.0,False,control>lesion
14864,7-0-8-9-8-0,2* 1 3* 4* 3* 1,6,1.0,False,lesion>control
14865,7-1-0-8-9-4,2* 2 1 3* 4* 5,6,1.0,False,control>lesion
14866,7-1-3-4-5-8,2* 2 4 5 6 3*,6,1.0,False,lesion>control
14867,7-1-5-8-1-8,2* 2 6 3* 2 3*,6,1.0,False,control>lesion
14868,7-1-8-0-1-0,2* 2 3* 1 2 1,6,1.0,False,lesion>control
14869,7-1-8-9-4-5,2* 2 3* 4* 5 6,6,1.0,False,control>lesion
14870,7-2-0-2-1-8,2* 3 1 3 2 3*,6,1.0,False,lesion>control
14871,7-2-1-8-4-2,2* 3 2 3* 5 3,6,1.0,False,lesion>control
14872,7-2-4-3-8-4,2* 3 5 4 3* 5,6,1.0,False,lesion>control
14873,7-3-0-3-0-3,2* 4 1 4 1 4,6,1.0,False,lesion>control
14874,7-3-0-3-5-8,2* 4 1 4 6 3*,6,1.0,False,lesion>control
14875,7-3-0-3-8-7,2* 4 1 4 3* 2*,6,1.0,False,control>lesion
14876,7-3-0-5-4-1,2* 4 1 6 5 2,6,1.0,False,control>lesion
14877,7-3-0-8-5-0,2* 4 1 3* 6 1,6,1.0,False,lesion>control
14878,7-3-1-0-1-3,2* 4 2 1 2 4,6,1.0,False,lesion>control
14879,7-3-1-0-4-8,2* 4 2 1 5 3*,6,1.0,False,lesion>control
14880,7-3-1-0-5-3,2* 4 2 1 6 4,6,1.0,False,control>lesion
14881,7-3-1-0-8-9,2* 4 2 1 3* 4*,6,1.0,False,lesion>control
14882,7-3-1-3-1-5,2* 4 2 4 2 6,6,1.0,False,lesion>control
14883,7-3-1-3-1-8,2* 4 2 4 2 3*,6,1.0,False,lesion>control
14884,7-3-1-3-4-8,2* 4 2 4 5 3*,6,1.0,False,lesion>control
14885,7-3-1-8-1-8,2* 4 2 3* 2 3*,6,1.0,False,lesion>control
14886,7-3-1-8-9-8,2* 4 2 3* 4* 3*,6,1.0,False,lesion>control
14887,7-3-4-0-4-8,2* 4 5 1 5 3*,6,1.0,False,control>lesion
14888,7-3-4-0-8-0,2* 4 5 1 3* 1,6,1.0,False,control>lesion
14889,7-3-4-3-4-5,2* 4 5 4 5 6,6,1.0,False,lesion>control
14890,7-3-4-3-5-4,2* 4 5 4 6 5,6,1.0,False,control>lesion
14891,7-3-4-3-8-0,2* 4 5 4 3* 1,6,1.0,False,control>lesion
14892,7-3-4-5-0-3,2* 4 5 6 1 4,6,1.0,False,control>lesion
14893,7-3-4-5-1-0,2* 4 5 6 2 1,6,1.0,False,control>lesion
14894,7-3-4-5-1-8,2* 4 5 6 2 3*,6,1.0,False,lesion>control
14895,7-3-4-5-3-0,2* 4 5 6 4 1,6,1.0,False,control>lesion
14896,7-3-4-5-3-1,2* 4 5 6 4 2,6,1.0,False,control>lesion
14897,7-3-4-8-5-3,2* 4 5 3* 6 4,6,1.0,False,lesion>control
14898,7-3-4-8-7-4,2* 4 5 3* 2* 5,6,1.0,False,lesion>control
14899,7-3-5-1-0-3,2* 4 6 2 1 4,6,1.0,False,control>lesion
14900,7-3-5-1-0-5,2* 4 6 2 1 6,6,1.0,False,lesion>control
14901,7-3-5-1-0-8,2* 4 6 2 1 3*,6,1.0,False,control>lesion
14902,7-3-5-3-8-0,2* 4 6 4 3* 1,6,1.0,False,control>lesion
14903,7-3-5-4-0-3,2* 4 6 5 1 4,6,1.0,False,control>lesion
14904,7-3-5-4-5-3,2* 4 6 5 6 4,6,1.0,False,control>lesion
14905,7-3-5-4-8-0,2* 4 6 5 3* 1,6,1.0,False,control>lesion
14906,7-3-5-8-0-1,2* 4 6 3* 1 2,6,1.0,False,control>lesion
14907,7-3-8-0-2-0,2* 4 3* 1 3 1,6,1.0,False,lesion>control
14908,7-3-8-0-2-7,2* 4 3* 1 3 2*,6,1.0,False,lesion>control
14909,7-3-8-0-3-2,2* 4 3* 1 4 3,6,1.0,False,lesion>control
14910,7-3-8-0-3-5,2* 4 3* 1 4 6,6,1.0,False,control>lesion
14911,7-3-8-0-3-8,2* 4 3* 1 4 3*,6,1.0,False,control>lesion
14912,7-3-8-0-5-0,2* 4 3* 1 6 1,6,1.0,False,lesion>control
14913,7-3-8-0-5-2,2* 4 3* 1 6 3,6,1.0,False,lesion>control
14914,7-3-8-0-8-5,2* 4 3* 1 3* 6,6,1.0,False,lesion>control
14915,7-3-8-1-2-9,2* 4 3* 2 3 4*,6,1.0,False,lesion>control
14916,7-3-8-1-5-4,2* 4 3* 2 6 5,6,1.0,False,lesion>control
14917,7-3-8-1-5-8,2* 4 3* 2 6 3*,6,1.0,False,lesion>control
14918,7-3-8-1-8-3,2* 4 3* 2 3* 4,6,1.0,False,lesion>control
14919,7-3-8-1-8-7,2* 4 3* 2 3* 2*,6,1.0,False,lesion>control
14920,7-3-8-3-0-8,2* 4 3* 4 1 3*,6,1.0,False,lesion>control
14921,7-3-8-3-1-3,2* 4 3* 4 2 4,6,1.0,False,control>lesion
14922,7-3-8-3-1-4,2* 4 3* 4 2 5,6,1.0,False,lesion>control
14923,7-3-8-3-2-0,2* 4 3* 4 3 1,6,1.0,False,lesion>control
14924,7-3-8-3-4-5,2* 4 3* 4 5 6,6,1.0,False,lesion>control
14925,7-3-8-3-5-2,2* 4 3* 4 6 3,6,1.0,False,lesion>control
14926,7-3-8-3-8-0,2* 4 3* 4 3* 1,6,1.0,False,lesion>control
14927,7-3-8-3-8-4,2* 4 3* 4 3* 5,6,1.0,False,lesion>control
14928,7-3-8-3-8-8,2* 4 3* 4 3* 3*,6,1.0,False,control>lesion
14929,7-3-8-4-0-8,2* 4 3* 5 1 3*,6,1.0,False,lesion>control
14930,7-3-8-4-3-1,2* 4 3* 5 4 2,6,1.0,False,lesion>control
14931,7-3-8-4-3-8,2* 4 3* 5 4 3*,6,1.0,False,lesion>control
14932,7-3-8-5-1-3,2* 4 3* 6 2 4,6,1.0,False,lesion>control
14933,7-3-8-5-2-7,2* 4 3* 6 3 2*,6,1.0,False,lesion>control
14934,7-3-8-5-8-7,2* 4 3* 6 3* 2*,6,1.0,False,lesion>control
14935,7-3-8-7-0-4,2* 4 3* 2* 1 5,6,1.0,False,control>lesion
14936,7-3-8-7-3-5,2* 4 3* 2* 4 6,6,1.0,False,lesion>control
14937,7-3-8-9-1-8,2* 4 3* 4* 2 3*,6,1.0,False,lesion>control
14938,7-4-0-1-5-3,2* 5 1 2 6 4,6,1.0,False,control>lesion
14939,7-4-0-3-8-3,2* 5 1 4 3* 4,6,1.0,False,lesion>control
14940,7-4-0-3-8-7,2* 5 1 4 3* 2*,6,1.0,False,lesion>control
14941,7-4-1-3-0-1,2* 5 2 4 1 2,6,1.0,False,lesion>control
14942,7-4-1-8-1-8,2* 5 2 3* 2 3*,6,1.0,False,control>lesion
14943,7-4-3-4-5-3,2* 5 4 5 6 4,6,1.0,False,lesion>control
14944,7-4-3-8-3-8,2* 5 4 3* 4 3*,6,1.0,False,lesion>control
14945,7-4-3-8-7-8,2* 5 4 3* 2* 3*,6,1.0,False,lesion>control
14946,7-4-5-0-3-5,2* 5 6 1 4 6,6,1.0,False,control>lesion
14947,7-4-5-1-8-1,2* 5 6 2 3* 2,6,1.0,False,lesion>control
14948,7-4-5-3-4-8,2* 5 6 4 5 3*,6,1.0,False,control>lesion
14949,7-4-5-3-8-3,2* 5 6 4 3* 4,6,1.0,False,lesion>control
14950,7-4-5-8-0-1,2* 5 6 3* 1 2,6,1.0,False,control>lesion
14951,7-4-8-0-1-3,2* 5 3* 1 2 4,6,1.0,False,lesion>control
14952,7-4-8-1-5-4,2* 5 3* 2 6 5,6,1.0,False,lesion>control
14953,7-4-8-1-5-8,2* 5 3* 2 6 3*,6,1.0,False,lesion>control
14954,7-4-8-1-8-7,2* 5 3* 2 3* 2*,6,1.0,False,lesion>control
14955,7-4-8-3-2-1,2* 5 3* 4 3 2,6,1.0,False,lesion>control
14956,7-4-8-5-2-9,2* 5 3* 6 3 4*,6,1.0,False,lesion>control
14957,7-4-8-7-8-9,2* 5 3* 2* 3* 4*,6,1.0,False,control>lesion
14958,7-5-0-5-8-1,2* 6 1 6 3* 2,6,1.0,False,lesion>control
14959,7-5-0-5-8-7,2* 6 1 6 3* 2*,6,1.0,False,control>lesion
14960,7-5-1-5-1-4,2* 6 2 6 2 5,6,1.0,False,lesion>control
14961,7-5-3-2-1-5,2* 6 4 3 2 6,6,1.0,False,control>lesion
14962,7-5-3-4-8-0,2* 6 4 5 3* 1,6,1.0,False,lesion>control
14963,7-5-3-8-0-5,2* 6 4 3* 1 6,6,1.0,False,lesion>control
14964,7-5-3-8-3-2,2* 6 4 3* 4 3,6,1.0,False,control>lesion
14965,7-5-3-8-3-8,2* 6 4 3* 4 3*,6,1.0,False,control>lesion
14966,7-5-3-8-5-2,2* 6 4 3* 6 3,6,1.0,False,lesion>control
14967,7-5-3-8-7-0,2* 6 4 3* 2* 1,6,1.0,False,lesion>control
14968,7-5-3-8-7-5,2* 6 4 3* 2* 6,6,1.0,False,lesion>control
14969,7-5-4-1-0-1,2* 6 5 2 1 2,6,1.0,False,control>lesion
14970,7-5-4-3-4-3,2* 6 5 4 5 4,6,1.0,False,lesion>control
14971,7-5-4-5-8-0,2* 6 5 6 3* 1,6,1.0,False,control>lesion
14972,7-5-4-5-8-1,2* 6 5 6 3* 2,6,1.0,False,control>lesion
14973,7-5-4-8-1-4,2* 6 5 3* 2 5,6,1.0,False,control>lesion
14974,7-5-4-8-5-8,2* 6 5 3* 6 3*,6,1.0,False,lesion>control
14975,7-5-4-8-7-0,2* 6 5 3* 2* 1,6,1.0,False,lesion>control
14976,7-5-8-0-1-5,2* 6 3* 1 2 6,6,1.0,False,lesion>control
14977,7-5-8-0-3-8,2* 6 3* 1 4 3*,6,1.0,False,lesion>control
14978,7-5-8-1-0-3,2* 6 3* 2 1 4,6,1.0,False,lesion>control
14979,7-5-8-1-0-8,2* 6 3* 2 1 3*,6,1.0,False,lesion>control
14980,7-5-8-1-2-5,2* 6 3* 2 3 6,6,1.0,False,lesion>control
14981,7-5-8-1-4-0,2* 6 3* 2 5 1,6,1.0,False,lesion>control
14982,7-5-8-1-8-0,2* 6 3* 2 3* 1,6,1.0,False,lesion>control
14983,7-5-8-1-8-5,2* 6 3* 2 3* 6,6,1.0,False,lesion>control
14984,7-5-8-4-8-1,2* 6 3* 5 3* 2,6,1.0,False,lesion>control
14985,7-5-8-4-8-5,2* 6 3* 5 3* 6,6,1.0,False,lesion>control
14986,7-5-8-5-2-0,2* 6 3* 6 3 1,6,1.0,False,lesion>control
14987,7-5-8-5-2-1,2* 6 3* 6 3 2,6,1.0,False,lesion>control
14988,7-5-8-5-8-9,2* 6 3* 6 3* 4*,6,1.0,False,lesion>control
14989,7-5-8-9-4-8,2* 6 3* 4* 5 3*,6,1.0,False,lesion>control
14990,7-5-8-9-5-8,2* 6 3* 4* 6 3*,6,1.0,False,lesion>control
14991,7-8-0-1-0-8,2* 3* 1 2 1 3*,6,1.0,False,lesion>control
14992,7-8-0-1-3-1,2* 3* 1 2 4 2,6,1.0,False,control>lesion
14993,7-8-0-1-3-4,2* 3* 1 2 4 5,6,1.0,False,lesion>control
14994,7-8-0-1-3-5,2* 3* 1 2 4 6,6,1.0,False,control>lesion
14995,7-8-0-3-0-3,2* 3* 1 4 1 4,6,1.0,False,lesion>control
14996,7-8-0-3-4-8,2* 3* 1 4 5 3*,6,1.0,False,control>lesion
14997,7-8-0-3-5-3,2* 3* 1 4 6 4,6,1.0,False,control>lesion
14998,7-8-0-5-2-0,2* 3* 1 6 3 1,6,1.0,False,lesion>control
14999,7-8-0-5-8-1,2* 3* 1 6 3* 2,6,1.0,False,lesion>control
15000,7-8-0-5-8-7,2* 3* 1 6 3* 2*,6,1.0,False,lesion>control
15001,7-8-0-8-9-4,2* 3* 1 3* 4* 5,6,1.0,False,lesion>control
15002,7-8-0-8-9-8,2* 3* 1 3* 4* 3*,6,1.0,False,control>lesion
15003,7-8-1-0-2-9,2* 3* 2 1 3 4*,6,1.0,False,lesion>control
15004,7-8-1-0-3-4,2* 3* 2 1 4 5,6,1.0,False,lesion>control
15005,7-8-1-0-3-5,2* 3* 2 1 4 6,6,1.0,False,control>lesion
15006,7-8-1-0-5-4,2* 3* 2 1 6 5,6,1.0,False,control>lesion
15007,7-8-1-0-8-3,2* 3* 2 1 3* 4,6,1.0,False,lesion>control
15008,7-8-1-0-8-4,2* 3* 2 1 3* 5,6,1.0,False,lesion>control
15009,7-8-1-0-8-7,2* 3* 2 1 3* 2*,6,1.0,False,control>lesion
15010,7-8-1-1-8-9,2* 3* 2 2 3* 4*,6,1.0,False,control>lesion
15011,7-8-1-2-1-0,2* 3* 2 3 2 1,6,1.0,False,control>lesion
15012,7-8-1-2-5-4,2* 3* 2 3 6 5,6,1.0,False,control>lesion
15013,7-8-1-3-0-1,2* 3* 2 4 1 2,6,1.0,False,lesion>control
15014,7-8-1-3-0-5,2* 3* 2 4 1 6,6,1.0,False,control>lesion
15015,7-8-1-3-0-8,2* 3* 2 4 1 3*,6,1.0,False,control>lesion
15016,7-8-1-3-1-4,2* 3* 2 4 2 5,6,1.0,False,lesion>control
15017,7-8-1-3-4-1,2* 3* 2 4 5 2,6,1.0,False,lesion>control
15018,7-8-1-3-5-0,2* 3* 2 4 6 1,6,1.0,False,control>lesion
15019,7-8-1-3-5-4,2* 3* 2 4 6 5,6,1.0,False,control>lesion
15020,7-8-1-3-5-8,2* 3* 2 4 6 3*,6,1.0,False,control>lesion
15021,7-8-1-4-5-8,2* 3* 2 5 6 3*,6,1.0,False,lesion>control
15022,7-8-1-4-8-9,2* 3* 2 5 3* 4*,6,1.0,False,lesion>control
15023,7-8-1-5-3-1,2* 3* 2 6 4 2,6,1.0,False,control>lesion
15024,7-8-1-5-4-8,2* 3* 2 6 5 3*,6,1.0,False,lesion>control
15025,7-8-1-5-8-1,2* 3* 2 6 3* 2,6,1.0,False,lesion>control
15026,7-8-1-5-8-5,2* 3* 2 6 3* 6,6,1.0,False,lesion>control
15027,7-8-1-8-0-4,2* 3* 2 3* 1 5,6,1.0,False,lesion>control
15028,7-8-1-8-0-9,2* 3* 2 3* 1 4*,6,1.0,False,lesion>control
15029,7-8-1-8-1-9,2* 3* 2 3* 2 4*,6,1.0,False,lesion>control
15030,7-8-1-8-4-2,2* 3* 2 3* 5 3,6,1.0,False,control>lesion
15031,7-8-1-8-4-5,2* 3* 2 3* 5 6,6,1.0,False,control>lesion
15032,7-8-1-8-4-8,2* 3* 2 3* 5 3*,6,1.0,False,control>lesion
15033,7-8-1-8-4-9,2* 3* 2 3* 5 4*,6,1.0,False,control>lesion
15034,7-8-1-8-5-0,2* 3* 2 3* 6 1,6,1.0,False,control>lesion
15035,7-8-1-8-5-1,2* 3* 2 3* 6 2,6,1.0,False,control>lesion
15036,7-8-1-8-8-0,2* 3* 2 3* 3* 1,6,1.0,False,lesion>control
15037,7-8-1-8-8-5,2* 3* 2 3* 3* 6,6,1.0,False,control>lesion
15038,7-8-1-8-8-7,2* 3* 2 3* 3* 2*,6,1.0,False,control>lesion
15039,7-8-1-9-8-7,2* 3* 2 4* 3* 2*,6,1.0,False,control>lesion
15040,7-8-3-2-1-0,2* 3* 4 3 2 1,6,1.0,False,control>lesion
15041,7-8-3-8-7-0,2* 3* 4 3* 2* 1,6,1.0,False,control>lesion
15042,7-8-4-0-2-5,2* 3* 5 1 3 6,6,1.0,False,lesion>control
15043,7-8-4-2-5-8,2* 3* 5 3 6 3*,6,1.0,False,control>lesion
15044,7-8-4-2-9-1,2* 3* 5 3 4* 2,6,1.0,False,control>lesion
15045,7-8-4-3-8-3,2* 3* 5 4 3* 4,6,1.0,False,lesion>control
15046,7-8-4-5-0-8,2* 3* 5 6 1 3*,6,1.0,False,control>lesion
15047,7-8-4-5-8-1,2* 3* 5 6 3* 2,6,1.0,False,lesion>control
15048,7-8-4-8-1-0,2* 3* 5 3* 2 1,6,1.0,False,lesion>control
15049,7-8-4-8-4-8,2* 3* 5 3* 5 3*,6,1.0,False,lesion>control
15050,7-8-4-8-7-0,2* 3* 5 3* 2* 1,6,1.0,False,lesion>control
15051,7-8-4-9-8-3,2* 3* 5 4* 3* 4,6,1.0,False,control>lesion
15052,7-8-5-0-2-1,2* 3* 6 1 3 2,6,1.0,False,lesion>control
15053,7-8-5-1-8-1,2* 3* 6 2 3* 2,6,1.0,False,control>lesion
15054,7-8-5-2-1-0,2* 3* 6 3 2 1,6,1.0,False,control>lesion
15055,7-8-5-2-1-3,2* 3* 6 3 2 4,6,1.0,False,lesion>control
15056,7-8-5-2-5-2,2* 3* 6 3 6 3,6,1.0,False,lesion>control
15057,7-8-5-3-8-0,2* 3* 6 4 3* 1,6,1.0,False,control>lesion
15058,7-8-5-4-1-0,2* 3* 6 5 2 1,6,1.0,False,lesion>control
15059,7-8-5-4-8-9,2* 3* 6 5 3* 4*,6,1.0,False,control>lesion
15060,7-8-5-4-9-8,2* 3* 6 5 4* 3*,6,1.0,False,control>lesion
15061,7-8-5-7-8-1,2* 3* 6 2* 3* 2,6,1.0,False,lesion>control
15062,7-8-5-8-4-2,2* 3* 6 3* 5 3,6,1.0,False,lesion>control
15063,7-8-5-8-5-8,2* 3* 6 3* 6 3*,6,1.0,False,lesion>control
15064,7-8-5-8-7-4,2* 3* 6 3* 2* 5,6,1.0,False,lesion>control
15065,7-8-5-8-9-5,2* 3* 6 3* 4* 6,6,1.0,False,lesion>control
15066,7-8-5-9-1-5,2* 3* 6 4* 2 6,6,1.0,False,lesion>control
15067,7-8-5-9-8-3,2* 3* 6 4* 3* 4,6,1.0,False,control>lesion
15068,7-8-7-0-1-0,2* 3* 2* 1 2 1,6,1.0,False,control>lesion
15069,7-8-7-0-1-3,2* 3* 2* 1 2 4,6,1.0,False,control>lesion
15070,7-8-7-0-1-4,2* 3* 2* 1 2 5,6,1.0,False,control>lesion
15071,7-8-7-0-5-4,2* 3* 2* 1 6 5,6,1.0,False,lesion>control
15072,7-8-7-0-8-3,2* 3* 2* 1 3* 4,6,1.0,False,lesion>control
15073,7-8-7-3-5-3,2* 3* 2* 4 6 4,6,1.0,False,lesion>control
15074,7-8-7-3-8-5,2* 3* 2* 4 3* 6,6,1.0,False,lesion>control
15075,7-8-7-5-4-3,2* 3* 2* 6 5 4,6,1.0,False,lesion>control
15076,7-8-7-8-1-0,2* 3* 2* 3* 2 1,6,1.0,False,control>lesion
15077,7-8-7-8-5-2,2* 3* 2* 3* 6 3,6,1.0,False,control>lesion
15078,7-8-8-7-8-1,2* 3* 3* 2* 3* 2,6,1.0,False,control>lesion
15079,7-8-8-7-8-9,2* 3* 3* 2* 3* 4*,6,1.0,False,control>lesion
15080,7-8-8-9-5-3,2* 3* 3* 4* 6 4,6,1.0,False,control>lesion
15081,7-8-9-0-3-0,2* 3* 4* 1 4 1,6,1.0,False,lesion>control
15082,7-8-9-0-4-8,2* 3* 4* 1 5 3*,6,1.0,False,lesion>control
15083,7-8-9-0-5-1,2* 3* 4* 1 6 2,6,1.0,False,control>lesion
15084,7-8-9-1-3-5,2* 3* 4* 2 4 6,6,1.0,False,lesion>control
15085,7-8-9-1-5-1,2* 3* 4* 2 6 2,6,1.0,False,lesion>control
15086,7-8-9-1-5-8,2* 3* 4* 2 6 3*,6,1.0,False,control>lesion
15087,7-8-9-2-8-7,2* 3* 4* 3 3* 2*,6,1.0,False,control>lesion
15088,7-8-9-3-0-1,2* 3* 4* 4 1 2,6,1.0,False,lesion>control
15089,7-8-9-3-1-8,2* 3* 4* 4 2 3*,6,1.0,False,lesion>control
15090,7-8-9-3-4-8,2* 3* 4* 4 5 3*,6,1.0,False,lesion>control
15091,7-8-9-3-8-0,2* 3* 4* 4 3* 1,6,1.0,False,control>lesion
15092,7-8-9-4-0-8,2* 3* 4* 5 1 3*,6,1.0,False,control>lesion
15093,7-8-9-4-1-0,2* 3* 4* 5 2 1,6,1.0,False,lesion>control
15094,7-8-9-4-3-1,2* 3* 4* 5 4 2,6,1.0,False,control>lesion
15095,7-8-9-4-5-1,2* 3* 4* 5 6 2,6,1.0,False,control>lesion
15096,7-8-9-5-0-3,2* 3* 4* 6 1 4,6,1.0,False,control>lesion
15097,7-8-9-5-1-0,2* 3* 4* 6 2 1,6,1.0,False,control>lesion
15098,7-8-9-5-1-3,2* 3* 4* 6 2 4,6,1.0,False,lesion>control
15099,7-8-9-5-8-0,2* 3* 4* 6 3* 1,6,1.0,False,control>lesion
15100,7-8-9-8-0-3,2* 3* 4* 3* 1 4,6,1.0,False,control>lesion
15101,7-8-9-8-0-4,2* 3* 4* 3* 1 5,6,1.0,False,lesion>control
15102,7-8-9-8-0-8,2* 3* 4* 3* 1 3*,6,1.0,False,control>lesion
15103,7-8-9-8-1-8,2* 3* 4* 3* 2 3*,6,1.0,False,control>lesion
15104,7-8-9-8-3-0,2* 3* 4* 3* 4 1,6,1.0,False,control>lesion
15105,7-8-9-8-5-7,2* 3* 4* 3* 6 2*,6,1.0,False,lesion>control
15106,7-8-9-8-8-7,2* 3* 4* 3* 3* 2*,6,1.0,False,lesion>control
15107,8-0-0-1-0-1,3* 1 1 2 1 2,6,1.0,False,control>lesion
15108,8-0-1-0-1-0,3* 1 2 1 2 1,6,1.0,False,lesion>control
15109,8-0-1-0-1-5,3* 1 2 1 2 6,6,1.0,False,control>lesion
15110,8-0-1-0-5-8,3* 1 2 1 6 3*,6,1.0,False,control>lesion
15111,8-0-1-3-0-1,3* 1 2 4 1 2,6,1.0,False,control>lesion
15112,8-0-1-3-0-3,3* 1 2 4 1 4,6,1.0,False,lesion>control
15113,8-0-1-3-1-8,3* 1 2 4 2 3*,6,1.0,False,control>lesion
15114,8-0-1-3-5-0,3* 1 2 4 6 1,6,1.0,False,control>lesion
15115,8-0-1-3-5-1,3* 1 2 4 6 2,6,1.0,False,lesion>control
15116,8-0-1-3-5-3,3* 1 2 4 6 4,6,1.0,False,control>lesion
15117,8-0-1-4-5-3,3* 1 2 5 6 4,6,1.0,False,control>lesion
15118,8-0-1-4-5-4,3* 1 2 5 6 5,6,1.0,False,control>lesion
15119,8-0-1-5-0-1,3* 1 2 6 1 2,6,1.0,False,control>lesion
15120,8-0-1-5-0-3,3* 1 2 6 1 4,6,1.0,False,control>lesion
15121,8-0-1-5-1-3,3* 1 2 6 2 4,6,1.0,False,control>lesion
15122,8-0-1-5-3-1,3* 1 2 6 4 2,6,1.0,False,control>lesion
15123,8-0-1-5-3-4,3* 1 2 6 4 5,6,1.0,False,control>lesion
15124,8-0-1-5-3-8,3* 1 2 6 4 3*,6,1.0,False,control>lesion
15125,8-0-1-5-4-8,3* 1 2 6 5 3*,6,1.0,False,control>lesion
15126,8-0-1-5-8-1,3* 1 2 6 3* 2,6,1.0,False,lesion>control
15127,8-0-1-5-8-9,3* 1 2 6 3* 4*,6,1.0,False,lesion>control
15128,8-0-1-8-0-2,3* 1 2 3* 1 3,6,1.0,False,control>lesion
15129,8-0-1-8-0-3,3* 1 2 3* 1 4,6,1.0,False,control>lesion
15130,8-0-1-8-4-0,3* 1 2 3* 5 1,6,1.0,False,lesion>control
15131,8-0-1-8-4-3,3* 1 2 3* 5 4,6,1.0,False,lesion>control
15132,8-0-1-8-4-8,3* 1 2 3* 5 3*,6,1.0,False,control>lesion
15133,8-0-1-8-5-3,3* 1 2 3* 6 4,6,1.0,False,control>lesion
15134,8-0-1-8-5-8,3* 1 2 3* 6 3*,6,1.0,False,control>lesion
15135,8-0-1-9-5-8,3* 1 2 4* 6 3*,6,1.0,False,control>lesion
15136,8-0-2-0-2-7,3* 1 3 1 3 2*,6,1.0,False,lesion>control
15137,8-0-2-0-5-2,3* 1 3 1 6 3,6,1.0,False,lesion>control
15138,8-0-2-0-5-8,3* 1 3 1 6 3*,6,1.0,False,lesion>control
15139,8-0-2-0-9-8,3* 1 3 1 4* 3*,6,1.0,False,control>lesion
15140,8-0-2-1-3-5,3* 1 3 2 4 6,6,1.0,False,control>lesion
15141,8-0-2-1-5-8,3* 1 3 2 6 3*,6,1.0,False,control>lesion
15142,8-0-2-3-5-0,3* 1 3 4 6 1,6,1.0,False,control>lesion
15143,8-0-2-3-5-8,3* 1 3 4 6 3*,6,1.0,False,control>lesion
15144,8-0-2-3-8-0,3* 1 3 4 3* 1,6,1.0,False,lesion>control
15145,8-0-2-5-0-2,3* 1 3 6 1 3,6,1.0,False,control>lesion
15146,8-0-2-5-0-3,3* 1 3 6 1 4,6,1.0,False,lesion>control
15147,8-0-2-5-2-0,3* 1 3 6 3 1,6,1.0,False,lesion>control
15148,8-0-2-5-4-3,3* 1 3 6 5 4,6,1.0,False,lesion>control
15149,8-0-2-5-4-8,3* 1 3 6 5 3*,6,1.0,False,lesion>control
15150,8-0-2-7-0-1,3* 1 3 2* 1 2,6,1.0,False,lesion>control
15151,8-0-2-7-3-5,3* 1 3 2* 4 6,6,1.0,False,control>lesion
15152,8-0-2-7-8-1,3* 1 3 2* 3* 2,6,1.0,False,control>lesion
15153,8-0-2-9-4-8,3* 1 3 4* 5 3*,6,1.0,False,control>lesion
15154,8-0-2-9-8-3,3* 1 3 4* 3* 4,6,1.0,False,lesion>control
15155,8-0-3-0-1-5,3* 1 4 1 2 6,6,1.0,False,lesion>control
15156,8-0-3-0-3-5,3* 1 4 1 4 6,6,1.0,False,lesion>control
15157,8-0-3-0-5-1,3* 1 4 1 6 2,6,1.0,False,control>lesion
15158,8-0-3-0-5-8,3* 1 4 1 6 3*,6,1.0,False,lesion>control
15159,8-0-3-0-7-0,3* 1 4 1 2* 1,6,1.0,False,lesion>control
15160,8-0-3-0-8-3,3* 1 4 1 3* 4,6,1.0,False,lesion>control
15161,8-0-3-0-8-7,3* 1 4 1 3* 2*,6,1.0,False,lesion>control
15162,8-0-3-1-8-9,3* 1 4 2 3* 4*,6,1.0,False,control>lesion
15163,8-0-3-2-7-0,3* 1 4 3 2* 1,6,1.0,False,lesion>control
15164,8-0-3-2-7-5,3* 1 4 3 2* 6,6,1.0,False,lesion>control
15165,8-0-3-2-7-8,3* 1 4 3 2* 3*,6,1.0,False,lesion>control
15166,8-0-3-3-8-4,3* 1 4 4 3* 5,6,1.0,False,lesion>control
15167,8-0-3-3-8-7,3* 1 4 4 3* 2*,6,1.0,False,lesion>control
15168,8-0-3-4-1-0,3* 1 4 5 2 1,6,1.0,False,lesion>control
15169,8-0-3-4-1-8,3* 1 4 5 2 3*,6,1.0,False,lesion>control
15170,8-0-3-4-5-1,3* 1 4 5 6 2,6,1.0,False,control>lesion
15171,8-0-3-4-8-3,3* 1 4 5 3* 4,6,1.0,False,control>lesion
15172,8-0-3-5-0-5,3* 1 4 6 1 6,6,1.0,False,lesion>control
15173,8-0-3-5-0-8,3* 1 4 6 1 3*,6,1.0,False,lesion>control
15174,8-0-3-5-1-0,3* 1 4 6 2 1,6,1.0,False,control>lesion
15175,8-0-3-5-2-0,3* 1 4 6 3 1,6,1.0,False,lesion>control
15176,8-0-3-5-3-0,3* 1 4 6 4 1,6,1.0,False,control>lesion
15177,8-0-3-5-3-2,3* 1 4 6 4 3,6,1.0,False,lesion>control
15178,8-0-3-5-3-4,3* 1 4 6 4 5,6,1.0,False,control>lesion
15179,8-0-3-5-3-5,3* 1 4 6 4 6,6,1.0,False,control>lesion
15180,8-0-3-5-4-5,3* 1 4 6 5 6,6,1.0,False,lesion>control
15181,8-0-3-5-8-4,3* 1 4 6 3* 5,6,1.0,False,lesion>control
15182,8-0-3-5-8-7,3* 1 4 6 3* 2*,6,1.0,False,control>lesion
15183,8-0-3-7-0-3,3* 1 4 2* 1 4,6,1.0,False,control>lesion
15184,8-0-3-8-0-1,3* 1 4 3* 1 2,6,1.0,False,control>lesion
15185,8-0-3-8-0-2,3* 1 4 3* 1 3,6,1.0,False,control>lesion
15186,8-0-3-8-0-3,3* 1 4 3* 1 4,6,1.0,False,lesion>control
15187,8-0-3-8-0-8,3* 1 4 3* 1 3*,6,1.0,False,lesion>control
15188,8-0-3-8-3-0,3* 1 4 3* 4 1,6,1.0,False,lesion>control
15189,8-0-3-8-3-1,3* 1 4 3* 4 2,6,1.0,False,lesion>control
15190,8-0-3-8-3-3,3* 1 4 3* 4 4,6,1.0,False,lesion>control
15191,8-0-3-8-3-5,3* 1 4 3* 4 6,6,1.0,False,lesion>control
15192,8-0-3-8-4-2,3* 1 4 3* 5 3,6,1.0,False,lesion>control
15193,8-0-3-8-4-5,3* 1 4 3* 5 6,6,1.0,False,lesion>control
15194,8-0-3-8-4-8,3* 1 4 3* 5 3*,6,1.0,False,control>lesion
15195,8-0-3-8-5-2,3* 1 4 3* 6 3,6,1.0,False,lesion>control
15196,8-0-3-8-5-8,3* 1 4 3* 6 3*,6,1.0,False,control>lesion
15197,8-0-4-0-8-3,3* 1 5 1 3* 4,6,1.0,False,control>lesion
15198,8-0-4-2-1-0,3* 1 5 3 2 1,6,1.0,False,lesion>control
15199,8-0-4-2-7-3,3* 1 5 3 2* 4,6,1.0,False,lesion>control
15200,8-0-4-2-7-5,3* 1 5 3 2* 6,6,1.0,False,lesion>control
15201,8-0-4-3-4-0,3* 1 5 4 5 1,6,1.0,False,lesion>control
15202,8-0-4-5-3-5,3* 1 5 6 4 6,6,1.0,False,control>lesion
15203,8-0-4-5-4-8,3* 1 5 6 5 3*,6,1.0,False,lesion>control
15204,8-0-4-5-8-4,3* 1 5 6 3* 5,6,1.0,False,lesion>control
15205,8-0-4-8-0-3,3* 1 5 3* 1 4,6,1.0,False,lesion>control
15206,8-0-4-8-0-8,3* 1 5 3* 1 3*,6,1.0,False,lesion>control
15207,8-0-4-8-1-0,3* 1 5 3* 2 1,6,1.0,False,lesion>control
15208,8-0-4-8-1-8,3* 1 5 3* 2 3*,6,1.0,False,lesion>control
15209,8-0-5-0-3-0,3* 1 6 1 4 1,6,1.0,False,lesion>control
15210,8-0-5-0-3-1,3* 1 6 1 4 2,6,1.0,False,control>lesion
15211,8-0-5-0-3-8,3* 1 6 1 4 3*,6,1.0,False,lesion>control
15212,8-0-5-0-5-1,3* 1 6 1 6 2,6,1.0,False,lesion>control
15213,8-0-5-0-5-8,3* 1 6 1 6 3*,6,1.0,False,control>lesion
15214,8-0-5-0-8-0,3* 1 6 1 3* 1,6,1.0,False,control>lesion
15215,8-0-5-0-8-4,3* 1 6 1 3* 5,6,1.0,False,control>lesion
15216,8-0-5-1-0-5,3* 1 6 2 1 6,6,1.0,False,lesion>control
15217,8-0-5-1-3-0,3* 1 6 2 4 1,6,1.0,False,lesion>control
15218,8-0-5-1-5-8,3* 1 6 2 6 3*,6,1.0,False,lesion>control
15219,8-0-5-2-0-3,3* 1 6 3 1 4,6,1.0,False,control>lesion
15220,8-0-5-2-0-5,3* 1 6 3 1 6,6,1.0,False,lesion>control
15221,8-0-5-2-0-9,3* 1 6 3 1 4*,6,1.0,False,lesion>control
15222,8-0-5-2-1-0,3* 1 6 3 2 1,6,1.0,False,lesion>control
15223,8-0-5-2-7-3,3* 1 6 3 2* 4,6,1.0,False,lesion>control
15224,8-0-5-2-9-8,3* 1 6 3 4* 3*,6,1.0,False,control>lesion
15225,8-0-5-3-0-5,3* 1 6 4 1 6,6,1.0,False,lesion>control
15226,8-0-5-3-1-0,3* 1 6 4 2 1,6,1.0,False,control>lesion
15227,8-0-5-3-8-7,3* 1 6 4 3* 2*,6,1.0,False,lesion>control
15228,8-0-5-4-0-8,3* 1 6 5 1 3*,6,1.0,False,lesion>control
15229,8-0-5-4-3-4,3* 1 6 5 4 5,6,1.0,False,control>lesion
15230,8-0-5-4-3-8,3* 1 6 5 4 3*,6,1.0,False,lesion>control
15231,8-0-5-4-5-2,3* 1 6 5 6 3,6,1.0,False,control>lesion
15232,8-0-5-4-5-4,3* 1 6 5 6 5,6,1.0,False,lesion>control
15233,8-0-5-4-5-8,3* 1 6 5 6 3*,6,1.0,False,lesion>control
15234,8-0-5-4-8-1,3* 1 6 5 3* 2,6,1.0,False,lesion>control
15235,8-0-5-8-0-2,3* 1 6 3* 1 3,6,1.0,False,lesion>control
15236,8-0-5-8-0-3,3* 1 6 3* 1 4,6,1.0,False,control>lesion
15237,8-0-5-8-0-5,3* 1 6 3* 1 6,6,1.0,False,lesion>control
15238,8-0-5-8-1-5,3* 1 6 3* 2 6,6,1.0,False,lesion>control
15239,8-0-5-8-1-8,3* 1 6 3* 2 3*,6,1.0,False,lesion>control
15240,8-0-5-8-3-0,3* 1 6 3* 4 1,6,1.0,False,lesion>control
15241,8-0-5-8-4-5,3* 1 6 3* 5 6,6,1.0,False,control>lesion
15242,8-0-5-8-4-8,3* 1 6 3* 5 3*,6,1.0,False,lesion>control
15243,8-0-5-8-5-3,3* 1 6 3* 6 4,6,1.0,False,lesion>control
15244,8-0-5-8-7-3,3* 1 6 3* 2* 4,6,1.0,False,lesion>control
15245,8-0-5-8-7-5,3* 1 6 3* 2* 6,6,1.0,False,lesion>control
15246,8-0-5-8-8-7,3* 1 6 3* 3* 2*,6,1.0,False,control>lesion
15247,8-0-5-8-8-9,3* 1 6 3* 3* 4*,6,1.0,False,lesion>control
15248,8-0-7-0-1-8,3* 1 2* 1 2 3*,6,1.0,False,control>lesion
15249,8-0-7-0-8-9,3* 1 2* 1 3* 4*,6,1.0,False,control>lesion
15250,8-0-7-3-1-0,3* 1 2* 4 2 1,6,1.0,False,control>lesion
15251,8-0-7-3-5-1,3* 1 2* 4 6 2,6,1.0,False,control>lesion
15252,8-0-7-4-5-0,3* 1 2* 5 6 1,6,1.0,False,control>lesion
15253,8-0-7-5-4-3,3* 1 2* 6 5 4,6,1.0,False,control>lesion
15254,8-0-7-8-5-2,3* 1 2* 3* 6 3,6,1.0,False,lesion>control
15255,8-0-7-8-5-3,3* 1 2* 3* 6 4,6,1.0,False,lesion>control
15256,8-0-7-8-9-1,3* 1 2* 3* 4* 2,6,1.0,False,control>lesion
15257,8-0-8-0-1-0,3* 1 3* 1 2 1,6,1.0,False,control>lesion
15258,8-0-8-0-1-8,3* 1 3* 1 2 3*,6,1.0,False,control>lesion
15259,8-0-8-0-2-0,3* 1 3* 1 3 1,6,1.0,False,lesion>control
15260,8-0-8-0-2-1,3* 1 3* 1 3 2,6,1.0,False,lesion>control
15261,8-0-8-0-2-7,3* 1 3* 1 3 2*,6,1.0,False,control>lesion
15262,8-0-8-0-8-3,3* 1 3* 1 3* 4,6,1.0,False,lesion>control
15263,8-0-8-0-8-5,3* 1 3* 1 3* 6,6,1.0,False,lesion>control
15264,8-0-8-1-0-3,3* 1 3* 2 1 4,6,1.0,False,lesion>control
15265,8-0-8-1-2-3,3* 1 3* 2 3 4,6,1.0,False,lesion>control
15266,8-0-8-1-4-5,3* 1 3* 2 5 6,6,1.0,False,lesion>control
15267,8-0-8-1-8-1,3* 1 3* 2 3* 2,6,1.0,False,lesion>control
15268,8-0-8-1-8-9,3* 1 3* 2 3* 4*,6,1.0,False,lesion>control
15269,8-0-8-3-0-5,3* 1 3* 4 1 6,6,1.0,False,lesion>control
15270,8-0-8-3-0-8,3* 1 3* 4 1 3*,6,1.0,False,lesion>control
15271,8-0-8-3-3-5,3* 1 3* 4 4 6,6,1.0,False,lesion>control
15272,8-0-8-3-4-1,3* 1 3* 4 5 2,6,1.0,False,lesion>control
15273,8-0-8-3-4-3,3* 1 3* 4 5 4,6,1.0,False,lesion>control
15274,8-0-8-3-8-5,3* 1 3* 4 3* 6,6,1.0,False,control>lesion
15275,8-0-8-4-1-0,3* 1 3* 5 2 1,6,1.0,False,lesion>control
15276,8-0-8-4-3-8,3* 1 3* 5 4 3*,6,1.0,False,control>lesion
15277,8-0-8-4-5-0,3* 1 3* 5 6 1,6,1.0,False,control>lesion
15278,8-0-8-4-5-3,3* 1 3* 5 6 4,6,1.0,False,lesion>control
15279,8-0-8-5-1-0,3* 1 3* 6 2 1,6,1.0,False,lesion>control
15280,8-0-8-5-2-1,3* 1 3* 6 3 2,6,1.0,False,lesion>control
15281,8-0-8-5-2-9,3* 1 3* 6 3 4*,6,1.0,False,control>lesion
15282,8-0-8-5-8-1,3* 1 3* 6 3* 2,6,1.0,False,lesion>control
15283,8-0-8-5-8-5,3* 1 3* 6 3* 6,6,1.0,False,lesion>control
15284,8-0-8-5-8-7,3* 1 3* 6 3* 2*,6,1.0,False,lesion>control
15285,8-0-8-7-0-1,3* 1 3* 2* 1 2,6,1.0,False,control>lesion
15286,8-0-8-7-0-3,3* 1 3* 2* 1 4,6,1.0,False,control>lesion
15287,8-0-8-7-0-4,3* 1 3* 2* 1 5,6,1.0,False,control>lesion
15288,8-0-8-7-3-5,3* 1 3* 2* 4 6,6,1.0,False,control>lesion
15289,8-0-8-7-5-4,3* 1 3* 2* 6 5,6,1.0,False,control>lesion
15290,8-0-8-7-8-0,3* 1 3* 2* 3* 1,6,1.0,False,lesion>control
15291,8-0-8-9-4-8,3* 1 3* 4* 5 3*,6,1.0,False,lesion>control
15292,8-0-8-9-8-5,3* 1 3* 4* 3* 6,6,1.0,False,control>lesion
15293,8-0-9-0-1-5,3* 1 4* 1 2 6,6,1.0,False,control>lesion
15294,8-0-9-1-3-8,3* 1 4* 2 4 3*,6,1.0,False,lesion>control
15295,8-0-9-1-8-1,3* 1 4* 2 3* 2,6,1.0,False,lesion>control
15296,8-0-9-3-0-1,3* 1 4* 4 1 2,6,1.0,False,lesion>control
15297,8-0-9-5-0-4,3* 1 4* 6 1 5,6,1.0,False,lesion>control
15298,8-0-9-5-3-8,3* 1 4* 6 4 3*,6,1.0,False,lesion>control
15299,8-0-9-5-8-0,3* 1 4* 6 3* 1,6,1.0,False,control>lesion
15300,8-0-9-5-8-7,3* 1 4* 6 3* 2*,6,1.0,False,control>lesion
15301,8-0-9-8-0-3,3* 1 4* 3* 1 4,6,1.0,False,lesion>control
15302,8-0-9-8-7-3,3* 1 4* 3* 2* 4,6,1.0,False,control>lesion
15303,8-0-9-8-8-9,3* 1 4* 3* 3* 4*,6,1.0,False,control>lesion
15304,8-1-0-1-3-0,3* 2 1 2 4 1,6,1.0,False,lesion>control
15305,8-1-0-1-4-5,3* 2 1 2 5 6,6,1.0,False,control>lesion
15306,8-1-0-1-4-8,3* 2 1 2 5 3*,6,1.0,False,lesion>control
15307,8-1-0-1-5-3,3* 2 1 2 6 4,6,1.0,False,control>lesion
15308,8-1-0-1-8-5,3* 2 1 2 3* 6,6,1.0,False,control>lesion
15309,8-1-0-2-0-2,3* 2 1 3 1 3,6,1.0,False,lesion>control
15310,8-1-0-2-9-0,3* 2 1 3 4* 1,6,1.0,False,lesion>control
15311,8-1-0-3-1-4,3* 2 1 4 2 5,6,1.0,False,lesion>control
15312,8-1-0-3-4-3,3* 2 1 4 5 4,6,1.0,False,lesion>control
15313,8-1-0-3-5-0,3* 2 1 4 6 1,6,1.0,False,lesion>control
15314,8-1-0-3-5-8,3* 2 1 4 6 3*,6,1.0,False,control>lesion
15315,8-1-0-3-8-5,3* 2 1 4 3* 6,6,1.0,False,lesion>control
15316,8-1-0-3-8-9,3* 2 1 4 3* 4*,6,1.0,False,control>lesion
15317,8-1-0-4-0-1,3* 2 1 5 1 2,6,1.0,False,lesion>control
15318,8-1-0-4-0-5,3* 2 1 5 1 6,6,1.0,False,lesion>control
15319,8-1-0-4-0-8,3* 2 1 5 1 3*,6,1.0,False,control>lesion
15320,8-1-0-4-1-4,3* 2 1 5 2 5,6,1.0,False,lesion>control
15321,8-1-0-4-1-5,3* 2 1 5 2 6,6,1.0,False,lesion>control
15322,8-1-0-4-3-2,3* 2 1 5 4 3,6,1.0,False,lesion>control
15323,8-1-0-4-3-8,3* 2 1 5 4 3*,6,1.0,False,lesion>control
15324,8-1-0-4-8-5,3* 2 1 5 3* 6,6,1.0,False,lesion>control
15325,8-1-0-5-1-0,3* 2 1 6 2 1,6,1.0,False,lesion>control
15326,8-1-0-5-1-5,3* 2 1 6 2 6,6,1.0,False,control>lesion
15327,8-1-0-5-3-1,3* 2 1 6 4 2,6,1.0,False,control>lesion
15328,8-1-0-5-4-1,3* 2 1 6 5 2,6,1.0,False,control>lesion
15329,8-1-0-5-8-3,3* 2 1 6 3* 4,6,1.0,False,lesion>control
15330,8-1-0-8-0-2,3* 2 1 3* 1 3,6,1.0,False,lesion>control
15331,8-1-0-8-0-4,3* 2 1 3* 1 5,6,1.0,False,lesion>control
15332,8-1-0-8-1-4,3* 2 1 3* 2 5,6,1.0,False,control>lesion
15333,8-1-0-8-1-9,3* 2 1 3* 2 4*,6,1.0,False,lesion>control
15334,8-1-0-8-3-1,3* 2 1 3* 4 2,6,1.0,False,lesion>control
15335,8-1-0-8-4-5,3* 2 1 3* 5 6,6,1.0,False,lesion>control
15336,8-1-0-8-4-8,3* 2 1 3* 5 3*,6,1.0,False,lesion>control
15337,8-1-0-8-5-4,3* 2 1 3* 6 5,6,1.0,False,control>lesion
15338,8-1-0-8-7-0,3* 2 1 3* 2* 1,6,1.0,False,control>lesion
15339,8-1-0-8-9-1,3* 2 1 3* 4* 2,6,1.0,False,lesion>control
15340,8-1-0-9-8-7,3* 2 1 4* 3* 2*,6,1.0,False,lesion>control
15341,8-1-1-8-9-8,3* 2 2 3* 4* 3*,6,1.0,False,control>lesion
15342,8-1-2-0-1-8,3* 2 3 1 2 3*,6,1.0,False,control>lesion
15343,8-1-2-0-3-4,3* 2 3 1 4 5,6,1.0,False,control>lesion
15344,8-1-2-1-0-1,3* 2 3 2 1 2,6,1.0,False,control>lesion
15345,8-1-2-1-0-5,3* 2 3 2 1 6,6,1.0,False,lesion>control
15346,8-1-2-1-2-4,3* 2 3 2 3 5,6,1.0,False,lesion>control
15347,8-1-2-1-3-4,3* 2 3 2 4 5,6,1.0,False,lesion>control
15348,8-1-2-1-5-1,3* 2 3 2 6 2,6,1.0,False,control>lesion
15349,8-1-2-1-8-7,3* 2 3 2 3* 2*,6,1.0,False,control>lesion
15350,8-1-2-3-0-1,3* 2 3 4 1 2,6,1.0,False,lesion>control
15351,8-1-2-3-4-3,3* 2 3 4 5 4,6,1.0,False,lesion>control
15352,8-1-2-3-4-5,3* 2 3 4 5 6,6,1.0,False,lesion>control
15353,8-1-2-3-8-1,3* 2 3 4 3* 2,6,1.0,False,lesion>control
15354,8-1-2-3-8-3,3* 2 3 4 3* 4,6,1.0,False,lesion>control
15355,8-1-2-3-8-4,3* 2 3 4 3* 5,6,1.0,False,lesion>control
15356,8-1-2-3-8-7,3* 2 3 4 3* 2*,6,1.0,False,lesion>control
15357,8-1-2-5-3-8,3* 2 3 6 4 3*,6,1.0,False,lesion>control
15358,8-1-2-5-4-8,3* 2 3 6 5 3*,6,1.0,False,control>lesion
15359,8-1-2-5-8-1,3* 2 3 6 3* 2,6,1.0,False,lesion>control
15360,8-1-2-8-7-3,3* 2 3 3* 2* 4,6,1.0,False,lesion>control
15361,8-1-2-9-5-8,3* 2 3 4* 6 3*,6,1.0,False,control>lesion
15362,8-1-2-9-8-5,3* 2 3 4* 3* 6,6,1.0,False,lesion>control
15363,8-1-2-9-8-8,3* 2 3 4* 3* 3*,6,1.0,False,lesion>control
15364,8-1-3-0-1-3,3* 2 4 1 2 4,6,1.0,False,lesion>control
15365,8-1-3-0-1-8,3* 2 4 1 2 3*,6,1.0,False,control>lesion
15366,8-1-3-0-3-8,3* 2 4 1 4 3*,6,1.0,False,lesion>control
15367,8-1-3-0-4-5,3* 2 4 1 5 6,6,1.0,False,lesion>control
15368,8-1-3-0-5-1,3* 2 4 1 6 2,6,1.0,False,control>lesion
15369,8-1-3-0-8-4,3* 2 4 1 3* 5,6,1.0,False,lesion>control
15370,8-1-3-0-8-7,3* 2 4 1 3* 2*,6,1.0,False,control>lesion
15371,8-1-3-1-0-5,3* 2 4 2 1 6,6,1.0,False,lesion>control
15372,8-1-3-1-0-8,3* 2 4 2 1 3*,6,1.0,False,control>lesion
15373,8-1-3-1-3-4,3* 2 4 2 4 5,6,1.0,False,control>lesion
15374,8-1-3-1-3-8,3* 2 4 2 4 3*,6,1.0,False,control>lesion
15375,8-1-3-1-4-5,3* 2 4 2 5 6,6,1.0,False,lesion>control
15376,8-1-3-1-4-8,3* 2 4 2 5 3*,6,1.0,False,lesion>control
15377,8-1-3-1-5-8,3* 2 4 2 6 3*,6,1.0,False,lesion>control
15378,8-1-3-1-8-7,3* 2 4 2 3* 2*,6,1.0,False,control>lesion
15379,8-1-3-4-0-4,3* 2 4 5 1 5,6,1.0,False,lesion>control
15380,8-1-3-4-1-5,3* 2 4 5 2 6,6,1.0,False,lesion>control
15381,8-1-3-4-5-1,3* 2 4 5 6 2,6,1.0,False,control>lesion
15382,8-1-3-4-8-3,3* 2 4 5 3* 4,6,1.0,False,control>lesion
15383,8-1-3-5-0-1,3* 2 4 6 1 2,6,1.0,False,control>lesion
15384,8-1-3-5-4-1,3* 2 4 6 5 2,6,1.0,False,control>lesion
15385,8-1-3-5-4-8,3* 2 4 6 5 3*,6,1.0,False,control>lesion
15386,8-1-3-8-0-1,3* 2 4 3* 1 2,6,1.0,False,control>lesion
15387,8-1-3-8-0-4,3* 2 4 3* 1 5,6,1.0,False,lesion>control
15388,8-1-3-8-0-5,3* 2 4 3* 1 6,6,1.0,False,lesion>control
15389,8-1-3-8-0-7,3* 2 4 3* 1 2*,6,1.0,False,control>lesion
15390,8-1-3-8-0-9,3* 2 4 3* 1 4*,6,1.0,False,control>lesion
15391,8-1-3-8-1-5,3* 2 4 3* 2 6,6,1.0,False,lesion>control
15392,8-1-3-8-3-3,3* 2 4 3* 4 4,6,1.0,False,control>lesion
15393,8-1-3-8-3-4,3* 2 4 3* 4 5,6,1.0,False,control>lesion
15394,8-1-3-8-4-8,3* 2 4 3* 5 3*,6,1.0,False,lesion>control
15395,8-1-3-8-5-2,3* 2 4 3* 6 3,6,1.0,False,control>lesion
15396,8-1-3-8-7-2,3* 2 4 3* 2* 3,6,1.0,False,lesion>control
15397,8-1-4-0-5-0,3* 2 5 1 6 1,6,1.0,False,lesion>control
15398,8-1-4-0-5-8,3* 2 5 1 6 3*,6,1.0,False,lesion>control
15399,8-1-4-1-3-8,3* 2 5 2 4 3*,6,1.0,False,lesion>control
15400,8-1-4-2-1-1,3* 2 5 3 2 2,6,1.0,False,lesion>control
15401,8-1-4-2-1-9,3* 2 5 3 2 4*,6,1.0,False,lesion>control
15402,8-1-4-3-8-0,3* 2 5 4 3* 1,6,1.0,False,lesion>control
15403,8-1-4-3-8-1,3* 2 5 4 3* 2,6,1.0,False,control>lesion
15404,8-1-4-3-8-3,3* 2 5 4 3* 4,6,1.0,False,control>lesion
15405,8-1-4-5-4-3,3* 2 5 6 5 4,6,1.0,False,lesion>control
15406,8-1-4-5-4-8,3* 2 5 6 5 3*,6,1.0,False,lesion>control
15407,8-1-4-5-8-4,3* 2 5 6 3* 5,6,1.0,False,control>lesion
15408,8-1-4-8-0-2,3* 2 5 3* 1 3,6,1.0,False,control>lesion
15409,8-1-4-8-0-4,3* 2 5 3* 1 5,6,1.0,False,lesion>control
15410,8-1-4-8-1-5,3* 2 5 3* 2 6,6,1.0,False,lesion>control
15411,8-1-4-8-3-2,3* 2 5 3* 4 3,6,1.0,False,lesion>control
15412,8-1-4-8-5-2,3* 2 5 3* 6 3,6,1.0,False,lesion>control
15413,8-1-4-8-9-4,3* 2 5 3* 4* 5,6,1.0,False,lesion>control
15414,8-1-5-0-1-3,3* 2 6 1 2 4,6,1.0,False,lesion>control
15415,8-1-5-0-3-0,3* 2 6 1 4 1,6,1.0,False,control>lesion
15416,8-1-5-0-5-8,3* 2 6 1 6 3*,6,1.0,False,control>lesion
15417,8-1-5-0-8-8,3* 2 6 1 3* 3*,6,1.0,False,control>lesion
15418,8-1-5-0-9-1,3* 2 6 1 4* 2,6,1.0,False,control>lesion
15419,8-1-5-1-5-1,3* 2 6 2 6 2,6,1.0,False,control>lesion
15420,8-1-5-1-8-0,3* 2 6 2 3* 1,6,1.0,False,lesion>control
15421,8-1-5-3-1-0,3* 2 6 4 2 1,6,1.0,False,control>lesion
15422,8-1-5-3-1-3,3* 2 6 4 2 4,6,1.0,False,control>lesion
15423,8-1-5-3-1-5,3* 2 6 4 2 6,6,1.0,False,lesion>control
15424,8-1-5-3-1-8,3* 2 6 4 2 3*,6,1.0,False,control>lesion
15425,8-1-5-3-5-8,3* 2 6 4 6 3*,6,1.0,False,control>lesion
15426,8-1-5-4-8-0,3* 2 6 5 3* 1,6,1.0,False,lesion>control
15427,8-1-5-4-8-3,3* 2 6 5 3* 4,6,1.0,False,lesion>control
15428,8-1-5-4-9-2,3* 2 6 5 4* 3,6,1.0,False,lesion>control
15429,8-1-5-8-5-1,3* 2 6 3* 6 2,6,1.0,False,lesion>control
15430,8-1-5-8-7-3,3* 2 6 3* 2* 4,6,1.0,False,control>lesion
15431,8-1-5-8-9-1,3* 2 6 3* 4* 2,6,1.0,False,lesion>control
15432,8-1-8-0-1-0,3* 2 3* 1 2 1,6,1.0,False,lesion>control
15433,8-1-8-0-2-3,3* 2 3* 1 3 4,6,1.0,False,control>lesion
15434,8-1-8-0-3-1,3* 2 3* 1 4 2,6,1.0,False,control>lesion
15435,8-1-8-0-4-2,3* 2 3* 1 5 3,6,1.0,False,lesion>control
15436,8-1-8-0-4-8,3* 2 3* 1 5 3*,6,1.0,False,lesion>control
15437,8-1-8-0-8-0,3* 2 3* 1 3* 1,6,1.0,False,lesion>control
15438,8-1-8-0-8-7,3* 2 3* 1 3* 2*,6,1.0,False,lesion>control
15439,8-1-8-0-9-1,3* 2 3* 1 4* 2,6,1.0,False,lesion>control
15440,8-1-8-0-9-5,3* 2 3* 1 4* 6,6,1.0,False,lesion>control
15441,8-1-8-1-0-2,3* 2 3* 2 1 3,6,1.0,False,lesion>control
15442,8-1-8-1-0-4,3* 2 3* 2 1 5,6,1.0,False,lesion>control
15443,8-1-8-1-2-0,3* 2 3* 2 3 1,6,1.0,False,control>lesion
15444,8-1-8-1-2-5,3* 2 3* 2 3 6,6,1.0,False,lesion>control
15445,8-1-8-1-2-8,3* 2 3* 2 3 3*,6,1.0,False,lesion>control
15446,8-1-8-1-3-0,3* 2 3* 2 4 1,6,1.0,False,control>lesion
15447,8-1-8-1-4-2,3* 2 3* 2 5 3,6,1.0,False,lesion>control
15448,8-1-8-1-9-8,3* 2 3* 2 4* 3*,6,1.0,False,lesion>control
15449,8-1-8-3-2-3,3* 2 3* 4 3 4,6,1.0,False,lesion>control
15450,8-1-8-3-2-4,3* 2 3* 4 3 5,6,1.0,False,lesion>control
15451,8-1-8-3-2-7,3* 2 3* 4 3 2*,6,1.0,False,lesion>control
15452,8-1-8-3-8-5,3* 2 3* 4 3* 6,6,1.0,False,lesion>control
15453,8-1-8-4-5-2,3* 2 3* 5 6 3,6,1.0,False,lesion>control
15454,8-1-8-4-9-8,3* 2 3* 5 4* 3*,6,1.0,False,control>lesion
15455,8-1-8-5-0-3,3* 2 3* 6 1 4,6,1.0,False,control>lesion
15456,8-1-8-5-0-5,3* 2 3* 6 1 6,6,1.0,False,control>lesion
15457,8-1-8-5-0-7,3* 2 3* 6 1 2*,6,1.0,False,lesion>control
15458,8-1-8-5-1-3,3* 2 3* 6 2 4,6,1.0,False,control>lesion
15459,8-1-8-5-1-8,3* 2 3* 6 2 3*,6,1.0,False,lesion>control
15460,8-1-8-5-2-0,3* 2 3* 6 3 1,6,1.0,False,lesion>control
15461,8-1-8-5-3-5,3* 2 3* 6 4 6,6,1.0,False,lesion>control
15462,8-1-8-5-4-5,3* 2 3* 6 5 6,6,1.0,False,control>lesion
15463,8-1-8-7-0-4,3* 2 3* 2* 1 5,6,1.0,False,lesion>control
15464,8-1-8-7-5-4,3* 2 3* 2* 6 5,6,1.0,False,control>lesion
15465,8-1-8-7-5-8,3* 2 3* 2* 6 3*,6,1.0,False,lesion>control
15466,8-1-8-8-0-9,3* 2 3* 3* 1 4*,6,1.0,False,lesion>control
15467,8-1-8-8-5-3,3* 2 3* 3* 6 4,6,1.0,False,control>lesion
15468,8-1-8-9-0-5,3* 2 3* 4* 1 6,6,1.0,False,control>lesion
15469,8-1-8-9-8-1,3* 2 3* 4* 3* 2,6,1.0,False,control>lesion
15470,8-1-8-9-8-8,3* 2 3* 4* 3* 3*,6,1.0,False,control>lesion
15471,8-1-9-0-8-0,3* 2 4* 1 3* 1,6,1.0,False,lesion>control
15472,8-1-9-8-7-0,3* 2 4* 3* 2* 1,6,1.0,False,control>lesion
15473,8-1-9-8-7-8,3* 2 4* 3* 2* 3*,6,1.0,False,lesion>control
15474,8-1-9-8-9-8,3* 2 4* 3* 4* 3*,6,1.0,False,lesion>control
15475,8-3-0-1-0-1,3* 4 1 2 1 2,6,1.0,False,control>lesion
15476,8-3-0-1-0-8,3* 4 1 2 1 3*,6,1.0,False,control>lesion
15477,8-3-0-1-3-0,3* 4 1 2 4 1,6,1.0,False,lesion>control
15478,8-3-0-1-3-1,3* 4 1 2 4 2,6,1.0,False,control>lesion
15479,8-3-0-1-3-5,3* 4 1 2 4 6,6,1.0,False,lesion>control
15480,8-3-0-1-5-3,3* 4 1 2 6 4,6,1.0,False,control>lesion
15481,8-3-0-1-5-4,3* 4 1 2 6 5,6,1.0,False,control>lesion
15482,8-3-0-1-5-8,3* 4 1 2 6 3*,6,1.0,False,control>lesion
15483,8-3-0-1-8-0,3* 4 1 2 3* 1,6,1.0,False,lesion>control
15484,8-3-0-1-8-1,3* 4 1 2 3* 2,6,1.0,False,control>lesion
15485,8-3-0-1-8-4,3* 4 1 2 3* 5,6,1.0,False,lesion>control
15486,8-3-0-1-8-5,3* 4 1 2 3* 6,6,1.0,False,control>lesion
15487,8-3-0-2-5-0,3* 4 1 3 6 1,6,1.0,False,control>lesion
15488,8-3-0-3-0-1,3* 4 1 4 1 2,6,1.0,False,lesion>control
15489,8-3-0-3-0-4,3* 4 1 4 1 5,6,1.0,False,lesion>control
15490,8-3-0-3-2-3,3* 4 1 4 3 4,6,1.0,False,lesion>control
15491,8-3-0-3-4-0,3* 4 1 4 5 1,6,1.0,False,lesion>control
15492,8-3-0-3-5-3,3* 4 1 4 6 4,6,1.0,False,lesion>control
15493,8-3-0-3-5-4,3* 4 1 4 6 5,6,1.0,False,control>lesion
15494,8-3-0-4-0-5,3* 4 1 5 1 6,6,1.0,False,control>lesion
15495,8-3-0-4-5-1,3* 4 1 5 6 2,6,1.0,False,lesion>control
15496,8-3-0-4-5-4,3* 4 1 5 6 5,6,1.0,False,control>lesion
15497,8-3-0-5-0-4,3* 4 1 6 1 5,6,1.0,False,lesion>control
15498,8-3-0-5-0-5,3* 4 1 6 1 6,6,1.0,False,lesion>control
15499,8-3-0-5-1-3,3* 4 1 6 2 4,6,1.0,False,control>lesion
15500,8-3-0-5-3-0,3* 4 1 6 4 1,6,1.0,False,control>lesion
15501,8-3-0-5-4-5,3* 4 1 6 5 6,6,1.0,False,control>lesion
15502,8-3-0-7-5-8,3* 4 1 2* 6 3*,6,1.0,False,lesion>control
15503,8-3-0-7-8-9,3* 4 1 2* 3* 4*,6,1.0,False,lesion>control
15504,8-3-0-8-3-0,3* 4 1 3* 4 1,6,1.0,False,lesion>control
15505,8-3-0-8-5-0,3* 4 1 3* 6 1,6,1.0,False,lesion>control
15506,8-3-0-8-7-5,3* 4 1 3* 2* 6,6,1.0,False,lesion>control
15507,8-3-0-8-9-8,3* 4 1 3* 4* 3*,6,1.0,False,control>lesion
15508,8-3-1-0-1-3,3* 4 2 1 2 4,6,1.0,False,control>lesion
15509,8-3-1-0-4-0,3* 4 2 1 5 1,6,1.0,False,control>lesion
15510,8-3-1-0-5-1,3* 4 2 1 6 2,6,1.0,False,control>lesion
15511,8-3-1-0-5-3,3* 4 2 1 6 4,6,1.0,False,control>lesion
15512,8-3-1-0-8-5,3* 4 2 1 3* 6,6,1.0,False,lesion>control
15513,8-3-1-3-0-8,3* 4 2 4 1 3*,6,1.0,False,lesion>control
15514,8-3-1-3-4-5,3* 4 2 4 5 6,6,1.0,False,control>lesion
15515,8-3-1-3-4-8,3* 4 2 4 5 3*,6,1.0,False,control>lesion
15516,8-3-1-3-5-4,3* 4 2 4 6 5,6,1.0,False,lesion>control
15517,8-3-1-3-8-0,3* 4 2 4 3* 1,6,1.0,False,control>lesion
15518,8-3-1-3-8-7,3* 4 2 4 3* 2*,6,1.0,False,lesion>control
15519,8-3-1-4-8-1,3* 4 2 5 3* 2,6,1.0,False,lesion>control
15520,8-3-1-5-1-4,3* 4 2 6 2 5,6,1.0,False,lesion>control
15521,8-3-1-8-0-8,3* 4 2 3* 1 3*,6,1.0,False,control>lesion
15522,8-3-1-8-1-2,3* 4 2 3* 2 3,6,1.0,False,control>lesion
15523,8-3-1-8-3-8,3* 4 2 3* 4 3*,6,1.0,False,lesion>control
15524,8-3-1-8-4-8,3* 4 2 3* 5 3*,6,1.0,False,control>lesion
15525,8-3-1-8-5-0,3* 4 2 3* 6 1,6,1.0,False,control>lesion
15526,8-3-1-8-5-4,3* 4 2 3* 6 5,6,1.0,False,lesion>control
15527,8-3-1-8-7-8,3* 4 2 3* 2* 3*,6,1.0,False,control>lesion
15528,8-3-1-8-9-5,3* 4 2 3* 4* 6,6,1.0,False,lesion>control
15529,8-3-2-0-3-8,3* 4 3 1 4 3*,6,1.0,False,lesion>control
15530,8-3-2-0-5-8,3* 4 3 1 6 3*,6,1.0,False,lesion>control
15531,8-3-2-0-7-0,3* 4 3 1 2* 1,6,1.0,False,lesion>control
15532,8-3-2-1-0-5,3* 4 3 2 1 6,6,1.0,False,lesion>control
15533,8-3-2-1-2-1,3* 4 3 2 3 2,6,1.0,False,lesion>control
15534,8-3-2-1-2-5,3* 4 3 2 3 6,6,1.0,False,lesion>control
15535,8-3-2-1-5-2,3* 4 3 2 6 3,6,1.0,False,lesion>control
15536,8-3-2-1-8-3,3* 4 3 2 3* 4,6,1.0,False,control>lesion
15537,8-3-2-1-8-7,3* 4 3 2 3* 2*,6,1.0,False,lesion>control
15538,8-3-2-3-2-0,3* 4 3 4 3 1,6,1.0,False,lesion>control
15539,8-3-2-3-2-1,3* 4 3 4 3 2,6,1.0,False,lesion>control
15540,8-3-2-3-2-5,3* 4 3 4 3 6,6,1.0,False,lesion>control
15541,8-3-2-3-8-7,3* 4 3 4 3* 2*,6,1.0,False,lesion>control
15542,8-3-2-4-2-1,3* 4 3 5 3 2,6,1.0,False,lesion>control
15543,8-3-2-4-3-8,3* 4 3 5 4 3*,6,1.0,False,lesion>control
15544,8-3-2-4-8-7,3* 4 3 5 3* 2*,6,1.0,False,lesion>control
15545,8-3-2-5-3-2,3* 4 3 6 4 3,6,1.0,False,control>lesion
15546,8-3-2-5-3-8,3* 4 3 6 4 3*,6,1.0,False,control>lesion
15547,8-3-2-5-4-8,3* 4 3 6 5 3*,6,1.0,False,control>lesion
15548,8-3-2-5-8-5,3* 4 3 6 3* 6,6,1.0,False,lesion>control
15549,8-3-2-7-4-8,3* 4 3 2* 5 3*,6,1.0,False,lesion>control
15550,8-3-2-7-8-4,3* 4 3 2* 3* 5,6,1.0,False,lesion>control
15551,8-3-2-8-7-3,3* 4 3 3* 2* 4,6,1.0,False,lesion>control
15552,8-3-3-4-1-8,3* 4 4 5 2 3*,6,1.0,False,lesion>control
15553,8-3-3-4-3-8,3* 4 4 5 4 3*,6,1.0,False,lesion>control
15554,8-3-3-5-3-1,3* 4 4 6 4 2,6,1.0,False,control>lesion
15555,8-3-3-5-4-5,3* 4 4 6 5 6,6,1.0,False,lesion>control
15556,8-3-3-5-8-3,3* 4 4 6 3* 4,6,1.0,False,control>lesion
15557,8-3-3-8-0-1,3* 4 4 3* 1 2,6,1.0,False,control>lesion
15558,8-3-3-8-3-1,3* 4 4 3* 4 2,6,1.0,False,control>lesion
15559,8-3-3-8-5-3,3* 4 4 3* 6 4,6,1.0,False,control>lesion
15560,8-3-4-0-1-0,3* 4 5 1 2 1,6,1.0,False,lesion>control
15561,8-3-4-0-1-3,3* 4 5 1 2 4,6,1.0,False,control>lesion
15562,8-3-4-0-1-8,3* 4 5 1 2 3*,6,1.0,False,lesion>control
15563,8-3-4-0-5-1,3* 4 5 1 6 2,6,1.0,False,control>lesion
15564,8-3-4-0-5-2,3* 4 5 1 6 3,6,1.0,False,control>lesion
15565,8-3-4-0-8-3,3* 4 5 1 3* 4,6,1.0,False,lesion>control
15566,8-3-4-0-8-7,3* 4 5 1 3* 2*,6,1.0,False,lesion>control
15567,8-3-4-1-0-3,3* 4 5 2 1 4,6,1.0,False,lesion>control
15568,8-3-4-1-3-1,3* 4 5 2 4 2,6,1.0,False,lesion>control
15569,8-3-4-1-8-1,3* 4 5 2 3* 2,6,1.0,False,control>lesion
15570,8-3-4-1-8-9,3* 4 5 2 3* 4*,6,1.0,False,lesion>control
15571,8-3-4-2-7-8,3* 4 5 3 2* 3*,6,1.0,False,lesion>control
15572,8-3-4-3-0-3,3* 4 5 4 1 4,6,1.0,False,lesion>control
15573,8-3-4-3-0-8,3* 4 5 4 1 3*,6,1.0,False,control>lesion
15574,8-3-4-3-1-8,3* 4 5 4 2 3*,6,1.0,False,control>lesion
15575,8-3-4-3-4-5,3* 4 5 4 5 6,6,1.0,False,lesion>control
15576,8-3-4-5-0-3,3* 4 5 6 1 4,6,1.0,False,lesion>control
15577,8-3-4-5-1-3,3* 4 5 6 2 4,6,1.0,False,lesion>control
15578,8-3-4-5-2-0,3* 4 5 6 3 1,6,1.0,False,lesion>control
15579,8-3-4-5-2-3,3* 4 5 6 3 4,6,1.0,False,lesion>control
15580,8-3-4-5-3-4,3* 4 5 6 4 5,6,1.0,False,lesion>control
15581,8-3-4-5-3-5,3* 4 5 6 4 6,6,1.0,False,lesion>control
15582,8-3-4-5-8-1,3* 4 5 6 3* 2,6,1.0,False,lesion>control
15583,8-3-4-8-3-0,3* 4 5 3* 4 1,6,1.0,False,lesion>control
15584,8-3-4-8-4-2,3* 4 5 3* 5 3,6,1.0,False,control>lesion
15585,8-3-4-8-7-5,3* 4 5 3* 2* 6,6,1.0,False,control>lesion
15586,8-3-4-8-9-5,3* 4 5 3* 4* 6,6,1.0,False,control>lesion
15587,8-3-5-0-1-3,3* 4 6 1 2 4,6,1.0,False,control>lesion
15588,8-3-5-0-1-5,3* 4 6 1 2 6,6,1.0,False,control>lesion
15589,8-3-5-0-1-8,3* 4 6 1 2 3*,6,1.0,False,control>lesion
15590,8-3-5-0-3-4,3* 4 6 1 4 5,6,1.0,False,lesion>control
15591,8-3-5-0-3-8,3* 4 6 1 4 3*,6,1.0,False,control>lesion
15592,8-3-5-0-5-0,3* 4 6 1 6 1,6,1.0,False,lesion>control
15593,8-3-5-0-8-3,3* 4 6 1 3* 4,6,1.0,False,lesion>control
15594,8-3-5-0-8-7,3* 4 6 1 3* 2*,6,1.0,False,lesion>control
15595,8-3-5-1-0-1,3* 4 6 2 1 2,6,1.0,False,control>lesion
15596,8-3-5-1-0-8,3* 4 6 2 1 3*,6,1.0,False,lesion>control
15597,8-3-5-1-1-3,3* 4 6 2 2 4,6,1.0,False,control>lesion
15598,8-3-5-1-3-0,3* 4 6 2 4 1,6,1.0,False,control>lesion
15599,8-3-5-1-3-4,3* 4 6 2 4 5,6,1.0,False,lesion>control
15600,8-3-5-1-3-8,3* 4 6 2 4 3*,6,1.0,False,control>lesion
15601,8-3-5-1-5-8,3* 4 6 2 6 3*,6,1.0,False,lesion>control
15602,8-3-5-2-0-8,3* 4 6 3 1 3*,6,1.0,False,control>lesion
15603,8-3-5-2-5-2,3* 4 6 3 6 3,6,1.0,False,lesion>control
15604,8-3-5-3-1-8,3* 4 6 4 2 3*,6,1.0,False,control>lesion
15605,8-3-5-3-2-1,3* 4 6 4 3 2,6,1.0,False,lesion>control
15606,8-3-5-4-0-8,3* 4 6 5 1 3*,6,1.0,False,control>lesion
15607,8-3-5-4-1-0,3* 4 6 5 2 1,6,1.0,False,control>lesion
15608,8-3-5-4-1-3,3* 4 6 5 2 4,6,1.0,False,control>lesion
15609,8-3-5-4-3-1,3* 4 6 5 4 2,6,1.0,False,control>lesion
15610,8-3-5-4-3-5,3* 4 6 5 4 6,6,1.0,False,control>lesion
15611,8-3-5-8-0-2,3* 4 6 3* 1 3,6,1.0,False,lesion>control
15612,8-3-5-8-3-0,3* 4 6 3* 4 1,6,1.0,False,lesion>control
15613,8-3-5-8-5-2,3* 4 6 3* 6 3,6,1.0,False,lesion>control
15614,8-3-5-8-7-5,3* 4 6 3* 2* 6,6,1.0,False,lesion>control
15615,8-3-5-8-9-8,3* 4 6 3* 4* 3*,6,1.0,False,lesion>control
15616,8-3-7-3-1-0,3* 4 2* 4 2 1,6,1.0,False,lesion>control
15617,8-3-7-3-8-1,3* 4 2* 4 3* 2,6,1.0,False,lesion>control
15618,8-3-7-8-1-0,3* 4 2* 3* 2 1,6,1.0,False,lesion>control
15619,8-3-8-0-2-5,3* 4 3* 1 3 6,6,1.0,False,control>lesion
15620,8-3-8-0-2-7,3* 4 3* 1 3 2*,6,1.0,False,control>lesion
15621,8-3-8-0-3-0,3* 4 3* 1 4 1,6,1.0,False,lesion>control
15622,8-3-8-0-3-2,3* 4 3* 1 4 3,6,1.0,False,lesion>control
15623,8-3-8-0-3-4,3* 4 3* 1 4 5,6,1.0,False,lesion>control
15624,8-3-8-0-5-1,3* 4 3* 1 6 2,6,1.0,False,control>lesion
15625,8-3-8-0-5-2,3* 4 3* 1 6 3,6,1.0,False,control>lesion
15626,8-3-8-0-7-3,3* 4 3* 1 2* 4,6,1.0,False,lesion>control
15627,8-3-8-0-8-0,3* 4 3* 1 3* 1,6,1.0,False,lesion>control
15628,8-3-8-0-8-1,3* 4 3* 1 3* 2,6,1.0,False,lesion>control
15629,8-3-8-3-0-1,3* 4 3* 4 1 2,6,1.0,False,lesion>control
15630,8-3-8-3-0-7,3* 4 3* 4 1 2*,6,1.0,False,lesion>control
15631,8-3-8-3-2-0,3* 4 3* 4 3 1,6,1.0,False,lesion>control
15632,8-3-8-3-2-4,3* 4 3* 4 3 5,6,1.0,False,lesion>control
15633,8-3-8-3-4-2,3* 4 3* 4 5 3,6,1.0,False,lesion>control
15634,8-3-8-3-5-0,3* 4 3* 4 6 1,6,1.0,False,control>lesion
15635,8-3-8-3-5-1,3* 4 3* 4 6 2,6,1.0,False,lesion>control
15636,8-3-8-4-0-8,3* 4 3* 5 1 3*,6,1.0,False,lesion>control
15637,8-3-8-4-1-8,3* 4 3* 5 2 3*,6,1.0,False,lesion>control
15638,8-3-8-4-2-3,3* 4 3* 5 3 4,6,1.0,False,control>lesion
15639,8-3-8-4-3-5,3* 4 3* 5 4 6,6,1.0,False,control>lesion
15640,8-3-8-4-5-4,3* 4 3* 5 6 5,6,1.0,False,lesion>control
15641,8-3-8-4-8-0,3* 4 3* 5 3* 1,6,1.0,False,control>lesion
15642,8-3-8-5-0-7,3* 4 3* 6 1 2*,6,1.0,False,lesion>control
15643,8-3-8-5-0-8,3* 4 3* 6 1 3*,6,1.0,False,lesion>control
15644,8-3-8-5-1-5,3* 4 3* 6 2 6,6,1.0,False,lesion>control
15645,8-3-8-5-2-4,3* 4 3* 6 3 5,6,1.0,False,lesion>control
15646,8-3-8-5-3-1,3* 4 3* 6 4 2,6,1.0,False,lesion>control
15647,8-3-8-5-3-5,3* 4 3* 6 4 6,6,1.0,False,lesion>control
15648,8-3-8-5-4-1,3* 4 3* 6 5 2,6,1.0,False,control>lesion
15649,8-3-8-5-8-0,3* 4 3* 6 3* 1,6,1.0,False,lesion>control
15650,8-3-8-5-8-9,3* 4 3* 6 3* 4*,6,1.0,False,control>lesion
15651,8-3-8-7-4-0,3* 4 3* 2* 5 1,6,1.0,False,lesion>control
15652,8-3-8-7-4-5,3* 4 3* 2* 5 6,6,1.0,False,lesion>control
15653,8-3-8-7-5-0,3* 4 3* 2* 6 1,6,1.0,False,control>lesion
15654,8-3-8-8-7-0,3* 4 3* 3* 2* 1,6,1.0,False,lesion>control
15655,8-3-8-8-7-3,3* 4 3* 3* 2* 4,6,1.0,False,control>lesion
15656,8-3-8-8-9-8,3* 4 3* 3* 4* 3*,6,1.0,False,control>lesion
15657,8-3-8-9-1-8,3* 4 3* 4* 2 3*,6,1.0,False,control>lesion
15658,8-3-8-9-4-5,3* 4 3* 4* 5 6,6,1.0,False,lesion>control
15659,8-3-8-9-8-4,3* 4 3* 4* 3* 5,6,1.0,False,lesion>control
15660,8-4-0-1-3-4,3* 5 1 2 4 5,6,1.0,False,lesion>control
15661,8-4-0-1-8-0,3* 5 1 2 3* 1,6,1.0,False,lesion>control
15662,8-4-0-2-5-5,3* 5 1 3 6 6,6,1.0,False,lesion>control
15663,8-4-0-3-0-5,3* 5 1 4 1 6,6,1.0,False,lesion>control
15664,8-4-0-3-5-4,3* 5 1 4 6 5,6,1.0,False,lesion>control
15665,8-4-0-8-0-9,3* 5 1 3* 1 4*,6,1.0,False,control>lesion
15666,8-4-0-8-4-5,3* 5 1 3* 5 6,6,1.0,False,lesion>control
15667,8-4-0-8-7-0,3* 5 1 3* 2* 1,6,1.0,False,lesion>control
15668,8-4-0-8-9-8,3* 5 1 3* 4* 3*,6,1.0,False,lesion>control
15669,8-4-1-0-3-4,3* 5 2 1 4 5,6,1.0,False,control>lesion
15670,8-4-1-0-8-0,3* 5 2 1 3* 1,6,1.0,False,lesion>control
15671,8-4-1-0-8-1,3* 5 2 1 3* 2,6,1.0,False,lesion>control
15672,8-4-1-3-4-5,3* 5 2 4 5 6,6,1.0,False,lesion>control
15673,8-4-1-8-1-8,3* 5 2 3* 2 3*,6,1.0,False,lesion>control
15674,8-4-1-8-9-8,3* 5 2 3* 4* 3*,6,1.0,False,lesion>control
15675,8-4-2-0-1-3,3* 5 3 1 2 4,6,1.0,False,lesion>control
15676,8-4-2-0-1-5,3* 5 3 1 2 6,6,1.0,False,control>lesion
15677,8-4-2-0-2-9,3* 5 3 1 3 4*,6,1.0,False,control>lesion
15678,8-4-2-0-8-3,3* 5 3 1 3* 4,6,1.0,False,control>lesion
15679,8-4-2-1-0-1,3* 5 3 2 1 2,6,1.0,False,lesion>control
15680,8-4-2-1-2-9,3* 5 3 2 3 4*,6,1.0,False,lesion>control
15681,8-4-2-1-3-8,3* 5 3 2 4 3*,6,1.0,False,control>lesion
15682,8-4-2-1-8-5,3* 5 3 2 3* 6,6,1.0,False,lesion>control
15683,8-4-2-3-2-5,3* 5 3 4 3 6,6,1.0,False,lesion>control
15684,8-4-2-3-5-0,3* 5 3 4 6 1,6,1.0,False,control>lesion
15685,8-4-2-3-8-3,3* 5 3 4 3* 4,6,1.0,False,control>lesion
15686,8-4-2-4-9-8,3* 5 3 5 4* 3*,6,1.0,False,lesion>control
15687,8-4-2-5-8-9,3* 5 3 6 3* 4*,6,1.0,False,control>lesion
15688,8-4-2-7-0-3,3* 5 3 2* 1 4,6,1.0,False,lesion>control
15689,8-4-2-7-3-8,3* 5 3 2* 4 3*,6,1.0,False,control>lesion
15690,8-4-2-7-4-8,3* 5 3 2* 5 3*,6,1.0,False,lesion>control
15691,8-4-2-7-5-8,3* 5 3 2* 6 3*,6,1.0,False,lesion>control
15692,8-4-2-7-8-9,3* 5 3 2* 3* 4*,6,1.0,False,lesion>control
15693,8-4-2-9-1-8,3* 5 3 4* 2 3*,6,1.0,False,control>lesion
15694,8-4-2-9-8-3,3* 5 3 4* 3* 4,6,1.0,False,lesion>control
15695,8-4-2-9-8-5,3* 5 3 4* 3* 6,6,1.0,False,lesion>control
15696,8-4-3-0-5-8,3* 5 4 1 6 3*,6,1.0,False,lesion>control
15697,8-4-3-1-0-3,3* 5 4 2 1 4,6,1.0,False,control>lesion
15698,8-4-3-1-3-8,3* 5 4 2 4 3*,6,1.0,False,lesion>control
15699,8-4-3-1-5-8,3* 5 4 2 6 3*,6,1.0,False,control>lesion
15700,8-4-3-2-1-3,3* 5 4 3 2 4,6,1.0,False,control>lesion
15701,8-4-3-4-8-0,3* 5 4 5 3* 1,6,1.0,False,control>lesion
15702,8-4-3-5-8-3,3* 5 4 6 3* 4,6,1.0,False,control>lesion
15703,8-4-3-8-0-7,3* 5 4 3* 1 2*,6,1.0,False,lesion>control
15704,8-4-3-8-3-5,3* 5 4 3* 4 6,6,1.0,False,lesion>control
15705,8-4-3-8-4-3,3* 5 4 3* 5 4,6,1.0,False,lesion>control
15706,8-4-3-8-5-4,3* 5 4 3* 6 5,6,1.0,False,lesion>control
15707,8-4-3-8-7-5,3* 5 4 3* 2* 6,6,1.0,False,control>lesion
15708,8-4-5-0-1-4,3* 5 6 1 2 5,6,1.0,False,control>lesion
15709,8-4-5-0-8-0,3* 5 6 1 3* 1,6,1.0,False,control>lesion
15710,8-4-5-0-9-4,3* 5 6 1 4* 5,6,1.0,False,lesion>control
15711,8-4-5-1-3-0,3* 5 6 2 4 1,6,1.0,False,lesion>control
15712,8-4-5-1-5-0,3* 5 6 2 6 1,6,1.0,False,lesion>control
15713,8-4-5-1-5-1,3* 5 6 2 6 2,6,1.0,False,lesion>control
15714,8-4-5-1-8-4,3* 5 6 2 3* 5,6,1.0,False,lesion>control
15715,8-4-5-2-0-8,3* 5 6 3 1 3*,6,1.0,False,control>lesion
15716,8-4-5-2-1-3,3* 5 6 3 2 4,6,1.0,False,lesion>control
15717,8-4-5-2-1-5,3* 5 6 3 2 6,6,1.0,False,lesion>control
15718,8-4-5-3-0-1,3* 5 6 4 1 2,6,1.0,False,control>lesion
15719,8-4-5-3-0-4,3* 5 6 4 1 5,6,1.0,False,lesion>control
15720,8-4-5-3-1-0,3* 5 6 4 2 1,6,1.0,False,control>lesion
15721,8-4-5-3-4-8,3* 5 6 4 5 3*,6,1.0,False,lesion>control
15722,8-4-5-3-8-4,3* 5 6 4 3* 5,6,1.0,False,control>lesion
15723,8-4-5-4-0-1,3* 5 6 5 1 2,6,1.0,False,control>lesion
15724,8-4-5-4-0-8,3* 5 6 5 1 3*,6,1.0,False,lesion>control
15725,8-4-5-4-1-0,3* 5 6 5 2 1,6,1.0,False,control>lesion
15726,8-4-5-4-1-3,3* 5 6 5 2 4,6,1.0,False,lesion>control
15727,8-4-5-4-3-1,3* 5 6 5 4 2,6,1.0,False,lesion>control
15728,8-4-5-4-5-8,3* 5 6 5 6 3*,6,1.0,False,control>lesion
15729,8-4-5-4-8-0,3* 5 6 5 3* 1,6,1.0,False,lesion>control
15730,8-4-5-4-8-4,3* 5 6 5 3* 5,6,1.0,False,control>lesion
15731,8-4-5-4-8-7,3* 5 6 5 3* 2*,6,1.0,False,lesion>control
15732,8-4-5-8-0-4,3* 5 6 3* 1 5,6,1.0,False,lesion>control
15733,8-4-5-8-1-0,3* 5 6 3* 2 1,6,1.0,False,lesion>control
15734,8-4-5-8-3-5,3* 5 6 3* 4 6,6,1.0,False,lesion>control
15735,8-4-5-8-4-3,3* 5 6 3* 5 4,6,1.0,False,control>lesion
15736,8-4-5-8-7-3,3* 5 6 3* 2* 4,6,1.0,False,lesion>control
15737,8-4-5-9-4-3,3* 5 6 4* 5 4,6,1.0,False,lesion>control
15738,8-4-7-0-3-4,3* 5 2* 1 4 5,6,1.0,False,lesion>control
15739,8-4-7-8-1-8,3* 5 2* 3* 2 3*,6,1.0,False,lesion>control
15740,8-4-8-0-2-7,3* 5 3* 1 3 2*,6,1.0,False,lesion>control
15741,8-4-8-0-8-9,3* 5 3* 1 3* 4*,6,1.0,False,control>lesion
15742,8-4-8-1-0-1,3* 5 3* 2 1 2,6,1.0,False,lesion>control
15743,8-4-8-1-0-8,3* 5 3* 2 1 3*,6,1.0,False,lesion>control
15744,8-4-8-1-4-5,3* 5 3* 2 5 6,6,1.0,False,lesion>control
15745,8-4-8-1-5-3,3* 5 3* 2 6 4,6,1.0,False,lesion>control
15746,8-4-8-3-1-8,3* 5 3* 4 2 3*,6,1.0,False,lesion>control
15747,8-4-8-3-5-4,3* 5 3* 4 6 5,6,1.0,False,control>lesion
15748,8-4-8-3-8-5,3* 5 3* 4 3* 6,6,1.0,False,lesion>control
15749,8-4-8-4-0-3,3* 5 3* 5 1 4,6,1.0,False,lesion>control
15750,8-4-8-4-3-4,3* 5 3* 5 4 5,6,1.0,False,control>lesion
15751,8-4-8-4-5-8,3* 5 3* 5 6 3*,6,1.0,False,control>lesion
15752,8-4-8-4-8-7,3* 5 3* 5 3* 2*,6,1.0,False,lesion>control
15753,8-4-8-4-8-9,3* 5 3* 5 3* 4*,6,1.0,False,lesion>control
15754,8-4-8-5-1-8,3* 5 3* 6 2 3*,6,1.0,False,lesion>control
15755,8-4-8-5-8-1,3* 5 3* 6 3* 2,6,1.0,False,control>lesion
15756,8-4-8-5-8-3,3* 5 3* 6 3* 4,6,1.0,False,lesion>control
15757,8-4-8-7-0-4,3* 5 3* 2* 1 5,6,1.0,False,lesion>control
15758,8-4-8-7-0-5,3* 5 3* 2* 1 6,6,1.0,False,lesion>control
15759,8-4-8-7-3-8,3* 5 3* 2* 4 3*,6,1.0,False,lesion>control
15760,8-4-8-7-8-7,3* 5 3* 2* 3* 2*,6,1.0,False,lesion>control
15761,8-4-9-8-3-8,3* 5 4* 3* 4 3*,6,1.0,False,control>lesion
15762,8-5-0-1-0-8,3* 6 1 2 1 3*,6,1.0,False,lesion>control
15763,8-5-0-1-3-4,3* 6 1 2 4 5,6,1.0,False,control>lesion
15764,8-5-0-1-5-0,3* 6 1 2 6 1,6,1.0,False,lesion>control
15765,8-5-0-1-5-8,3* 6 1 2 6 3*,6,1.0,False,lesion>control
15766,8-5-0-1-8-9,3* 6 1 2 3* 4*,6,1.0,False,control>lesion
15767,8-5-0-2-5-0,3* 6 1 3 6 1,6,1.0,False,lesion>control
15768,8-5-0-2-9-4,3* 6 1 3 4* 5,6,1.0,False,control>lesion
15769,8-5-0-3-0-3,3* 6 1 4 1 4,6,1.0,False,lesion>control
15770,8-5-0-3-8-0,3* 6 1 4 3* 1,6,1.0,False,control>lesion
15771,8-5-0-3-8-7,3* 6 1 4 3* 2*,6,1.0,False,control>lesion
15772,8-5-0-4-2-0,3* 6 1 5 3 1,6,1.0,False,lesion>control
15773,8-5-0-4-5-8,3* 6 1 5 6 3*,6,1.0,False,control>lesion
15774,8-5-0-4-8-7,3* 6 1 5 3* 2*,6,1.0,False,control>lesion
15775,8-5-0-5-0-3,3* 6 1 6 1 4,6,1.0,False,lesion>control
15776,8-5-0-5-0-4,3* 6 1 6 1 5,6,1.0,False,lesion>control
15777,8-5-0-5-1-8,3* 6 1 6 2 3*,6,1.0,False,control>lesion
15778,8-5-0-5-4-3,3* 6 1 6 5 4,6,1.0,False,control>lesion
15779,8-5-0-5-8-1,3* 6 1 6 3* 2,6,1.0,False,lesion>control
15780,8-5-0-7-3-5,3* 6 1 2* 4 6,6,1.0,False,lesion>control
15781,8-5-0-7-5-4,3* 6 1 2* 6 5,6,1.0,False,lesion>control
15782,8-5-0-7-8-4,3* 6 1 2* 3* 5,6,1.0,False,lesion>control
15783,8-5-0-8-0-8,3* 6 1 3* 1 3*,6,1.0,False,control>lesion
15784,8-5-0-8-3-8,3* 6 1 3* 4 3*,6,1.0,False,lesion>control
15785,8-5-0-8-7-0,3* 6 1 3* 2* 1,6,1.0,False,lesion>control
15786,8-5-1-0-1-0,3* 6 2 1 2 1,6,1.0,False,control>lesion
15787,8-5-1-0-1-5,3* 6 2 1 2 6,6,1.0,False,lesion>control
15788,8-5-1-0-5-3,3* 6 2 1 6 4,6,1.0,False,control>lesion
15789,8-5-1-3-1-8,3* 6 2 4 2 3*,6,1.0,False,control>lesion
15790,8-5-1-3-4-5,3* 6 2 4 5 6,6,1.0,False,control>lesion
15791,8-5-1-3-8-7,3* 6 2 4 3* 2*,6,1.0,False,lesion>control
15792,8-5-1-4-1-0,3* 6 2 5 2 1,6,1.0,False,lesion>control
15793,8-5-1-5-2-9,3* 6 2 6 3 4*,6,1.0,False,lesion>control
15794,8-5-1-5-8-1,3* 6 2 6 3* 2,6,1.0,False,lesion>control
15795,8-5-1-5-8-5,3* 6 2 6 3* 6,6,1.0,False,lesion>control
15796,8-5-1-8-1-2,3* 6 2 3* 2 3,6,1.0,False,lesion>control
15797,8-5-1-8-1-3,3* 6 2 3* 2 4,6,1.0,False,control>lesion
15798,8-5-1-8-5-8,3* 6 2 3* 6 3*,6,1.0,False,lesion>control
15799,8-5-1-9-8-3,3* 6 2 4* 3* 4,6,1.0,False,control>lesion
15800,8-5-2-0-2-1,3* 6 3 1 3 2,6,1.0,False,lesion>control
15801,8-5-2-0-2-5,3* 6 3 1 3 6,6,1.0,False,control>lesion
15802,8-5-2-0-5-0,3* 6 3 1 6 1,6,1.0,False,lesion>control
15803,8-5-2-0-5-9,3* 6 3 1 6 4*,6,1.0,False,lesion>control
15804,8-5-2-0-7-8,3* 6 3 1 2* 3*,6,1.0,False,control>lesion
15805,8-5-2-0-9-8,3* 6 3 1 4* 3*,6,1.0,False,lesion>control
15806,8-5-2-1-8-5,3* 6 3 2 3* 6,6,1.0,False,lesion>control
15807,8-5-2-3-0-8,3* 6 3 4 1 3*,6,1.0,False,control>lesion
15808,8-5-2-3-1-8,3* 6 3 4 2 3*,6,1.0,False,lesion>control
15809,8-5-2-3-2-5,3* 6 3 4 3 6,6,1.0,False,lesion>control
15810,8-5-2-3-5-8,3* 6 3 4 6 3*,6,1.0,False,lesion>control
15811,8-5-2-4-7-3,3* 6 3 5 2* 4,6,1.0,False,lesion>control
15812,8-5-2-4-8-0,3* 6 3 5 3* 1,6,1.0,False,lesion>control
15813,8-5-2-4-8-5,3* 6 3 5 3* 6,6,1.0,False,control>lesion
15814,8-5-2-5-0-4,3* 6 3 6 1 5,6,1.0,False,lesion>control
15815,8-5-2-5-2-1,3* 6 3 6 3 2,6,1.0,False,lesion>control
15816,8-5-2-5-2-5,3* 6 3 6 3 6,6,1.0,False,lesion>control
15817,8-5-2-5-8-0,3* 6 3 6 3* 1,6,1.0,False,lesion>control
15818,8-5-2-7-0-3,3* 6 3 2* 1 4,6,1.0,False,lesion>control
15819,8-5-2-7-3-4,3* 6 3 2* 4 5,6,1.0,False,lesion>control
15820,8-5-2-7-3-8,3* 6 3 2* 4 3*,6,1.0,False,lesion>control
15821,8-5-2-7-4-8,3* 6 3 2* 5 3*,6,1.0,False,control>lesion
15822,8-5-2-7-5-0,3* 6 3 2* 6 1,6,1.0,False,lesion>control
15823,8-5-2-7-5-4,3* 6 3 2* 6 5,6,1.0,False,lesion>control
15824,8-5-2-7-5-8,3* 6 3 2* 6 3*,6,1.0,False,lesion>control
15825,8-5-2-7-8-1,3* 6 3 2* 3* 2,6,1.0,False,lesion>control
15826,8-5-2-7-8-4,3* 6 3 2* 3* 5,6,1.0,False,control>lesion
15827,8-5-2-7-8-5,3* 6 3 2* 3* 6,6,1.0,False,lesion>control
15828,8-5-2-8-5-3,3* 6 3 3* 6 4,6,1.0,False,lesion>control
15829,8-5-2-9-8-3,3* 6 3 4* 3* 4,6,1.0,False,control>lesion
15830,8-5-2-9-8-5,3* 6 3 4* 3* 6,6,1.0,False,lesion>control
15831,8-5-3-0-3-0,3* 6 4 1 4 1,6,1.0,False,lesion>control
15832,8-5-3-0-5-0,3* 6 4 1 6 1,6,1.0,False,lesion>control
15833,8-5-3-1-3-8,3* 6 4 2 4 3*,6,1.0,False,lesion>control
15834,8-5-3-1-5-1,3* 6 4 2 6 2,6,1.0,False,lesion>control
15835,8-5-3-1-8-1,3* 6 4 2 3* 2,6,1.0,False,control>lesion
15836,8-5-3-2-7-3,3* 6 4 3 2* 4,6,1.0,False,control>lesion
15837,8-5-3-4-5-8,3* 6 4 5 6 3*,6,1.0,False,control>lesion
15838,8-5-3-5-0-1,3* 6 4 6 1 2,6,1.0,False,lesion>control
15839,8-5-3-5-0-5,3* 6 4 6 1 6,6,1.0,False,control>lesion
15840,8-5-3-5-3-0,3* 6 4 6 4 1,6,1.0,False,control>lesion
15841,8-5-3-5-3-8,3* 6 4 6 4 3*,6,1.0,False,lesion>control
15842,8-5-3-7-0-1,3* 6 4 2* 1 2,6,1.0,False,control>lesion
15843,8-5-3-8-0-8,3* 6 4 3* 1 3*,6,1.0,False,lesion>control
15844,8-5-3-8-3-0,3* 6 4 3* 4 1,6,1.0,False,control>lesion
15845,8-5-3-8-3-4,3* 6 4 3* 4 5,6,1.0,False,control>lesion
15846,8-5-3-8-3-5,3* 6 4 3* 4 6,6,1.0,False,control>lesion
15847,8-5-4-0-1-0,3* 6 5 1 2 1,6,1.0,False,control>lesion
15848,8-5-4-0-1-8,3* 6 5 1 2 3*,6,1.0,False,control>lesion
15849,8-5-4-0-3-5,3* 6 5 1 4 6,6,1.0,False,control>lesion
15850,8-5-4-1-0-1,3* 6 5 2 1 2,6,1.0,False,lesion>control
15851,8-5-4-1-0-3,3* 6 5 2 1 4,6,1.0,False,control>lesion
15852,8-5-4-1-3-8,3* 6 5 2 4 3*,6,1.0,False,control>lesion
15853,8-5-4-1-4-0,3* 6 5 2 5 1,6,1.0,False,lesion>control
15854,8-5-4-1-5-2,3* 6 5 2 6 3,6,1.0,False,control>lesion
15855,8-5-4-1-8-1,3* 6 5 2 3* 2,6,1.0,False,lesion>control
15856,8-5-4-2-7-8,3* 6 5 3 2* 3*,6,1.0,False,lesion>control
15857,8-5-4-3-0-3,3* 6 5 4 1 4,6,1.0,False,lesion>control
15858,8-5-4-3-1-0,3* 6 5 4 2 1,6,1.0,False,control>lesion
15859,8-5-4-3-4-8,3* 6 5 4 5 3*,6,1.0,False,control>lesion
15860,8-5-4-3-5-4,3* 6 5 4 6 5,6,1.0,False,control>lesion
15861,8-5-4-3-8-0,3* 6 5 4 3* 1,6,1.0,False,lesion>control
15862,8-5-4-3-8-4,3* 6 5 4 3* 5,6,1.0,False,lesion>control
15863,8-5-4-3-8-8,3* 6 5 4 3* 3*,6,1.0,False,control>lesion
15864,8-5-4-3-8-9,3* 6 5 4 3* 4*,6,1.0,False,control>lesion
15865,8-5-4-5-3-1,3* 6 5 6 4 2,6,1.0,False,lesion>control
15866,8-5-4-5-3-8,3* 6 5 6 4 3*,6,1.0,False,control>lesion
15867,8-5-4-5-4-3,3* 6 5 6 5 4,6,1.0,False,control>lesion
15868,8-5-4-5-8-3,3* 6 5 6 3* 4,6,1.0,False,control>lesion
15869,8-5-4-7-0-5,3* 6 5 2* 1 6,6,1.0,False,lesion>control
15870,8-5-4-8-0-1,3* 6 5 3* 1 2,6,1.0,False,control>lesion
15871,8-5-4-8-0-3,3* 6 5 3* 1 4,6,1.0,False,lesion>control
15872,8-5-4-8-3-8,3* 6 5 3* 4 3*,6,1.0,False,lesion>control
15873,8-5-4-8-4-3,3* 6 5 3* 5 4,6,1.0,False,control>lesion
15874,8-5-4-8-5-4,3* 6 5 3* 6 5,6,1.0,False,control>lesion
15875,8-5-4-8-7-8,3* 6 5 3* 2* 3*,6,1.0,False,lesion>control
15876,8-5-4-8-9-4,3* 6 5 3* 4* 5,6,1.0,False,control>lesion
15877,8-5-4-9-8-5,3* 6 5 4* 3* 6,6,1.0,False,lesion>control
15878,8-5-7-0-3-8,3* 6 2* 1 4 3*,6,1.0,False,lesion>control
15879,8-5-7-8-9-5,3* 6 2* 3* 4* 6,6,1.0,False,control>lesion
15880,8-5-8-0-1-0,3* 6 3* 1 2 1,6,1.0,False,lesion>control
15881,8-5-8-0-1-3,3* 6 3* 1 2 4,6,1.0,False,lesion>control
15882,8-5-8-0-2-3,3* 6 3* 1 3 4,6,1.0,False,lesion>control
15883,8-5-8-0-8-4,3* 6 3* 1 3* 5,6,1.0,False,control>lesion
15884,8-5-8-0-9-8,3* 6 3* 1 4* 3*,6,1.0,False,control>lesion
15885,8-5-8-1-0-4,3* 6 3* 2 1 5,6,1.0,False,control>lesion
15886,8-5-8-1-0-5,3* 6 3* 2 1 6,6,1.0,False,lesion>control
15887,8-5-8-1-0-8,3* 6 3* 2 1 3*,6,1.0,False,lesion>control
15888,8-5-8-1-3-8,3* 6 3* 2 4 3*,6,1.0,False,lesion>control
15889,8-5-8-1-8-0,3* 6 3* 2 3* 1,6,1.0,False,lesion>control
15890,8-5-8-3-2-1,3* 6 3* 4 3 2,6,1.0,False,lesion>control
15891,8-5-8-3-8-5,3* 6 3* 4 3* 6,6,1.0,False,lesion>control
15892,8-5-8-4-2-1,3* 6 3* 5 3 2,6,1.0,False,lesion>control
15893,8-5-8-4-5-0,3* 6 3* 5 6 1,6,1.0,False,control>lesion
15894,8-5-8-4-5-8,3* 6 3* 5 6 3*,6,1.0,False,lesion>control
15895,8-5-8-5-2-7,3* 6 3* 6 3 2*,6,1.0,False,lesion>control
15896,8-5-8-5-4-5,3* 6 3* 6 5 6,6,1.0,False,lesion>control
15897,8-5-8-5-8-1,3* 6 3* 6 3* 2,6,1.0,False,lesion>control
15898,8-5-8-7-0-8,3* 6 3* 2* 1 3*,6,1.0,False,control>lesion
15899,8-5-8-7-3-8,3* 6 3* 2* 4 3*,6,1.0,False,lesion>control
15900,8-5-8-7-8-1,3* 6 3* 2* 3* 2,6,1.0,False,control>lesion
15901,8-5-8-7-8-5,3* 6 3* 2* 3* 6,6,1.0,False,lesion>control
15902,8-5-8-9-4-5,3* 6 3* 4* 5 6,6,1.0,False,control>lesion
15903,8-5-8-9-5-4,3* 6 3* 4* 6 5,6,1.0,False,control>lesion
15904,8-5-8-9-5-8,3* 6 3* 4* 6 3*,6,1.0,False,lesion>control
15905,8-5-9-1-5-8,3* 6 4* 2 6 3*,6,1.0,False,lesion>control
15906,8-5-9-5-1-0,3* 6 4* 6 2 1,6,1.0,False,control>lesion
15907,8-5-9-8-0-1,3* 6 4* 3* 1 2,6,1.0,False,lesion>control
15908,8-5-9-8-0-7,3* 6 4* 3* 1 2*,6,1.0,False,lesion>control
15909,8-7-0-1-1-8,3* 2* 1 2 2 3*,6,1.0,False,lesion>control
15910,8-7-0-1-3-0,3* 2* 1 2 4 1,6,1.0,False,control>lesion
15911,8-7-0-1-4-8,3* 2* 1 2 5 3*,6,1.0,False,control>lesion
15912,8-7-0-3-0-1,3* 2* 1 4 1 2,6,1.0,False,lesion>control
15913,8-7-0-3-1-3,3* 2* 1 4 2 4,6,1.0,False,lesion>control
15914,8-7-0-3-1-4,3* 2* 1 4 2 5,6,1.0,False,lesion>control
15915,8-7-0-3-1-8,3* 2* 1 4 2 3*,6,1.0,False,lesion>control
15916,8-7-0-3-2-1,3* 2* 1 4 3 2,6,1.0,False,control>lesion
15917,8-7-0-3-4-0,3* 2* 1 4 5 1,6,1.0,False,lesion>control
15918,8-7-0-3-4-1,3* 2* 1 4 5 2,6,1.0,False,control>lesion
15919,8-7-0-4-3-1,3* 2* 1 5 4 2,6,1.0,False,control>lesion
15920,8-7-0-4-3-5,3* 2* 1 5 4 6,6,1.0,False,control>lesion
15921,8-7-0-4-8-5,3* 2* 1 5 3* 6,6,1.0,False,control>lesion
15922,8-7-0-5-0-5,3* 2* 1 6 1 6,6,1.0,False,lesion>control
15923,8-7-0-5-1-8,3* 2* 1 6 2 3*,6,1.0,False,control>lesion
15924,8-7-0-5-3-0,3* 2* 1 6 4 1,6,1.0,False,lesion>control
15925,8-7-0-5-3-1,3* 2* 1 6 4 2,6,1.0,False,lesion>control
15926,8-7-0-5-3-5,3* 2* 1 6 4 6,6,1.0,False,control>lesion
15927,8-7-0-5-8-0,3* 2* 1 6 3* 1,6,1.0,False,lesion>control
15928,8-7-0-5-8-5,3* 2* 1 6 3* 6,6,1.0,False,control>lesion
15929,8-7-0-5-8-9,3* 2* 1 6 3* 4*,6,1.0,False,control>lesion
15930,8-7-0-8-0-1,3* 2* 1 3* 1 2,6,1.0,False,lesion>control
15931,8-7-0-8-0-2,3* 2* 1 3* 1 3,6,1.0,False,control>lesion
15932,8-7-0-8-0-5,3* 2* 1 3* 1 6,6,1.0,False,control>lesion
15933,8-7-0-8-0-8,3* 2* 1 3* 1 3*,6,1.0,False,control>lesion
15934,8-7-0-8-1-4,3* 2* 1 3* 2 5,6,1.0,False,lesion>control
15935,8-7-0-8-3-4,3* 2* 1 3* 4 5,6,1.0,False,control>lesion
15936,8-7-0-8-3-8,3* 2* 1 3* 4 3*,6,1.0,False,control>lesion
15937,8-7-0-8-4-8,3* 2* 1 3* 5 3*,6,1.0,False,lesion>control
15938,8-7-0-8-5-4,3* 2* 1 3* 6 5,6,1.0,False,lesion>control
15939,8-7-0-8-9-0,3* 2* 1 3* 4* 1,6,1.0,False,lesion>control
15940,8-7-1-0-8-9,3* 2* 2 1 3* 4*,6,1.0,False,control>lesion
15941,8-7-1-3-4-5,3* 2* 2 4 5 6,6,1.0,False,lesion>control
15942,8-7-1-5-8-1,3* 2* 2 6 3* 2,6,1.0,False,control>lesion
15943,8-7-1-8-0-1,3* 2* 2 3* 1 2,6,1.0,False,lesion>control
15944,8-7-1-8-9-4,3* 2* 2 3* 4* 5,6,1.0,False,control>lesion
15945,8-7-2-0-2-1,3* 2* 3 1 3 2,6,1.0,False,lesion>control
15946,8-7-2-1-8-4,3* 2* 3 2 3* 5,6,1.0,False,lesion>control
15947,8-7-2-4-3-8,3* 2* 3 5 4 3*,6,1.0,False,lesion>control
15948,8-7-3-0-3-0,3* 2* 4 1 4 1,6,1.0,False,lesion>control
15949,8-7-3-0-3-8,3* 2* 4 1 4 3*,6,1.0,False,control>lesion
15950,8-7-3-0-5-4,3* 2* 4 1 6 5,6,1.0,False,control>lesion
15951,8-7-3-1-0-1,3* 2* 4 2 1 2,6,1.0,False,lesion>control
15952,8-7-3-1-0-5,3* 2* 4 2 1 6,6,1.0,False,control>lesion
15953,8-7-3-1-0-8,3* 2* 4 2 1 3*,6,1.0,False,lesion>control
15954,8-7-3-1-3-4,3* 2* 4 2 4 5,6,1.0,False,lesion>control
15955,8-7-3-1-8-1,3* 2* 4 2 3* 2,6,1.0,False,lesion>control
15956,8-7-3-1-8-9,3* 2* 4 2 3* 4*,6,1.0,False,lesion>control
15957,8-7-3-4-0-4,3* 2* 4 5 1 5,6,1.0,False,control>lesion
15958,8-7-3-4-0-8,3* 2* 4 5 1 3*,6,1.0,False,control>lesion
15959,8-7-3-4-3-4,3* 2* 4 5 4 5,6,1.0,False,lesion>control
15960,8-7-3-4-3-5,3* 2* 4 5 4 6,6,1.0,False,control>lesion
15961,8-7-3-4-5-0,3* 2* 4 5 6 1,6,1.0,False,control>lesion
15962,8-7-3-4-8-5,3* 2* 4 5 3* 6,6,1.0,False,lesion>control
15963,8-7-3-5-4-0,3* 2* 4 6 5 1,6,1.0,False,control>lesion
15964,8-7-3-5-4-5,3* 2* 4 6 5 6,6,1.0,False,control>lesion
15965,8-7-3-5-8-0,3* 2* 4 6 3* 1,6,1.0,False,control>lesion
15966,8-7-3-8-3-0,3* 2* 4 3* 4 1,6,1.0,False,lesion>control
15967,8-7-3-8-3-5,3* 2* 4 3* 4 6,6,1.0,False,lesion>control
15968,8-7-3-8-5-1,3* 2* 4 3* 6 2,6,1.0,False,lesion>control
15969,8-7-3-8-9-1,3* 2* 4 3* 4* 2,6,1.0,False,lesion>control
15970,8-7-4-0-1-5,3* 2* 5 1 2 6,6,1.0,False,control>lesion
15971,8-7-4-1-3-0,3* 2* 5 2 4 1,6,1.0,False,lesion>control
15972,8-7-4-1-8-1,3* 2* 5 2 3* 2,6,1.0,False,control>lesion
15973,8-7-4-3-4-5,3* 2* 5 4 5 6,6,1.0,False,lesion>control
15974,8-7-4-3-8-3,3* 2* 5 4 3* 4,6,1.0,False,lesion>control
15975,8-7-4-5-1-8,3* 2* 5 6 2 3*,6,1.0,False,lesion>control
15976,8-7-4-5-3-8,3* 2* 5 6 4 3*,6,1.0,False,lesion>control
15977,8-7-4-5-8-0,3* 2* 5 6 3* 1,6,1.0,False,control>lesion
15978,8-7-4-8-0-1,3* 2* 5 3* 1 2,6,1.0,False,lesion>control
15979,8-7-4-8-3-2,3* 2* 5 3* 4 3,6,1.0,False,lesion>control
15980,8-7-4-8-5-2,3* 2* 5 3* 6 3,6,1.0,False,lesion>control
15981,8-7-4-8-7-8,3* 2* 5 3* 2* 3*,6,1.0,False,control>lesion
15982,8-7-5-0-5-8,3* 2* 6 1 6 3*,6,1.0,False,control>lesion
15983,8-7-5-1-5-1,3* 2* 6 2 6 2,6,1.0,False,lesion>control
15984,8-7-5-3-2-1,3* 2* 6 4 3 2,6,1.0,False,control>lesion
15985,8-7-5-3-4-8,3* 2* 6 4 5 3*,6,1.0,False,lesion>control
15986,8-7-5-3-8-0,3* 2* 6 4 3* 1,6,1.0,False,lesion>control
15987,8-7-5-4-1-0,3* 2* 6 5 2 1,6,1.0,False,control>lesion
15988,8-7-5-4-3-4,3* 2* 6 5 4 5,6,1.0,False,lesion>control
15989,8-7-5-4-8-7,3* 2* 6 5 3* 2*,6,1.0,False,lesion>control
15990,8-7-5-8-0-1,3* 2* 6 3* 1 2,6,1.0,False,lesion>control
15991,8-7-5-8-0-3,3* 2* 6 3* 1 4,6,1.0,False,lesion>control
15992,8-7-5-8-5-8,3* 2* 6 3* 6 3*,6,1.0,False,lesion>control
15993,8-7-5-8-9-5,3* 2* 6 3* 4* 6,6,1.0,False,lesion>control
15994,8-7-8-0-1-0,3* 2* 3* 1 2 1,6,1.0,False,lesion>control
15995,8-7-8-0-2-1,3* 2* 3* 1 3 2,6,1.0,False,lesion>control
15996,8-7-8-0-3-0,3* 2* 3* 1 4 1,6,1.0,False,lesion>control
15997,8-7-8-0-3-4,3* 2* 3* 1 4 5,6,1.0,False,control>lesion
15998,8-7-8-0-3-5,3* 2* 3* 1 4 6,6,1.0,False,control>lesion
15999,8-7-8-0-5-2,3* 2* 3* 1 6 3,6,1.0,False,lesion>control
16000,8-7-8-1-1-8,3* 2* 3* 2 2 3*,6,1.0,False,control>lesion
16001,8-7-8-1-2-1,3* 2* 3* 2 3 2,6,1.0,False,control>lesion
16002,8-7-8-1-2-5,3* 2* 3* 2 3 6,6,1.0,False,control>lesion
16003,8-7-8-1-4-5,3* 2* 3* 2 5 6,6,1.0,False,lesion>control
16004,8-7-8-1-9-8,3* 2* 3* 2 4* 3*,6,1.0,False,control>lesion
16005,8-7-8-3-8-7,3* 2* 3* 4 3* 2*,6,1.0,False,control>lesion
16006,8-7-8-4-2-5,3* 2* 3* 5 3 6,6,1.0,False,control>lesion
16007,8-7-8-4-5-0,3* 2* 3* 5 6 1,6,1.0,False,control>lesion
16008,8-7-8-4-5-8,3* 2* 3* 5 6 3*,6,1.0,False,lesion>control
16009,8-7-8-4-8-4,3* 2* 3* 5 3* 5,6,1.0,False,lesion>control
16010,8-7-8-4-8-7,3* 2* 3* 5 3* 2*,6,1.0,False,lesion>control
16011,8-7-8-5-0-2,3* 2* 3* 6 1 3,6,1.0,False,lesion>control
16012,8-7-8-5-1-8,3* 2* 3* 6 2 3*,6,1.0,False,control>lesion
16013,8-7-8-5-2-5,3* 2* 3* 6 3 6,6,1.0,False,lesion>control
16014,8-7-8-5-4-1,3* 2* 3* 6 5 2,6,1.0,False,lesion>control
16015,8-7-8-5-4-8,3* 2* 3* 6 5 3*,6,1.0,False,control>lesion
16016,8-7-8-5-4-9,3* 2* 3* 6 5 4*,6,1.0,False,control>lesion
16017,8-7-8-5-7-8,3* 2* 3* 6 2* 3*,6,1.0,False,lesion>control
16018,8-7-8-5-8-4,3* 2* 3* 6 3* 5,6,1.0,False,lesion>control
16019,8-7-8-5-8-5,3* 2* 3* 6 3* 6,6,1.0,False,lesion>control
16020,8-7-8-5-8-7,3* 2* 3* 6 3* 2*,6,1.0,False,lesion>control
16021,8-7-8-5-9-1,3* 2* 3* 6 4* 2,6,1.0,False,lesion>control
16022,8-7-8-7-0-5,3* 2* 3* 2* 1 6,6,1.0,False,lesion>control
16023,8-7-8-7-3-5,3* 2* 3* 2* 4 6,6,1.0,False,lesion>control
16024,8-7-8-7-5-4,3* 2* 3* 2* 6 5,6,1.0,False,lesion>control
16025,8-7-8-7-8-5,3* 2* 3* 2* 3* 6,6,1.0,False,control>lesion
16026,8-7-8-8-9-5,3* 2* 3* 3* 4* 6,6,1.0,False,control>lesion
16027,8-7-8-9-0-4,3* 2* 3* 4* 1 5,6,1.0,False,lesion>control
16028,8-7-8-9-0-5,3* 2* 3* 4* 1 6,6,1.0,False,control>lesion
16029,8-7-8-9-1-5,3* 2* 3* 4* 2 6,6,1.0,False,control>lesion
16030,8-7-8-9-2-8,3* 2* 3* 4* 3 3*,6,1.0,False,control>lesion
16031,8-7-8-9-3-0,3* 2* 3* 4* 4 1,6,1.0,False,lesion>control
16032,8-7-8-9-3-1,3* 2* 3* 4* 4 2,6,1.0,False,lesion>control
16033,8-7-8-9-4-0,3* 2* 3* 4* 5 1,6,1.0,False,control>lesion
16034,8-7-8-9-4-1,3* 2* 3* 4* 5 2,6,1.0,False,lesion>control
16035,8-7-8-9-8-1,3* 2* 3* 4* 3* 2,6,1.0,False,control>lesion
16036,8-7-8-9-8-8,3* 2* 3* 4* 3* 3*,6,1.0,False,lesion>control
16037,8-8-0-1-8-4,3* 3* 1 2 3* 5,6,1.0,False,control>lesion
16038,8-8-0-1-8-9,3* 3* 1 2 3* 4*,6,1.0,False,control>lesion
16039,8-8-0-4-8-7,3* 3* 1 5 3* 2*,6,1.0,False,lesion>control
16040,8-8-5-3-1-0,3* 3* 6 4 2 1,6,1.0,False,control>lesion
16041,8-8-5-4-8-9,3* 3* 6 5 3* 4*,6,1.0,False,lesion>control
16042,8-8-7-0-1-5,3* 3* 2* 1 2 6,6,1.0,False,control>lesion
16043,8-8-7-0-5-8,3* 3* 2* 1 6 3*,6,1.0,False,lesion>control
16044,8-8-7-0-8-9,3* 3* 2* 1 3* 4*,6,1.0,False,control>lesion
16045,8-8-7-3-4-5,3* 3* 2* 4 5 6,6,1.0,False,control>lesion
16046,8-8-7-3-8-0,3* 3* 2* 4 3* 1,6,1.0,False,control>lesion
16047,8-8-9-0-4-8,3* 3* 4* 1 5 3*,6,1.0,False,control>lesion
16048,8-8-9-1-8-1,3* 3* 4* 2 3* 2,6,1.0,False,lesion>control
16049,8-8-9-4-5-4,3* 3* 4* 5 6 5,6,1.0,False,control>lesion
16050,8-8-9-5-3-8,3* 3* 4* 6 4 3*,6,1.0,False,control>lesion
16051,8-8-9-5-8-7,3* 3* 4* 6 3* 2*,6,1.0,False,control>lesion
16052,8-8-9-8-5-2,3* 3* 4* 3* 6 3,6,1.0,False,lesion>control
16053,8-8-9-8-7-0,3* 3* 4* 3* 2* 1,6,1.0,False,control>lesion
16054,8-9-0-1-3-4,3* 4* 1 2 4 5,6,1.0,False,lesion>control
16055,8-9-0-1-5-1,3* 4* 1 2 6 2,6,1.0,False,lesion>control
16056,8-9-0-1-8-1,3* 4* 1 2 3* 2,6,1.0,False,control>lesion
16057,8-9-0-1-8-5,3* 4* 1 2 3* 6,6,1.0,False,control>lesion
16058,8-9-0-3-0-8,3* 4* 1 4 1 3*,6,1.0,False,lesion>control
16059,8-9-0-3-8-3,3* 4* 1 4 3* 4,6,1.0,False,control>lesion
16060,8-9-0-4-8-0,3* 4* 1 5 3* 1,6,1.0,False,control>lesion
16061,8-9-0-5-0-5,3* 4* 1 6 1 6,6,1.0,False,control>lesion
16062,8-9-0-5-1-8,3* 4* 1 6 2 3*,6,1.0,False,control>lesion
16063,8-9-0-5-4-8,3* 4* 1 6 5 3*,6,1.0,False,lesion>control
16064,8-9-0-5-8-7,3* 4* 1 6 3* 2*,6,1.0,False,control>lesion
16065,8-9-0-8-3-4,3* 4* 1 3* 4 5,6,1.0,False,lesion>control
16066,8-9-0-8-3-8,3* 4* 1 3* 4 3*,6,1.0,False,lesion>control
16067,8-9-0-8-5-2,3* 4* 1 3* 6 3,6,1.0,False,lesion>control
16068,8-9-0-8-5-8,3* 4* 1 3* 6 3*,6,1.0,False,lesion>control
16069,8-9-0-8-7-0,3* 4* 1 3* 2* 1,6,1.0,False,control>lesion
16070,8-9-1-0-1-3,3* 4* 2 1 2 4,6,1.0,False,control>lesion
16071,8-9-1-0-1-5,3* 4* 2 1 2 6,6,1.0,False,lesion>control
16072,8-9-1-0-3-1,3* 4* 2 1 4 2,6,1.0,False,lesion>control
16073,8-9-1-0-3-4,3* 4* 2 1 4 5,6,1.0,False,lesion>control
16074,8-9-1-0-5-0,3* 4* 2 1 6 1,6,1.0,False,control>lesion
16075,8-9-1-0-5-3,3* 4* 2 1 6 4,6,1.0,False,control>lesion
16076,8-9-1-0-5-4,3* 4* 2 1 6 5,6,1.0,False,control>lesion
16077,8-9-1-3-1-0,3* 4* 2 4 2 1,6,1.0,False,lesion>control
16078,8-9-1-3-1-3,3* 4* 2 4 2 4,6,1.0,False,lesion>control
16079,8-9-1-3-4-1,3* 4* 2 4 5 2,6,1.0,False,control>lesion
16080,8-9-1-3-4-8,3* 4* 2 4 5 3*,6,1.0,False,lesion>control
16081,8-9-1-3-5-3,3* 4* 2 4 6 4,6,1.0,False,control>lesion
16082,8-9-1-3-5-8,3* 4* 2 4 6 3*,6,1.0,False,lesion>control
16083,8-9-1-4-8-1,3* 4* 2 5 3* 2,6,1.0,False,control>lesion
16084,8-9-1-5-8-0,3* 4* 2 6 3* 1,6,1.0,False,control>lesion
16085,8-9-1-8-0-1,3* 4* 2 3* 1 2,6,1.0,False,lesion>control
16086,8-9-1-8-0-8,3* 4* 2 3* 1 3*,6,1.0,False,lesion>control
16087,8-9-1-8-1-5,3* 4* 2 3* 2 6,6,1.0,False,control>lesion
16088,8-9-1-8-3-1,3* 4* 2 3* 4 2,6,1.0,False,control>lesion
16089,8-9-1-8-4-5,3* 4* 2 3* 5 6,6,1.0,False,lesion>control
16090,8-9-1-8-5-4,3* 4* 2 3* 6 5,6,1.0,False,control>lesion
16091,8-9-1-8-5-8,3* 4* 2 3* 6 3*,6,1.0,False,lesion>control
16092,8-9-1-8-9-5,3* 4* 2 3* 4* 6,6,1.0,False,lesion>control
16093,8-9-2-1-3-2,3* 4* 3 2 4 3,6,1.0,False,lesion>control
16094,8-9-2-8-7-8,3* 4* 3 3* 2* 3*,6,1.0,False,control>lesion
16095,8-9-3-0-1-3,3* 4* 4 1 2 4,6,1.0,False,lesion>control
16096,8-9-3-0-1-8,3* 4* 4 1 2 3*,6,1.0,False,control>lesion
16097,8-9-3-0-8-4,3* 4* 4 1 3* 5,6,1.0,False,control>lesion
16098,8-9-3-1-0-8,3* 4* 4 2 1 3*,6,1.0,False,control>lesion
16099,8-9-3-1-8-1,3* 4* 4 2 3* 2,6,1.0,False,control>lesion
16100,8-9-3-1-8-5,3* 4* 4 2 3* 6,6,1.0,False,control>lesion
16101,8-9-3-1-8-9,3* 4* 4 2 3* 4*,6,1.0,False,lesion>control
16102,8-9-3-4-0-3,3* 4* 4 5 1 4,6,1.0,False,lesion>control
16103,8-9-3-4-5-0,3* 4* 4 5 6 1,6,1.0,False,control>lesion
16104,8-9-3-4-5-3,3* 4* 4 5 6 4,6,1.0,False,lesion>control
16105,8-9-3-4-5-4,3* 4* 4 5 6 5,6,1.0,False,control>lesion
16106,8-9-3-8-0-1,3* 4* 4 3* 1 2,6,1.0,False,control>lesion
16107,8-9-3-8-3-0,3* 4* 4 3* 4 1,6,1.0,False,control>lesion
16108,8-9-3-8-5-4,3* 4* 4 3* 6 5,6,1.0,False,lesion>control
16109,8-9-4-0-1-3,3* 4* 5 1 2 4,6,1.0,False,lesion>control
16110,8-9-4-0-5-0,3* 4* 5 1 6 1,6,1.0,False,lesion>control
16111,8-9-4-0-8-3,3* 4* 5 1 3* 4,6,1.0,False,control>lesion
16112,8-9-4-1-0-1,3* 4* 5 2 1 2,6,1.0,False,lesion>control
16113,8-9-4-1-3-0,3* 4* 5 2 4 1,6,1.0,False,lesion>control
16114,8-9-4-1-3-4,3* 4* 5 2 4 5,6,1.0,False,lesion>control
16115,8-9-4-1-8-9,3* 4* 5 2 3* 4*,6,1.0,False,control>lesion
16116,8-9-4-3-4-0,3* 4* 5 4 5 1,6,1.0,False,lesion>control
16117,8-9-4-3-5-3,3* 4* 5 4 6 4,6,1.0,False,control>lesion
16118,8-9-4-3-8-1,3* 4* 5 4 3* 2,6,1.0,False,lesion>control
16119,8-9-4-3-8-4,3* 4* 5 4 3* 5,6,1.0,False,control>lesion
16120,8-9-4-3-8-5,3* 4* 5 4 3* 6,6,1.0,False,lesion>control
16121,8-9-4-5-0-4,3* 4* 5 6 1 5,6,1.0,False,lesion>control
16122,8-9-4-5-1-3,3* 4* 5 6 2 4,6,1.0,False,control>lesion
16123,8-9-4-5-3-0,3* 4* 5 6 4 1,6,1.0,False,control>lesion
16124,8-9-4-8-0-2,3* 4* 5 3* 1 3,6,1.0,False,control>lesion
16125,8-9-4-8-3-0,3* 4* 5 3* 4 1,6,1.0,False,lesion>control
16126,8-9-4-8-4-0,3* 4* 5 3* 5 1,6,1.0,False,lesion>control
16127,8-9-4-8-7-4,3* 4* 5 3* 2* 5,6,1.0,False,lesion>control
16128,8-9-5-0-1-0,3* 4* 6 1 2 1,6,1.0,False,control>lesion
16129,8-9-5-0-5-0,3* 4* 6 1 6 1,6,1.0,False,lesion>control
16130,8-9-5-0-8-3,3* 4* 6 1 3* 4,6,1.0,False,lesion>control
16131,8-9-5-0-8-7,3* 4* 6 1 3* 2*,6,1.0,False,lesion>control
16132,8-9-5-1-0-1,3* 4* 6 2 1 2,6,1.0,False,control>lesion
16133,8-9-5-1-0-3,3* 4* 6 2 1 4,6,1.0,False,lesion>control
16134,8-9-5-1-0-4,3* 4* 6 2 1 5,6,1.0,False,control>lesion
16135,8-9-5-1-0-8,3* 4* 6 2 1 3*,6,1.0,False,control>lesion
16136,8-9-5-1-3-5,3* 4* 6 2 4 6,6,1.0,False,lesion>control
16137,8-9-5-1-4-0,3* 4* 6 2 5 1,6,1.0,False,control>lesion
16138,8-9-5-3-0-1,3* 4* 6 4 1 2,6,1.0,False,control>lesion
16139,8-9-5-3-0-8,3* 4* 6 4 1 3*,6,1.0,False,control>lesion
16140,8-9-5-3-4-8,3* 4* 6 4 5 3*,6,1.0,False,control>lesion
16141,8-9-5-3-8-1,3* 4* 6 4 3* 2,6,1.0,False,control>lesion
16142,8-9-5-4-0-1,3* 4* 6 5 1 2,6,1.0,False,control>lesion
16143,8-9-5-4-1-0,3* 4* 6 5 2 1,6,1.0,False,lesion>control
16144,8-9-5-4-3-4,3* 4* 6 5 4 5,6,1.0,False,control>lesion
16145,8-9-5-4-5-0,3* 4* 6 5 6 1,6,1.0,False,lesion>control
16146,8-9-5-4-8-0,3* 4* 6 5 3* 1,6,1.0,False,control>lesion
16147,8-9-5-8-3-0,3* 4* 6 3* 4 1,6,1.0,False,control>lesion
16148,8-9-5-8-5-2,3* 4* 6 3* 6 3,6,1.0,False,lesion>control
16149,8-9-5-8-9-5,3* 4* 6 3* 4* 6,6,1.0,False,lesion>control
16150,8-9-8-0-1-0,3* 4* 3* 1 2 1,6,1.0,False,control>lesion
16151,8-9-8-0-1-4,3* 4* 3* 1 2 5,6,1.0,False,lesion>control
16152,8-9-8-0-3-8,3* 4* 3* 1 4 3*,6,1.0,False,control>lesion
16153,8-9-8-0-4-3,3* 4* 3* 1 5 4,6,1.0,False,lesion>control
16154,8-9-8-0-5-0,3* 4* 3* 1 6 1,6,1.0,False,lesion>control
16155,8-9-8-0-8-4,3* 4* 3* 1 3* 5,6,1.0,False,control>lesion
16156,8-9-8-0-8-7,3* 4* 3* 1 3* 2*,6,1.0,False,control>lesion
16157,8-9-8-0-8-9,3* 4* 3* 1 3* 4*,6,1.0,False,control>lesion
16158,8-9-8-1-0-2,3* 4* 3* 2 1 3,6,1.0,False,control>lesion
16159,8-9-8-1-8-7,3* 4* 3* 2 3* 2*,6,1.0,False,control>lesion
16160,8-9-8-3-0-8,3* 4* 3* 4 1 3*,6,1.0,False,lesion>control
16161,8-9-8-3-1-5,3* 4* 3* 4 2 6,6,1.0,False,lesion>control
16162,8-9-8-3-2-3,3* 4* 3* 4 3 4,6,1.0,False,lesion>control
16163,8-9-8-3-2-5,3* 4* 3* 4 3 6,6,1.0,False,control>lesion
16164,8-9-8-3-3-5,3* 4* 3* 4 4 6,6,1.0,False,control>lesion
16165,8-9-8-3-5-1,3* 4* 3* 4 6 2,6,1.0,False,control>lesion
16166,8-9-8-4-1-8,3* 4* 3* 5 2 3*,6,1.0,False,lesion>control
16167,8-9-8-4-5-4,3* 4* 3* 5 6 5,6,1.0,False,control>lesion
16168,8-9-8-5-0-4,3* 4* 3* 6 1 5,6,1.0,False,control>lesion
16169,8-9-8-5-2-5,3* 4* 3* 6 3 6,6,1.0,False,lesion>control
16170,8-9-8-5-3-1,3* 4* 3* 6 4 2,6,1.0,False,control>lesion
16171,8-9-8-5-4-1,3* 4* 3* 6 5 2,6,1.0,False,lesion>control
16172,8-9-8-5-7-0,3* 4* 3* 6 2* 1,6,1.0,False,lesion>control
16173,8-9-8-5-8-5,3* 4* 3* 6 3* 6,6,1.0,False,lesion>control
16174,8-9-8-5-8-7,3* 4* 3* 6 3* 2*,6,1.0,False,lesion>control
16175,8-9-8-5-8-9,3* 4* 3* 6 3* 4*,6,1.0,False,lesion>control
16176,8-9-8-7-1-3,3* 4* 3* 2* 2 4,6,1.0,False,lesion>control
16177,8-9-8-7-1-5,3* 4* 3* 2* 2 6,6,1.0,False,control>lesion
16178,8-9-8-7-1-8,3* 4* 3* 2* 2 3*,6,1.0,False,control>lesion
16179,8-9-8-7-4-0,3* 4* 3* 2* 5 1,6,1.0,False,control>lesion
16180,8-9-8-7-4-1,3* 4* 3* 2* 5 2,6,1.0,False,control>lesion
16181,8-9-8-7-4-3,3* 4* 3* 2* 5 4,6,1.0,False,lesion>control
16182,8-9-8-7-4-5,3* 4* 3* 2* 5 6,6,1.0,False,lesion>control
16183,8-9-8-7-5-3,3* 4* 3* 2* 6 4,6,1.0,False,lesion>control
16184,8-9-8-7-8-8,3* 4* 3* 2* 3* 3*,6,1.0,False,control>lesion
16185,8-9-8-9-1-8,3* 4* 3* 4* 2 3*,6,1.0,False,lesion>control
16186,9-0-1-3-4-0,4* 1 2 4 5 1,6,1.0,False,lesion>control
16187,9-0-1-5-1-0,4* 1 2 6 2 1,6,1.0,False,lesion>control
16188,9-0-1-5-8-0,4* 1 2 6 3* 1,6,1.0,False,control>lesion
16189,9-0-1-8-1-8,4* 1 2 3* 2 3*,6,1.0,False,control>lesion
16190,9-0-1-8-5-8,4* 1 2 3* 6 3*,6,1.0,False,control>lesion
16191,9-0-1-8-9-4,4* 1 2 3* 4* 5,6,1.0,False,control>lesion
16192,9-0-1-8-9-5,4* 1 2 3* 4* 6,6,1.0,False,lesion>control
16193,9-0-3-0-8-3,4* 1 4 1 3* 4,6,1.0,False,lesion>control
16194,9-0-3-8-3-8,4* 1 4 3* 4 3*,6,1.0,False,control>lesion
16195,9-0-4-8-0-1,4* 1 5 3* 1 2,6,1.0,False,control>lesion
16196,9-0-5-0-5-0,4* 1 6 1 6 1,6,1.0,False,control>lesion
16197,9-0-5-1-8-9,4* 1 6 2 3* 4*,6,1.0,False,control>lesion
16198,9-0-5-4-8-7,4* 1 6 5 3* 2*,6,1.0,False,lesion>control
16199,9-0-5-8-7-0,4* 1 6 3* 2* 1,6,1.0,False,control>lesion
16200,9-0-8-0-3-2,4* 1 3* 1 4 3,6,1.0,False,lesion>control
16201,9-0-8-3-0-3,4* 1 3* 4 1 4,6,1.0,False,lesion>control
16202,9-0-8-3-4-0,4* 1 3* 4 5 1,6,1.0,False,lesion>control
16203,9-0-8-3-5-0,4* 1 3* 4 6 1,6,1.0,False,lesion>control
16204,9-0-8-3-5-4,4* 1 3* 4 6 5,6,1.0,False,control>lesion
16205,9-0-8-3-8-7,4* 1 3* 4 3* 2*,6,1.0,False,lesion>control
16206,9-0-8-5-2-5,4* 1 3* 6 3 6,6,1.0,False,lesion>control
16207,9-0-8-5-8-0,4* 1 3* 6 3* 1,6,1.0,False,lesion>control
16208,9-1-0-1-3-5,4* 2 1 2 4 6,6,1.0,False,control>lesion
16209,9-1-0-1-5-8,4* 2 1 2 6 3*,6,1.0,False,lesion>control
16210,9-1-0-1-8-1,4* 2 1 2 3* 2,6,1.0,False,control>lesion
16211,9-1-0-1-8-5,4* 2 1 2 3* 6,6,1.0,False,control>lesion
16212,9-1-0-3-1-8,4* 2 1 4 2 3*,6,1.0,False,lesion>control
16213,9-1-0-3-4-3,4* 2 1 4 5 4,6,1.0,False,lesion>control
16214,9-1-0-5-0-5,4* 2 1 6 1 6,6,1.0,False,control>lesion
16215,9-1-0-5-3-8,4* 2 1 6 4 3*,6,1.0,False,control>lesion
16216,9-1-0-5-4-3,4* 2 1 6 5 4,6,1.0,False,control>lesion
16217,9-1-0-8-1-0,4* 2 1 3* 2 1,6,1.0,False,control>lesion
16218,9-1-0-8-1-3,4* 2 1 3* 2 4,6,1.0,False,control>lesion
16219,9-1-0-8-1-8,4* 2 1 3* 2 3*,6,1.0,False,lesion>control
16220,9-1-0-8-9-4,4* 2 1 3* 4* 5,6,1.0,False,lesion>control
16221,9-1-3-1-0-3,4* 2 4 2 1 4,6,1.0,False,lesion>control
16222,9-1-3-1-3-4,4* 2 4 2 4 5,6,1.0,False,lesion>control
16223,9-1-3-1-5-8,4* 2 4 2 6 3*,6,1.0,False,lesion>control
16224,9-1-3-4-1-3,4* 2 4 5 2 4,6,1.0,False,control>lesion
16225,9-1-3-4-8-7,4* 2 4 5 3* 2*,6,1.0,False,lesion>control
16226,9-1-3-5-3-0,4* 2 4 6 4 1,6,1.0,False,control>lesion
16227,9-1-3-5-8-7,4* 2 4 6 3* 2*,6,1.0,False,lesion>control
16228,9-1-3-8-0-5,4* 2 4 3* 1 6,6,1.0,False,lesion>control
16229,9-1-3-8-3-7,4* 2 4 3* 4 2*,6,1.0,False,lesion>control
16230,9-1-3-8-7-3,4* 2 4 3* 2* 4,6,1.0,False,lesion>control
16231,9-1-4-8-1-8,4* 2 5 3* 2 3*,6,1.0,False,control>lesion
16232,9-1-5-1-3-5,4* 2 6 2 4 6,6,1.0,False,lesion>control
16233,9-1-5-1-3-8,4* 2 6 2 4 3*,6,1.0,False,lesion>control
16234,9-1-5-8-0-2,4* 2 6 3* 1 3,6,1.0,False,lesion>control
16235,9-1-5-8-0-9,4* 2 6 3* 1 4*,6,1.0,False,control>lesion
16236,9-1-8-0-1-8,4* 2 3* 1 2 3*,6,1.0,False,lesion>control
16237,9-1-8-0-8-5,4* 2 3* 1 3* 6,6,1.0,False,lesion>control
16238,9-1-8-1-0-3,4* 2 3* 2 1 4,6,1.0,False,lesion>control
16239,9-1-8-1-0-8,4* 2 3* 2 1 3*,6,1.0,False,control>lesion
16240,9-1-8-1-5-8,4* 2 3* 2 6 3*,6,1.0,False,control>lesion
16241,9-1-8-1-8-5,4* 2 3* 2 3* 6,6,1.0,False,lesion>control
16242,9-1-8-1-8-7,4* 2 3* 2 3* 2*,6,1.0,False,control>lesion
16243,9-1-8-3-1-8,4* 2 3* 4 2 3*,6,1.0,False,control>lesion
16244,9-1-8-3-2-7,4* 2 3* 4 3 2*,6,1.0,False,control>lesion
16245,9-1-8-4-5-1,4* 2 3* 5 6 2,6,1.0,False,lesion>control
16246,9-1-8-5-4-1,4* 2 3* 6 5 2,6,1.0,False,control>lesion
16247,9-1-8-5-4-3,4* 2 3* 6 5 4,6,1.0,False,control>lesion
16248,9-1-8-5-8-7,4* 2 3* 6 3* 2*,6,1.0,False,lesion>control
16249,9-1-8-9-1-3,4* 2 3* 4* 2 4,6,1.0,False,lesion>control
16250,9-1-8-9-4-3,4* 2 3* 4* 5 4,6,1.0,False,control>lesion
16251,9-1-8-9-4-8,4* 2 3* 4* 5 3*,6,1.0,False,lesion>control
16252,9-1-8-9-5-8,4* 2 3* 4* 6 3*,6,1.0,False,lesion>control
16253,9-1-8-9-8-0,4* 2 3* 4* 3* 1,6,1.0,False,lesion>control
16254,9-2-1-0-2-3,4* 3 2 1 3 4,6,1.0,False,lesion>control
16255,9-2-1-3-2-1,4* 3 2 4 3 2,6,1.0,False,lesion>control
16256,9-2-8-7-8-1,4* 3 3* 2* 3* 2,6,1.0,False,control>lesion
16257,9-3-0-1-3-4,4* 4 1 2 4 5,6,1.0,False,lesion>control
16258,9-3-0-1-3-8,4* 4 1 2 4 3*,6,1.0,False,lesion>control
16259,9-3-0-1-8-4,4* 4 1 2 3* 5,6,1.0,False,control>lesion
16260,9-3-0-8-4-8,4* 4 1 3* 5 3*,6,1.0,False,control>lesion
16261,9-3-1-0-8-9,4* 4 2 1 3* 4*,6,1.0,False,control>lesion
16262,9-3-1-8-1-0,4* 4 2 3* 2 1,6,1.0,False,control>lesion
16263,9-3-1-8-5-9,4* 4 2 3* 6 4*,6,1.0,False,control>lesion
16264,9-3-1-8-9-5,4* 4 2 3* 4* 6,6,1.0,False,lesion>control
16265,9-3-4-0-3-8,4* 4 5 1 4 3*,6,1.0,False,lesion>control
16266,9-3-4-3-8-3,4* 4 5 4 3* 4,6,1.0,False,control>lesion
16267,9-3-4-5-0-1,4* 4 5 6 1 2,6,1.0,False,control>lesion
16268,9-3-4-5-3-8,4* 4 5 6 4 3*,6,1.0,False,lesion>control
16269,9-3-4-5-4-3,4* 4 5 6 5 4,6,1.0,False,control>lesion
16270,9-3-8-0-1-8,4* 4 3* 1 2 3*,6,1.0,False,control>lesion
16271,9-3-8-3-0-1,4* 4 3* 4 1 2,6,1.0,False,control>lesion
16272,9-3-8-3-4-5,4* 4 3* 4 5 6,6,1.0,False,control>lesion
16273,9-3-8-3-4-8,4* 4 3* 4 5 3*,6,1.0,False,lesion>control
16274,9-3-8-3-8-5,4* 4 3* 4 3* 6,6,1.0,False,control>lesion
16275,9-3-8-5-4-1,4* 4 3* 6 5 2,6,1.0,False,lesion>control
16276,9-3-8-7-0-5,4* 4 3* 2* 1 6,6,1.0,False,control>lesion
16277,9-3-8-7-0-8,4* 4 3* 2* 1 3*,6,1.0,False,control>lesion
16278,9-3-8-7-8-4,4* 4 3* 2* 3* 5,6,1.0,False,control>lesion
16279,9-4-0-1-3-5,4* 5 1 2 4 6,6,1.0,False,lesion>control
16280,9-4-0-5-0-1,4* 5 1 6 1 2,6,1.0,False,lesion>control
16281,9-4-0-8-3-5,4* 5 1 3* 4 6,6,1.0,False,lesion>control
16282,9-4-0-8-3-8,4* 5 1 3* 4 3*,6,1.0,False,control>lesion
16283,9-4-1-0-1-3,4* 5 2 1 2 4,6,1.0,False,lesion>control
16284,9-4-1-3-0-8,4* 5 2 4 1 3*,6,1.0,False,lesion>control
16285,9-4-1-3-4-0,4* 5 2 4 5 1,6,1.0,False,lesion>control
16286,9-4-1-8-9-8,4* 5 2 3* 4* 3*,6,1.0,False,control>lesion
16287,9-4-3-1-8-1,4* 5 4 2 3* 2,6,1.0,False,control>lesion
16288,9-4-3-4-0-1,4* 5 4 5 1 2,6,1.0,False,lesion>control
16289,9-4-3-4-3-4,4* 5 4 5 4 5,6,1.0,False,control>lesion
16290,9-4-3-4-5-1,4* 5 4 5 6 2,6,1.0,False,control>lesion
16291,9-4-3-5-3-8,4* 5 4 6 4 3*,6,1.0,False,control>lesion
16292,9-4-3-8-0-8,4* 5 4 3* 1 3*,6,1.0,False,control>lesion
16293,9-4-3-8-1-2,4* 5 4 3* 2 3,6,1.0,False,lesion>control
16294,9-4-3-8-3-3,4* 5 4 3* 4 4,6,1.0,False,lesion>control
16295,9-4-3-8-4-3,4* 5 4 3* 5 4,6,1.0,False,control>lesion
16296,9-4-3-8-5-8,4* 5 4 3* 6 3*,6,1.0,False,lesion>control
16297,9-4-3-8-7-4,4* 5 4 3* 2* 5,6,1.0,False,lesion>control
16298,9-4-5-0-1-0,4* 5 6 1 2 1,6,1.0,False,control>lesion
16299,9-4-5-0-4-5,4* 5 6 1 5 6,6,1.0,False,lesion>control
16300,9-4-5-1-3-0,4* 5 6 2 4 1,6,1.0,False,control>lesion
16301,9-4-5-3-0-8,4* 5 6 4 1 3*,6,1.0,False,control>lesion
16302,9-4-5-3-1-4,4* 5 6 4 2 5,6,1.0,False,control>lesion
16303,9-4-5-3-1-8,4* 5 6 4 2 3*,6,1.0,False,lesion>control
16304,9-4-5-3-8-0,4* 5 6 4 3* 1,6,1.0,False,control>lesion
16305,9-4-5-4-0-1,4* 5 6 5 1 2,6,1.0,False,control>lesion
16306,9-4-5-4-0-3,4* 5 6 5 1 4,6,1.0,False,control>lesion
16307,9-4-5-4-0-8,4* 5 6 5 1 3*,6,1.0,False,control>lesion
16308,9-4-5-8-0-2,4* 5 6 3* 1 3,6,1.0,False,control>lesion
16309,9-4-5-8-0-7,4* 5 6 3* 1 2*,6,1.0,False,control>lesion
16310,9-4-5-8-3-5,4* 5 6 3* 4 6,6,1.0,False,control>lesion
16311,9-4-5-8-7-3,4* 5 6 3* 2* 4,6,1.0,False,lesion>control
16312,9-4-8-0-2-7,4* 5 3* 1 3 2*,6,1.0,False,control>lesion
16313,9-4-8-0-8-0,4* 5 3* 1 3* 1,6,1.0,False,lesion>control
16314,9-4-8-0-8-3,4* 5 3* 1 3* 4,6,1.0,False,lesion>control
16315,9-4-8-3-0-1,4* 5 3* 4 1 2,6,1.0,False,lesion>control
16316,9-4-8-3-1-3,4* 5 3* 4 2 4,6,1.0,False,lesion>control
16317,9-4-8-3-4-3,4* 5 3* 4 5 4,6,1.0,False,lesion>control
16318,9-4-8-3-8-0,4* 5 3* 4 3* 1,6,1.0,False,control>lesion
16319,9-4-8-4-0-8,4* 5 3* 5 1 3*,6,1.0,False,lesion>control
16320,9-4-8-7-3-1,4* 5 3* 2* 4 2,6,1.0,False,lesion>control
16321,9-4-8-7-3-5,4* 5 3* 2* 4 6,6,1.0,False,control>lesion
16322,9-4-8-7-4-3,4* 5 3* 2* 5 4,6,1.0,False,lesion>control
16323,9-4-8-7-8-4,4* 5 3* 2* 3* 5,6,1.0,False,control>lesion
16324,9-4-8-7-8-5,4* 5 3* 2* 3* 6,6,1.0,False,control>lesion
16325,9-5-0-1-0-4,4* 6 1 2 1 5,6,1.0,False,control>lesion
16326,9-5-0-1-8-4,4* 6 1 2 3* 5,6,1.0,False,control>lesion
16327,9-5-0-1-8-5,4* 6 1 2 3* 6,6,1.0,False,control>lesion
16328,9-5-0-3-8-3,4* 6 1 4 3* 4,6,1.0,False,lesion>control
16329,9-5-0-3-8-7,4* 6 1 4 3* 2*,6,1.0,False,control>lesion
16330,9-5-0-4-1-3,4* 6 1 5 2 4,6,1.0,False,lesion>control
16331,9-5-0-5-0-1,4* 6 1 6 1 2,6,1.0,False,lesion>control
16332,9-5-0-8-3-5,4* 6 1 3* 4 6,6,1.0,False,lesion>control
16333,9-5-0-8-7-0,4* 6 1 3* 2* 1,6,1.0,False,lesion>control
16334,9-5-1-0-1-8,4* 6 2 1 2 3*,6,1.0,False,control>lesion
16335,9-5-1-0-3-4,4* 6 2 1 4 5,6,1.0,False,lesion>control
16336,9-5-1-0-3-5,4* 6 2 1 4 6,6,1.0,False,control>lesion
16337,9-5-1-0-4-1,4* 6 2 1 5 2,6,1.0,False,control>lesion
16338,9-5-1-0-8-9,4* 6 2 1 3* 4*,6,1.0,False,control>lesion
16339,9-5-1-3-5-8,4* 6 2 4 6 3*,6,1.0,False,lesion>control
16340,9-5-1-4-0-5,4* 6 2 5 1 6,6,1.0,False,control>lesion
16341,9-5-3-0-1-3,4* 6 4 1 2 4,6,1.0,False,control>lesion
16342,9-5-3-0-8-3,4* 6 4 1 3* 4,6,1.0,False,control>lesion
16343,9-5-3-1-8-1,4* 6 4 2 3* 2,6,1.0,False,control>lesion
16344,9-5-3-1-8-9,4* 6 4 2 3* 4*,6,1.0,False,lesion>control
16345,9-5-3-4-8-8,4* 6 4 5 3* 3*,6,1.0,False,control>lesion
16346,9-5-3-8-1-3,4* 6 4 3* 2 4,6,1.0,False,control>lesion
16347,9-5-3-8-3-4,4* 6 4 3* 4 5,6,1.0,False,lesion>control
16348,9-5-3-8-7-3,4* 6 4 3* 2* 4,6,1.0,False,control>lesion
16349,9-5-3-8-7-5,4* 6 4 3* 2* 6,6,1.0,False,control>lesion
16350,9-5-4-0-1-8,4* 6 5 1 2 3*,6,1.0,False,control>lesion
16351,9-5-4-1-0-1,4* 6 5 2 1 2,6,1.0,False,lesion>control
16352,9-5-4-3-4-3,4* 6 5 4 5 4,6,1.0,False,control>lesion
16353,9-5-4-3-5-0,4* 6 5 4 6 1,6,1.0,False,control>lesion
16354,9-5-4-3-5-4,4* 6 5 4 6 5,6,1.0,False,control>lesion
16355,9-5-4-3-5-8,4* 6 5 4 6 3*,6,1.0,False,control>lesion
16356,9-5-4-5-0-3,4* 6 5 6 1 4,6,1.0,False,lesion>control
16357,9-5-4-8-0-1,4* 6 5 3* 1 2,6,1.0,False,control>lesion
16358,9-5-4-8-7-3,4* 6 5 3* 2* 4,6,1.0,False,control>lesion
16359,9-5-8-0-7-3,4* 6 3* 1 2* 4,6,1.0,False,control>lesion
16360,9-5-8-0-8-3,4* 6 3* 1 3* 4,6,1.0,False,lesion>control
16361,9-5-8-0-8-7,4* 6 3* 1 3* 2*,6,1.0,False,control>lesion
16362,9-5-8-3-0-1,4* 6 3* 4 1 2,6,1.0,False,control>lesion
16363,9-5-8-3-1-0,4* 6 3* 4 2 1,6,1.0,False,control>lesion
16364,9-5-8-3-8-0,4* 6 3* 4 3* 1,6,1.0,False,control>lesion
16365,9-5-8-3-8-3,4* 6 3* 4 3* 4,6,1.0,False,lesion>control
16366,9-5-8-3-8-4,4* 6 3* 4 3* 5,6,1.0,False,control>lesion
16367,9-5-8-5-2-3,4* 6 3* 6 3 4,6,1.0,False,lesion>control
16368,9-5-8-7-1-8,4* 6 3* 2* 2 3*,6,1.0,False,lesion>control
16369,9-5-8-7-3-4,4* 6 3* 2* 4 5,6,1.0,False,control>lesion
16370,9-5-8-7-3-5,4* 6 3* 2* 4 6,6,1.0,False,lesion>control
16371,9-5-8-7-8-8,4* 6 3* 2* 3* 3*,6,1.0,False,control>lesion
16372,9-5-8-9-5-0,4* 6 3* 4* 6 1,6,1.0,False,lesion>control
16373,9-8-0-1-3-5,4* 3* 1 2 4 6,6,1.0,False,control>lesion
16374,9-8-0-1-3-8,4* 3* 1 2 4 3*,6,1.0,False,lesion>control
16375,9-8-0-1-4-8,4* 3* 1 2 5 3*,6,1.0,False,lesion>control
16376,9-8-0-1-8-5,4* 3* 1 2 3* 6,6,1.0,False,lesion>control
16377,9-8-0-3-8-3,4* 3* 1 4 3* 4,6,1.0,False,lesion>control
16378,9-8-0-4-3-4,4* 3* 1 5 4 5,6,1.0,False,lesion>control
16379,9-8-0-5-0-5,4* 3* 1 6 1 6,6,1.0,False,lesion>control
16380,9-8-0-7-0-8,4* 3* 1 2* 1 3*,6,1.0,False,control>lesion
16381,9-8-0-7-3-5,4* 3* 1 2* 4 6,6,1.0,False,lesion>control
16382,9-8-0-8-3-4,4* 3* 1 3* 4 5,6,1.0,False,control>lesion
16383,9-8-0-8-3-8,4* 3* 1 3* 4 3*,6,1.0,False,control>lesion
16384,9-8-0-8-4-3,4* 3* 1 3* 5 4,6,1.0,False,control>lesion
16385,9-8-0-8-7-8,4* 3* 1 3* 2* 3*,6,1.0,False,control>lesion
16386,9-8-0-8-9-8,4* 3* 1 3* 4* 3*,6,1.0,False,control>lesion
16387,9-8-1-0-2-3,4* 3* 2 1 3 4,6,1.0,False,control>lesion
16388,9-8-1-8-7-8,4* 3* 2 3* 2* 3*,6,1.0,False,control>lesion
16389,9-8-3-0-1-3,4* 3* 4 1 2 4,6,1.0,False,lesion>control
16390,9-8-3-0-1-8,4* 3* 4 1 2 3*,6,1.0,False,control>lesion
16391,9-8-3-0-3-0,4* 3* 4 1 4 1,6,1.0,False,lesion>control
16392,9-8-3-0-3-8,4* 3* 4 1 4 3*,6,1.0,False,lesion>control
16393,9-8-3-0-5-4,4* 3* 4 1 6 5,6,1.0,False,control>lesion
16394,9-8-3-0-8-7,4* 3* 4 1 3* 2*,6,1.0,False,lesion>control
16395,9-8-3-1-0-1,4* 3* 4 2 1 2,6,1.0,False,control>lesion
16396,9-8-3-1-0-4,4* 3* 4 2 1 5,6,1.0,False,control>lesion
16397,9-8-3-1-3-1,4* 3* 4 2 4 2,6,1.0,False,lesion>control
16398,9-8-3-1-5-8,4* 3* 4 2 6 3*,6,1.0,False,lesion>control
16399,9-8-3-1-8-0,4* 3* 4 2 3* 1,6,1.0,False,lesion>control
16400,9-8-3-2-3-2,4* 3* 4 3 4 3,6,1.0,False,lesion>control
16401,9-8-3-2-5-3,4* 3* 4 3 6 4,6,1.0,False,control>lesion
16402,9-8-3-3-5-8,4* 3* 4 4 6 3*,6,1.0,False,control>lesion
16403,9-8-3-4-0-1,4* 3* 4 5 1 2,6,1.0,False,lesion>control
16404,9-8-3-4-0-8,4* 3* 4 5 1 3*,6,1.0,False,lesion>control
16405,9-8-3-4-1-0,4* 3* 4 5 2 1,6,1.0,False,control>lesion
16406,9-8-3-4-3-4,4* 3* 4 5 4 5,6,1.0,False,lesion>control
16407,9-8-3-4-8-9,4* 3* 4 5 3* 4*,6,1.0,False,control>lesion
16408,9-8-3-5-1-0,4* 3* 4 6 2 1,6,1.0,False,control>lesion
16409,9-8-3-5-3-1,4* 3* 4 6 4 2,6,1.0,False,control>lesion
16410,9-8-3-5-4-5,4* 3* 4 6 5 6,6,1.0,False,control>lesion
16411,9-8-3-5-8-3,4* 3* 4 6 3* 4,6,1.0,False,control>lesion
16412,9-8-3-5-8-9,4* 3* 4 6 3* 4*,6,1.0,False,lesion>control
16413,9-8-3-8-0-3,4* 3* 4 3* 1 4,6,1.0,False,control>lesion
16414,9-8-3-8-0-5,4* 3* 4 3* 1 6,6,1.0,False,control>lesion
16415,9-8-3-8-0-7,4* 3* 4 3* 1 2*,6,1.0,False,control>lesion
16416,9-8-3-8-4-2,4* 3* 4 3* 5 3,6,1.0,False,control>lesion
16417,9-8-3-8-4-3,4* 3* 4 3* 5 4,6,1.0,False,lesion>control
16418,9-8-3-8-7-4,4* 3* 4 3* 2* 5,6,1.0,False,lesion>control
16419,9-8-3-8-8-9,4* 3* 4 3* 3* 4*,6,1.0,False,control>lesion
16420,9-8-4-1-8-1,4* 3* 5 2 3* 2,6,1.0,False,lesion>control
16421,9-8-4-2-0-2,4* 3* 5 3 1 3,6,1.0,False,control>lesion
16422,9-8-4-2-0-8,4* 3* 5 3 1 3*,6,1.0,False,control>lesion
16423,9-8-4-2-7-0,4* 3* 5 3 2* 1,6,1.0,False,lesion>control
16424,9-8-4-2-7-3,4* 3* 5 3 2* 4,6,1.0,False,control>lesion
16425,9-8-4-2-7-8,4* 3* 5 3 2* 3*,6,1.0,False,lesion>control
16426,9-8-4-5-4-8,4* 3* 5 6 5 3*,6,1.0,False,control>lesion
16427,9-8-4-8-0-2,4* 3* 5 3* 1 3,6,1.0,False,lesion>control
16428,9-8-5-0-4-5,4* 3* 6 1 5 6,6,1.0,False,control>lesion
16429,9-8-5-2-0-2,4* 3* 6 3 1 3,6,1.0,False,control>lesion
16430,9-8-5-2-0-7,4* 3* 6 3 1 2*,6,1.0,False,control>lesion
16431,9-8-5-2-3-1,4* 3* 6 3 4 2,6,1.0,False,lesion>control
16432,9-8-5-2-5-7,4* 3* 6 3 6 2*,6,1.0,False,lesion>control
16433,9-8-5-2-7-3,4* 3* 6 3 2* 4,6,1.0,False,lesion>control
16434,9-8-5-3-1-8,4* 3* 6 4 2 3*,6,1.0,False,control>lesion
16435,9-8-5-3-8-0,4* 3* 6 4 3* 1,6,1.0,False,control>lesion
16436,9-8-5-4-1-0,4* 3* 6 5 2 1,6,1.0,False,lesion>control
16437,9-8-5-4-3-5,4* 3* 6 5 4 6,6,1.0,False,control>lesion
16438,9-8-5-4-5-3,4* 3* 6 5 6 4,6,1.0,False,control>lesion
16439,9-8-5-4-5-8,4* 3* 6 5 6 3*,6,1.0,False,control>lesion
16440,9-8-5-4-8-4,4* 3* 6 5 3* 5,6,1.0,False,control>lesion
16441,9-8-5-7-0-3,4* 3* 6 2* 1 4,6,1.0,False,lesion>control
16442,9-8-5-7-8-1,4* 3* 6 2* 3* 2,6,1.0,False,lesion>control
16443,9-8-5-7-8-9,4* 3* 6 2* 3* 4*,6,1.0,False,control>lesion
16444,9-8-5-8-0-1,4* 3* 6 3* 1 2,6,1.0,False,lesion>control
16445,9-8-5-8-0-3,4* 3* 6 3* 1 4,6,1.0,False,control>lesion
16446,9-8-5-8-5-2,4* 3* 6 3* 6 3,6,1.0,False,lesion>control
16447,9-8-5-8-7-4,4* 3* 6 3* 2* 5,6,1.0,False,lesion>control
16448,9-8-5-8-9-8,4* 3* 6 3* 4* 3*,6,1.0,False,lesion>control
16449,9-8-7-0-3-1,4* 3* 2* 1 4 2,6,1.0,False,lesion>control
16450,9-8-7-0-4-1,4* 3* 2* 1 5 2,6,1.0,False,control>lesion
16451,9-8-7-0-4-3,4* 3* 2* 1 5 4,6,1.0,False,control>lesion
16452,9-8-7-0-8-4,4* 3* 2* 1 3* 5,6,1.0,False,control>lesion
16453,9-8-7-1-0-8,4* 3* 2* 2 1 3*,6,1.0,False,control>lesion
16454,9-8-7-1-3-4,4* 3* 2* 2 4 5,6,1.0,False,lesion>control
16455,9-8-7-1-5-8,4* 3* 2* 2 6 3*,6,1.0,False,control>lesion
16456,9-8-7-1-8-9,4* 3* 2* 2 3* 4*,6,1.0,False,control>lesion
16457,9-8-7-3-4-5,4* 3* 2* 4 5 6,6,1.0,False,lesion>control
16458,9-8-7-3-5-8,4* 3* 2* 4 6 3*,6,1.0,False,lesion>control
16459,9-8-7-4-0-1,4* 3* 2* 5 1 2,6,1.0,False,control>lesion
16460,9-8-7-4-1-8,4* 3* 2* 5 2 3*,6,1.0,False,control>lesion
16461,9-8-7-4-3-8,4* 3* 2* 5 4 3*,6,1.0,False,lesion>control
16462,9-8-7-4-5-1,4* 3* 2* 5 6 2,6,1.0,False,lesion>control
16463,9-8-7-4-8-0,4* 3* 2* 5 3* 1,6,1.0,False,lesion>control
16464,9-8-7-4-8-7,4* 3* 2* 5 3* 2*,6,1.0,False,control>lesion
16465,9-8-7-5-3-8,4* 3* 2* 6 4 3*,6,1.0,False,lesion>control
16466,9-8-7-5-8-0,4* 3* 2* 6 3* 1,6,1.0,False,control>lesion
16467,9-8-7-5-8-9,4* 3* 2* 6 3* 4*,6,1.0,False,lesion>control
16468,9-8-7-8-0-3,4* 3* 2* 3* 1 4,6,1.0,False,control>lesion
16469,9-8-7-8-0-5,4* 3* 2* 3* 1 6,6,1.0,False,lesion>control
16470,9-8-7-8-0-8,4* 3* 2* 3* 1 3*,6,1.0,False,control>lesion
16471,9-8-7-8-0-9,4* 3* 2* 3* 1 4*,6,1.0,False,control>lesion
16472,9-8-7-8-1-4,4* 3* 2* 3* 2 5,6,1.0,False,lesion>control
16473,9-8-7-8-1-9,4* 3* 2* 3* 2 4*,6,1.0,False,control>lesion
16474,9-8-7-8-5-7,4* 3* 2* 3* 6 2*,6,1.0,False,lesion>control
16475,9-8-7-8-7-5,4* 3* 2* 3* 2* 6,6,1.0,False,lesion>control
16476,9-8-7-8-8-9,4* 3* 2* 3* 3* 4*,6,1.0,False,control>lesion
16477,9-8-7-8-9-0,4* 3* 2* 3* 4* 1,6,1.0,False,control>lesion
16478,9-8-7-8-9-2,4* 3* 2* 3* 4* 3,6,1.0,False,control>lesion
16479,9-8-8-7-8-1,4* 3* 3* 2* 3* 2,6,1.0,False,lesion>control
16480,9-8-8-9-4-5,4* 3* 3* 4* 5 6,6,1.0,False,control>lesion
16481,9-8-9-1-8-9,4* 3* 4* 2 3* 4*,6,1.0,False,lesion>control
16482,9-8-9-4-5-4,4* 3* 4* 5 6 5,6,1.0,False,control>lesion
16483,9-8-9-4-5-8,4* 3* 4* 5 6 3*,6,1.0,False,control>lesion
